/* INSERT Statements For: Service */
INSERT INTO Service (serviceID, serviceName, serviceDesc)
Values (1, 'Basic Tune', 'Our basic tune-up will make sure your bike is in good condition and performing crisply. Ideal for refreshing your bike after it has seen some wear or some storage. ');
INSERT INTO Service (serviceID, serviceName, serviceDesc)
Values (2, 'Annual Tune-Up', 'Our annual tune-up gives your bike the thorough checkup it needs to be ready to go for another year of daily service.');
INSERT INTO Service (serviceID, serviceName, serviceDesc)
Values (3, 'Enthusiast Tune-Up ', 'Our enthusiast tune is for the bike that has seen some miles! This package is for the rider who spends a lot of time on their bike, and expects it to be there for them');
INSERT INTO Service (serviceID, serviceName, serviceDesc)
Values (4, 'The Overhaul', 'Our most thorough service offering. Your bike with new cables and housing, after all components are meticulously cleaned, re-lubricated and prepped, and any necessary frame alterations are made.');
INSERT INTO Service (serviceID, serviceName, serviceDesc)
Values (5, 'Brake Adjustment', NULL);
INSERT INTO Service (serviceID, serviceName, serviceDesc)
Values (6, 'Brake Install', NULL);
INSERT INTO Service (serviceID, serviceName, serviceDesc)
Values (7, 'Brake Overhaul', NULL);
INSERT INTO Service (serviceID, serviceName, serviceDesc)
Values (8, 'Cassette Install/Remove', NULL);
INSERT INTO Service (serviceID, serviceName, serviceDesc)
Values (9, 'Chain Install', NULL);
INSERT INTO Service (serviceID, serviceName, serviceDesc)
Values (10, 'Crankset Install', NULL);
INSERT INTO Service (serviceID, serviceName, serviceDesc)
Values (11, 'Derailleur Cable Install', NULL);
INSERT INTO Service (serviceID, serviceName, serviceDesc)
Values (12, 'Derailleur Adjust', NULL);
INSERT INTO Service (serviceID, serviceName, serviceDesc)
Values (13, 'Derailleur Install', NULL);
INSERT INTO Service (serviceID, serviceName, serviceDesc)
Values (14, 'Derailleur Hanger Install', NULL);
INSERT INTO Service (serviceID, serviceName, serviceDesc)
Values (15, 'Pedals Install', NULL);
INSERT INTO Service (serviceID, serviceName, serviceDesc)
Values (16, 'Pedals & Cleat Install', NULL);
INSERT INTO Service (serviceID, serviceName, serviceDesc)
Values (17, 'Toe Clip Install', NULL);
INSERT INTO Service (serviceID, serviceName, serviceDesc)
Values (18, 'Fork Install', NULL);
INSERT INTO Service (serviceID, serviceName, serviceDesc)
Values (19, 'Assemble Bike', NULL);
INSERT INTO Service (serviceID, serviceName, serviceDesc)
Values (20, 'Build Up From Frame ', NULL);

/* INSERT Statements For: EmployeeRole */
INSERT INTO EmployeeRole (empRoleID, empRoleName, empRoleDesc)
Values (101, 'Store Owner', 'Owner of  Store');
INSERT INTO EmployeeRole (empRoleID, empRoleName, empRoleDesc)
Values (102, 'Manager', 'Manager incharge of store operations');
INSERT INTO EmployeeRole (empRoleID, empRoleName, empRoleDesc)
Values (103, 'Bike  Mechanic', 'Builds, repairs, and informs customers on bike components');
INSERT INTO EmployeeRole (empRoleID, empRoleName, empRoleDesc)
Values (104, 'Associate', 'Sales store items');
INSERT INTO EmployeeRole (empRoleID, empRoleName, empRoleDesc)
Values (105, 'Service Associate', 'Assist customers in sizing and other questions');
INSERT INTO EmployeeRole (empRoleID, empRoleName, empRoleDesc)
Values (106, 'Fitting Expert', 'Works with customers to identify the optimal size for every component of the bike');
INSERT INTO EmployeeRole (empRoleID, empRoleName, empRoleDesc)
Values (107, 'Class Instructor', 'Teach classes if offered by that location');
INSERT INTO EmployeeRole (empRoleID, empRoleName, empRoleDesc)
Values (108, 'Volunteer', 'Anyone not on payroll assisting in store operations');

/* INSERT Statements For: State */
INSERT INTO State (stateID, stateName)
Values (1, 'Alabama');
INSERT INTO State (stateID, stateName)
Values (2, 'Alaska');
INSERT INTO State (stateID, stateName)
Values (3, 'Arizona');
INSERT INTO State (stateID, stateName)
Values (4, 'Arkansas');
INSERT INTO State (stateID, stateName)
Values (5, 'California');
INSERT INTO State (stateID, stateName)
Values (6, 'Colorado');
INSERT INTO State (stateID, stateName)
Values (7, 'Connecticut');
INSERT INTO State (stateID, stateName)
Values (8, 'Delaware');
INSERT INTO State (stateID, stateName)
Values (9, 'Florida');
INSERT INTO State (stateID, stateName)
Values (10, 'Georgia');
INSERT INTO State (stateID, stateName)
Values (11, 'Hawaii');
INSERT INTO State (stateID, stateName)
Values (12, 'Idaho');
INSERT INTO State (stateID, stateName)
Values (13, 'Illinois');
INSERT INTO State (stateID, stateName)
Values (14, 'Indiana');
INSERT INTO State (stateID, stateName)
Values (15, 'Iowa');
INSERT INTO State (stateID, stateName)
Values (16, 'Kansas');
INSERT INTO State (stateID, stateName)
Values (17, 'Kentucky');
INSERT INTO State (stateID, stateName)
Values (18, 'Louisiana');
INSERT INTO State (stateID, stateName)
Values (19, 'Maine');
INSERT INTO State (stateID, stateName)
Values (20, 'Maryland');
INSERT INTO State (stateID, stateName)
Values (21, 'Massachusetts');
INSERT INTO State (stateID, stateName)
Values (22, 'Michigan');
INSERT INTO State (stateID, stateName)
Values (23, 'Minnesota');
INSERT INTO State (stateID, stateName)
Values (24, 'Mississippi');
INSERT INTO State (stateID, stateName)
Values (25, 'Missouri');
INSERT INTO State (stateID, stateName)
Values (26, 'Montana');
INSERT INTO State (stateID, stateName)
Values (27, 'Nebraska');
INSERT INTO State (stateID, stateName)
Values (28, 'Nevada');
INSERT INTO State (stateID, stateName)
Values (29, 'New Hampshire');
INSERT INTO State (stateID, stateName)
Values (30, 'New Jersey');
INSERT INTO State (stateID, stateName)
Values (31, 'New Mexico');
INSERT INTO State (stateID, stateName)
Values (32, 'New York');
INSERT INTO State (stateID, stateName)
Values (33, 'North Carolina');
INSERT INTO State (stateID, stateName)
Values (34, 'North Dakota');
INSERT INTO State (stateID, stateName)
Values (35, 'Ohio');
INSERT INTO State (stateID, stateName)
Values (36, 'Oklahoma');
INSERT INTO State (stateID, stateName)
Values (37, 'Oregon');
INSERT INTO State (stateID, stateName)
Values (38, 'Pennsylvania');
INSERT INTO State (stateID, stateName)
Values (39, 'Rhode Island');
INSERT INTO State (stateID, stateName)
Values (40, 'South Carolina');
INSERT INTO State (stateID, stateName)
Values (41, 'South Dakota');
INSERT INTO State (stateID, stateName)
Values (42, 'Tennessee');
INSERT INTO State (stateID, stateName)
Values (43, 'Texas');
INSERT INTO State (stateID, stateName)
Values (44, 'Utah');
INSERT INTO State (stateID, stateName)
Values (45, 'Vermont');
INSERT INTO State (stateID, stateName)
Values (46, 'Virginia');
INSERT INTO State (stateID, stateName)
Values (47, 'Washington');
INSERT INTO State (stateID, stateName)
Values (48, 'West Virginia');
INSERT INTO State (stateID, stateName)
Values (49, 'Wisconsin');
INSERT INTO State (stateID, stateName)
Values (50, 'Wyoming');
INSERT INTO State (stateID, stateName)
Values (51, 'Washington DC');


/* INSERT Statements For: City */
INSERT INTO City (cityID, cityName, stateID)
Values (2001, 'Absecon', 30);
INSERT INTO City (cityID, cityName, stateID)
Values (2002, 'Adelphia', 30);
INSERT INTO City (cityID, cityName, stateID)
Values (2003, 'Aberdeen', 30);
INSERT INTO City (cityID, cityName, stateID)
Values (2004, 'Allamuchy', 30);
INSERT INTO City (cityID, cityName, stateID)
Values (2005, 'Allendale', 30);
INSERT INTO City (cityID, cityName, stateID)
Values (2006, 'Allenhurst', 30);
INSERT INTO City (cityID, cityName, stateID)
Values (2007, 'Allentown', 30);
INSERT INTO City (cityID, cityName, stateID)
Values (2008, 'Allenwood', 30);
INSERT INTO City (cityID, cityName, stateID)
Values (2009, 'Alloway', 30);
INSERT INTO City (cityID, cityName, stateID)
Values (2010, 'Alpine', 30);
INSERT INTO City (cityID, cityName, stateID)
Values (2011, 'Andover', 30);
INSERT INTO City (cityID, cityName, stateID)
Values (2012, 'Annandale', 30);
INSERT INTO City (cityID, cityName, stateID)
Values (2013, 'Asbury', 30);
INSERT INTO City (cityID, cityName, stateID)
Values (2014, 'Asbury Park', 30);
INSERT INTO City (cityID, cityName, stateID)
Values (2015, 'Atco', 30);
INSERT INTO City (cityID, cityName, stateID)
Values (2016, 'Atlantic City', 30);
INSERT INTO City (cityID, cityName, stateID)
Values (2017, 'Atlantic Highlands', 30);
INSERT INTO City (cityID, cityName, stateID)
Values (2018, 'Audubon', 30);
INSERT INTO City (cityID, cityName, stateID)
Values (2019, 'Augusta', 30);
INSERT INTO City (cityID, cityName, stateID)
Values (2020, 'Avalon', 30);
INSERT INTO City (cityID, cityName, stateID)
Values (2021, 'Avenel', 30);
INSERT INTO City (cityID, cityName, stateID)
Values (2022, 'Avon By The Sea', 30);
INSERT INTO City (cityID, cityName, stateID)
Values (2023, 'Baptistown', 30);
INSERT INTO City (cityID, cityName, stateID)
Values (2024, 'Barnegat', 30);
INSERT INTO City (cityID, cityName, stateID)
Values (2025, 'Barnegat Light', 30);
INSERT INTO City (cityID, cityName, stateID)
Values (2026, 'Barrington', 30);
INSERT INTO City (cityID, cityName, stateID)
Values (2027, 'Basking Ridge', 30);
INSERT INTO City (cityID, cityName, stateID)
Values (2028, 'Bayonne', 30);
INSERT INTO City (cityID, cityName, stateID)
Values (2029, 'Bayville', 30);
INSERT INTO City (cityID, cityName, stateID)
Values (2030, 'Beach Haven', 30);
INSERT INTO City (cityID, cityName, stateID)
Values (2031, 'Beachwood', 30);
INSERT INTO City (cityID, cityName, stateID)
Values (2032, 'Bedminster', 30);
INSERT INTO City (cityID, cityName, stateID)
Values (2033, 'Belford', 30);
INSERT INTO City (cityID, cityName, stateID)
Values (2034, 'Belle Mead', 30);
INSERT INTO City (cityID, cityName, stateID)
Values (2035, 'Belleville', 30);
INSERT INTO City (cityID, cityName, stateID)
Values (2036, 'Bellmawr', 30);
INSERT INTO City (cityID, cityName, stateID)
Values (2037, 'Belmar', 30);
INSERT INTO City (cityID, cityName, stateID)
Values (2038, 'Belvidere', 30);
INSERT INTO City (cityID, cityName, stateID)
Values (2039, 'Bergenfield', 30);
INSERT INTO City (cityID, cityName, stateID)
Values (2040, 'Berkeley Heights', 30);
INSERT INTO City (cityID, cityName, stateID)
Values (2041, 'Berlin', 30);
INSERT INTO City (cityID, cityName, stateID)
Values (2042, 'Bernardsville', 30);
INSERT INTO City (cityID, cityName, stateID)
Values (2043, 'Beverly', 30);
INSERT INTO City (cityID, cityName, stateID)
Values (2044, 'Birmingham', 30);
INSERT INTO City (cityID, cityName, stateID)
Values (2045, 'Blackwood', 30);
INSERT INTO City (cityID, cityName, stateID)
Values (2046, 'Blairstown', 30);
INSERT INTO City (cityID, cityName, stateID)
Values (2047, 'Blawenburg', 30);
INSERT INTO City (cityID, cityName, stateID)
Values (2048, 'Bloomfield', 30);
INSERT INTO City (cityID, cityName, stateID)
Values (2049, 'Bloomingdale', 30);
INSERT INTO City (cityID, cityName, stateID)
Values (2050, 'Bloomsbury', 30);
INSERT INTO City (cityID, cityName, stateID)
Values (2051, 'Bogota', 30);
INSERT INTO City (cityID, cityName, stateID)
Values (2052, 'Boonton', 30);
INSERT INTO City (cityID, cityName, stateID)
Values (2053, 'Bordentown', 30);
INSERT INTO City (cityID, cityName, stateID)
Values (2054, 'Bound Brook', 30);
INSERT INTO City (cityID, cityName, stateID)
Values (2055, 'Bradley Beach', 30);
INSERT INTO City (cityID, cityName, stateID)
Values (2056, 'Branchville', 30);
INSERT INTO City (cityID, cityName, stateID)
Values (2057, 'Brick', 30);
INSERT INTO City (cityID, cityName, stateID)
Values (2058, 'Bridgeport', 30);
INSERT INTO City (cityID, cityName, stateID)
Values (2059, 'Bridgeton', 30);
INSERT INTO City (cityID, cityName, stateID)
Values (2060, 'Bridgewater', 30);
INSERT INTO City (cityID, cityName, stateID)
Values (2061, 'Brielle', 30);
INSERT INTO City (cityID, cityName, stateID)
Values (2062, 'Brigantine', 30);
INSERT INTO City (cityID, cityName, stateID)
Values (2063, 'Broadway', 30);
INSERT INTO City (cityID, cityName, stateID)
Values (2064, 'Brookside', 30);
INSERT INTO City (cityID, cityName, stateID)
Values (2065, 'Browns Mills', 30);
INSERT INTO City (cityID, cityName, stateID)
Values (2066, 'Budd Lake', 30);
INSERT INTO City (cityID, cityName, stateID)
Values (2067, 'Buena', 30);
INSERT INTO City (cityID, cityName, stateID)
Values (2068, 'Burlington', 30);
INSERT INTO City (cityID, cityName, stateID)
Values (2069, 'Butler', 30);
INSERT INTO City (cityID, cityName, stateID)
Values (2070, 'Buttzville', 30);
INSERT INTO City (cityID, cityName, stateID)
Values (2071, 'Caldwell', 30);
INSERT INTO City (cityID, cityName, stateID)
Values (2072, 'Califon', 30);
INSERT INTO City (cityID, cityName, stateID)
Values (2073, 'Camden', 30);
INSERT INTO City (cityID, cityName, stateID)
Values (2074, 'Cape May', 30);
INSERT INTO City (cityID, cityName, stateID)
Values (2075, 'Cape May Court House', 30);
INSERT INTO City (cityID, cityName, stateID)
Values (2076, 'Cape May Point', 30);
INSERT INTO City (cityID, cityName, stateID)
Values (2077, 'Carlstadt', 30);
INSERT INTO City (cityID, cityName, stateID)
Values (2078, 'Carteret', 30);
INSERT INTO City (cityID, cityName, stateID)
Values (2079, 'Cedar Brook', 30);
INSERT INTO City (cityID, cityName, stateID)
Values (2080, 'Cedar Grove', 30);
INSERT INTO City (cityID, cityName, stateID)
Values (2081, 'Cedar Knolls', 30);
INSERT INTO City (cityID, cityName, stateID)
Values (2082, 'Cedarville', 30);
INSERT INTO City (cityID, cityName, stateID)
Values (2083, 'Changewater', 30);
INSERT INTO City (cityID, cityName, stateID)
Values (2084, 'Chatham', 30);
INSERT INTO City (cityID, cityName, stateID)
Values (2085, 'Chatsworth', 30);
INSERT INTO City (cityID, cityName, stateID)
Values (2086, 'Cherry Hill', 30);
INSERT INTO City (cityID, cityName, stateID)
Values (2087, 'Chester', 30);
INSERT INTO City (cityID, cityName, stateID)
Values (2088, 'Chesterfield', 30);
INSERT INTO City (cityID, cityName, stateID)
Values (2089, 'Clark', 30);
INSERT INTO City (cityID, cityName, stateID)
Values (2090, 'Clarksboro', 30);
INSERT INTO City (cityID, cityName, stateID)
Values (2091, 'Clayton', 30);
INSERT INTO City (cityID, cityName, stateID)
Values (2092, 'Clementon', 30);
INSERT INTO City (cityID, cityName, stateID)
Values (2093, 'Cliffside Park', 30);
INSERT INTO City (cityID, cityName, stateID)
Values (2094, 'Cliffwood', 30);
INSERT INTO City (cityID, cityName, stateID)
Values (2095, 'Clifton', 30);
INSERT INTO City (cityID, cityName, stateID)
Values (2096, 'Clinton', 30);
INSERT INTO City (cityID, cityName, stateID)
Values (2097, 'Closter', 30);
INSERT INTO City (cityID, cityName, stateID)
Values (2098, 'Cologne', 30);
INSERT INTO City (cityID, cityName, stateID)
Values (2099, 'Colonia', 30);
INSERT INTO City (cityID, cityName, stateID)
Values (2100, 'Colts Neck', 30);
INSERT INTO City (cityID, cityName, stateID)
Values (2101, 'Columbia', 30);
INSERT INTO City (cityID, cityName, stateID)
Values (2102, 'Columbus', 30);
INSERT INTO City (cityID, cityName, stateID)
Values (2103, 'Cookstown', 30);
INSERT INTO City (cityID, cityName, stateID)
Values (2104, 'Cranbury', 30);
INSERT INTO City (cityID, cityName, stateID)
Values (2105, 'Cranford', 30);
INSERT INTO City (cityID, cityName, stateID)
Values (2106, 'Cream Ridge', 30);
INSERT INTO City (cityID, cityName, stateID)
Values (2107, 'Cresskill', 30);
INSERT INTO City (cityID, cityName, stateID)
Values (2108, 'Dayton', 30);
INSERT INTO City (cityID, cityName, stateID)
Values (2109, 'Deal', 30);
INSERT INTO City (cityID, cityName, stateID)
Values (2110, 'Deepwater', 30);
INSERT INTO City (cityID, cityName, stateID)
Values (2111, 'Deerfield Street', 30);
INSERT INTO City (cityID, cityName, stateID)
Values (2112, 'Delaware', 30);
INSERT INTO City (cityID, cityName, stateID)
Values (2113, 'Delmont', 30);
INSERT INTO City (cityID, cityName, stateID)
Values (2114, 'Delran', 30);
INSERT INTO City (cityID, cityName, stateID)
Values (2115, 'Demarest', 30);
INSERT INTO City (cityID, cityName, stateID)
Values (2116, 'Dennisville', 30);
INSERT INTO City (cityID, cityName, stateID)
Values (2117, 'Denville', 30);
INSERT INTO City (cityID, cityName, stateID)
Values (2118, 'Dividing Creek', 30);
INSERT INTO City (cityID, cityName, stateID)
Values (2119, 'Dorchester', 30);
INSERT INTO City (cityID, cityName, stateID)
Values (2120, 'Dorothy', 30);
INSERT INTO City (cityID, cityName, stateID)
Values (2121, 'Dover', 30);
INSERT INTO City (cityID, cityName, stateID)
Values (2122, 'Dumont', 30);
INSERT INTO City (cityID, cityName, stateID)
Values (2123, 'Dunellen', 30);
INSERT INTO City (cityID, cityName, stateID)
Values (2124, 'East Brunswick', 30);
INSERT INTO City (cityID, cityName, stateID)
Values (2125, 'East Hanover', 30);
INSERT INTO City (cityID, cityName, stateID)
Values (2126, 'East Orange', 30);
INSERT INTO City (cityID, cityName, stateID)
Values (2127, 'East Rutherford', 30);
INSERT INTO City (cityID, cityName, stateID)
Values (2128, 'Eatontown', 30);
INSERT INTO City (cityID, cityName, stateID)
Values (2129, 'Edgewater', 30);
INSERT INTO City (cityID, cityName, stateID)
Values (2130, 'Edison', 30);
INSERT INTO City (cityID, cityName, stateID)
Values (2131, 'Egg Harbor City', 30);
INSERT INTO City (cityID, cityName, stateID)
Values (2132, 'Egg Harbor Township', 30);
INSERT INTO City (cityID, cityName, stateID)
Values (2133, 'Elizabeth', 30);
INSERT INTO City (cityID, cityName, stateID)
Values (2134, 'Elmer', 30);
INSERT INTO City (cityID, cityName, stateID)
Values (2135, 'Elmwood Park', 30);
INSERT INTO City (cityID, cityName, stateID)
Values (2136, 'Elwood', 30);
INSERT INTO City (cityID, cityName, stateID)
Values (2137, 'Emerson', 30);
INSERT INTO City (cityID, cityName, stateID)
Values (2138, 'Englewood', 30);
INSERT INTO City (cityID, cityName, stateID)
Values (2139, 'Englewood Cliffs', 30);
INSERT INTO City (cityID, cityName, stateID)
Values (2140, 'Englishtown', 30);
INSERT INTO City (cityID, cityName, stateID)
Values (2141, 'Essex Fells', 30);
INSERT INTO City (cityID, cityName, stateID)
Values (2142, 'Estell Manor', 30);
INSERT INTO City (cityID, cityName, stateID)
Values (2143, 'Ewan', 30);
INSERT INTO City (cityID, cityName, stateID)
Values (2144, 'Ewing', 30);
INSERT INTO City (cityID, cityName, stateID)
Values (2145, 'Fair Haven', 30);
INSERT INTO City (cityID, cityName, stateID)
Values (2146, 'Fair Lawn', 30);
INSERT INTO City (cityID, cityName, stateID)
Values (2147, 'Fairfield', 30);
INSERT INTO City (cityID, cityName, stateID)
Values (2148, 'Fairton', 30);
INSERT INTO City (cityID, cityName, stateID)
Values (2149, 'Fairview', 30);
INSERT INTO City (cityID, cityName, stateID)
Values (2150, 'Fanwood', 30);
INSERT INTO City (cityID, cityName, stateID)
Values (2151, 'Far Hills', 30);
INSERT INTO City (cityID, cityName, stateID)
Values (2152, 'Farmingdale', 30);
INSERT INTO City (cityID, cityName, stateID)
Values (2153, 'Flagtown', 30);
INSERT INTO City (cityID, cityName, stateID)
Values (2154, 'Flanders', 30);
INSERT INTO City (cityID, cityName, stateID)
Values (2155, 'Flemington', 30);
INSERT INTO City (cityID, cityName, stateID)
Values (2156, 'Florence', 30);
INSERT INTO City (cityID, cityName, stateID)
Values (2157, 'Florham Park', 30);
INSERT INTO City (cityID, cityName, stateID)
Values (2158, 'Fords', 30);
INSERT INTO City (cityID, cityName, stateID)
Values (2159, 'Forked River', 30);
INSERT INTO City (cityID, cityName, stateID)
Values (2160, 'Fort Dix', 30);
INSERT INTO City (cityID, cityName, stateID)
Values (2161, 'Fort Lee', 30);
INSERT INTO City (cityID, cityName, stateID)
Values (2162, 'Fort Monmouth', 30);
INSERT INTO City (cityID, cityName, stateID)
Values (2163, 'Fortescue', 30);
INSERT INTO City (cityID, cityName, stateID)
Values (2164, 'Franklin', 30);
INSERT INTO City (cityID, cityName, stateID)
Values (2165, 'Franklin Lakes', 30);
INSERT INTO City (cityID, cityName, stateID)
Values (2166, 'Franklin Park', 30);
INSERT INTO City (cityID, cityName, stateID)
Values (2167, 'Franklinville', 30);
INSERT INTO City (cityID, cityName, stateID)
Values (2168, 'Freehold', 30);
INSERT INTO City (cityID, cityName, stateID)
Values (2169, 'Frenchtown', 30);
INSERT INTO City (cityID, cityName, stateID)
Values (2170, 'Garfield', 30);
INSERT INTO City (cityID, cityName, stateID)
Values (2171, 'Garwood', 30);
INSERT INTO City (cityID, cityName, stateID)
Values (2172, 'Gibbsboro', 30);
INSERT INTO City (cityID, cityName, stateID)
Values (2173, 'Gibbstown', 30);
INSERT INTO City (cityID, cityName, stateID)
Values (2174, 'Gillette', 30);
INSERT INTO City (cityID, cityName, stateID)
Values (2175, 'Gladstone', 30);
INSERT INTO City (cityID, cityName, stateID)
Values (2176, 'Glassboro', 30);
INSERT INTO City (cityID, cityName, stateID)
Values (2177, 'Glasser', 30);
INSERT INTO City (cityID, cityName, stateID)
Values (2178, 'Glen Gardner', 30);
INSERT INTO City (cityID, cityName, stateID)
Values (2179, 'Glen Ridge', 30);
INSERT INTO City (cityID, cityName, stateID)
Values (2180, 'Glen Rock', 30);
INSERT INTO City (cityID, cityName, stateID)
Values (2181, 'Glendora', 30);
INSERT INTO City (cityID, cityName, stateID)
Values (2182, 'Glenwood', 30);
INSERT INTO City (cityID, cityName, stateID)
Values (2183, 'Gloucester City', 30);
INSERT INTO City (cityID, cityName, stateID)
Values (2184, 'Goshen', 30);
INSERT INTO City (cityID, cityName, stateID)
Values (2185, 'Great Meadows', 30);
INSERT INTO City (cityID, cityName, stateID)
Values (2186, 'Green Creek', 30);
INSERT INTO City (cityID, cityName, stateID)
Values (2187, 'Green Village', 30);
INSERT INTO City (cityID, cityName, stateID)
Values (2188, 'Greendell', 30);
INSERT INTO City (cityID, cityName, stateID)
Values (2189, 'Greenwich', 30);
INSERT INTO City (cityID, cityName, stateID)
Values (2190, 'Grenloch', 30);
INSERT INTO City (cityID, cityName, stateID)
Values (2191, 'Greystone Park', 30);
INSERT INTO City (cityID, cityName, stateID)
Values (2192, 'Hackensack', 30);
INSERT INTO City (cityID, cityName, stateID)
Values (2193, 'Hackettstown', 30);
INSERT INTO City (cityID, cityName, stateID)
Values (2194, 'Haddon Heights', 30);
INSERT INTO City (cityID, cityName, stateID)
Values (2195, 'Haddon Township', 30);
INSERT INTO City (cityID, cityName, stateID)
Values (2196, 'Haddonfield', 30);
INSERT INTO City (cityID, cityName, stateID)
Values (2197, 'Hainesport', 30);
INSERT INTO City (cityID, cityName, stateID)
Values (2198, 'Haledon', 30);
INSERT INTO City (cityID, cityName, stateID)
Values (2199, 'Hamburg', 30);
INSERT INTO City (cityID, cityName, stateID)
Values (2200, 'Hammonton', 30);
INSERT INTO City (cityID, cityName, stateID)
Values (2201, 'Hampton', 30);
INSERT INTO City (cityID, cityName, stateID)
Values (2202, 'Hancocks Bridge', 30);
INSERT INTO City (cityID, cityName, stateID)
Values (2203, 'Harrington Park', 30);
INSERT INTO City (cityID, cityName, stateID)
Values (2204, 'Harrison', 30);
INSERT INTO City (cityID, cityName, stateID)
Values (2205, 'Harrisonville', 30);
INSERT INTO City (cityID, cityName, stateID)
Values (2206, 'Hasbrouck Heights', 30);
INSERT INTO City (cityID, cityName, stateID)
Values (2207, 'Haskell', 30);
INSERT INTO City (cityID, cityName, stateID)
Values (2208, 'Haworth', 30);
INSERT INTO City (cityID, cityName, stateID)
Values (2209, 'Hawthorne', 30);
INSERT INTO City (cityID, cityName, stateID)
Values (2210, 'Hazlet', 30);
INSERT INTO City (cityID, cityName, stateID)
Values (2211, 'Heislerville', 30);
INSERT INTO City (cityID, cityName, stateID)
Values (2212, 'Helmetta', 30);
INSERT INTO City (cityID, cityName, stateID)
Values (2213, 'Hewitt', 30);
INSERT INTO City (cityID, cityName, stateID)
Values (2214, 'Hibernia', 30);
INSERT INTO City (cityID, cityName, stateID)
Values (2215, 'High Bridge', 30);
INSERT INTO City (cityID, cityName, stateID)
Values (2216, 'Highland Lakes', 30);
INSERT INTO City (cityID, cityName, stateID)
Values (2217, 'Highland Park', 30);
INSERT INTO City (cityID, cityName, stateID)
Values (2218, 'Highlands', 30);
INSERT INTO City (cityID, cityName, stateID)
Values (2219, 'Hightstown', 30);
INSERT INTO City (cityID, cityName, stateID)
Values (2220, 'Hillsborough', 30);
INSERT INTO City (cityID, cityName, stateID)
Values (2221, 'Hillsdale', 30);
INSERT INTO City (cityID, cityName, stateID)
Values (2222, 'Hillside', 30);
INSERT INTO City (cityID, cityName, stateID)
Values (2223, 'Ho Ho Kus', 30);
INSERT INTO City (cityID, cityName, stateID)
Values (2224, 'Hoboken', 30);
INSERT INTO City (cityID, cityName, stateID)
Values (2225, 'Holmdel', 30);
INSERT INTO City (cityID, cityName, stateID)
Values (2226, 'Hopatcong', 30);
INSERT INTO City (cityID, cityName, stateID)
Values (2227, 'Hope', 30);
INSERT INTO City (cityID, cityName, stateID)
Values (2228, 'Hopewell', 30);
INSERT INTO City (cityID, cityName, stateID)
Values (2229, 'Howell', 30);
INSERT INTO City (cityID, cityName, stateID)
Values (2230, 'Imlaystown', 30);
INSERT INTO City (cityID, cityName, stateID)
Values (2231, 'Ironia', 30);
INSERT INTO City (cityID, cityName, stateID)
Values (2232, 'Irvington', 30);
INSERT INTO City (cityID, cityName, stateID)
Values (2233, 'Iselin', 30);
INSERT INTO City (cityID, cityName, stateID)
Values (2234, 'Island Heights', 30);
INSERT INTO City (cityID, cityName, stateID)
Values (2235, 'Jackson', 30);
INSERT INTO City (cityID, cityName, stateID)
Values (2236, 'Jersey City', 30);
INSERT INTO City (cityID, cityName, stateID)
Values (2237, 'Jobstown', 30);
INSERT INTO City (cityID, cityName, stateID)
Values (2238, 'Johnsonburg', 30);
INSERT INTO City (cityID, cityName, stateID)
Values (2239, 'Juliustown', 30);
INSERT INTO City (cityID, cityName, stateID)
Values (2240, 'Keansburg', 30);
INSERT INTO City (cityID, cityName, stateID)
Values (2241, 'Kearny', 30);
INSERT INTO City (cityID, cityName, stateID)
Values (2242, 'Keasbey', 30);
INSERT INTO City (cityID, cityName, stateID)
Values (2243, 'Kendall Park', 30);
INSERT INTO City (cityID, cityName, stateID)
Values (2244, 'Kenilworth', 30);
INSERT INTO City (cityID, cityName, stateID)
Values (2245, 'Kenvil', 30);
INSERT INTO City (cityID, cityName, stateID)
Values (2246, 'Keyport', 30);
INSERT INTO City (cityID, cityName, stateID)
Values (2247, 'Kingston', 30);
INSERT INTO City (cityID, cityName, stateID)
Values (2248, 'Lafayette', 30);
INSERT INTO City (cityID, cityName, stateID)
Values (2249, 'Lake Hiawatha', 30);
INSERT INTO City (cityID, cityName, stateID)
Values (2250, 'Lake Hopatcong', 30);
INSERT INTO City (cityID, cityName, stateID)
Values (2251, 'Lakehurst', 30);
INSERT INTO City (cityID, cityName, stateID)
Values (2252, 'Lakewood', 30);
INSERT INTO City (cityID, cityName, stateID)
Values (2253, 'Lambertville', 30);
INSERT INTO City (cityID, cityName, stateID)
Values (2254, 'Landing', 30);
INSERT INTO City (cityID, cityName, stateID)
Values (2255, 'Landisville', 30);
INSERT INTO City (cityID, cityName, stateID)
Values (2256, 'Lanoka Harbor', 30);
INSERT INTO City (cityID, cityName, stateID)
Values (2257, 'Lavallette', 30);
INSERT INTO City (cityID, cityName, stateID)
Values (2258, 'Lawnside', 30);
INSERT INTO City (cityID, cityName, stateID)
Values (2259, 'Layton', 30);
INSERT INTO City (cityID, cityName, stateID)
Values (2260, 'Lebanon', 30);
INSERT INTO City (cityID, cityName, stateID)
Values (2261, 'Ledgewood', 30);
INSERT INTO City (cityID, cityName, stateID)
Values (2262, 'Leeds Point', 30);
INSERT INTO City (cityID, cityName, stateID)
Values (2263, 'Leesburg', 30);
INSERT INTO City (cityID, cityName, stateID)
Values (2264, 'Leonardo', 30);
INSERT INTO City (cityID, cityName, stateID)
Values (2265, 'Leonia', 30);
INSERT INTO City (cityID, cityName, stateID)
Values (2266, 'Liberty Corner', 30);
INSERT INTO City (cityID, cityName, stateID)
Values (2267, 'Lincoln Park', 30);
INSERT INTO City (cityID, cityName, stateID)
Values (2268, 'Lincroft', 30);
INSERT INTO City (cityID, cityName, stateID)
Values (2269, 'Linden', 30);
INSERT INTO City (cityID, cityName, stateID)
Values (2270, 'Linwood', 30);
INSERT INTO City (cityID, cityName, stateID)
Values (2271, 'Little Egg Harbor Twp', 30);
INSERT INTO City (cityID, cityName, stateID)
Values (2272, 'Little Falls', 30);
INSERT INTO City (cityID, cityName, stateID)
Values (2273, 'Little Ferry', 30);
INSERT INTO City (cityID, cityName, stateID)
Values (2274, 'Little Silver', 30);
INSERT INTO City (cityID, cityName, stateID)
Values (2275, 'Little York', 30);
INSERT INTO City (cityID, cityName, stateID)
Values (2276, 'Livingston', 30);
INSERT INTO City (cityID, cityName, stateID)
Values (2277, 'Lodi', 30);
INSERT INTO City (cityID, cityName, stateID)
Values (2278, 'Long Branch', 30);
INSERT INTO City (cityID, cityName, stateID)
Values (2279, 'Long Valley', 30);
INSERT INTO City (cityID, cityName, stateID)
Values (2280, 'Longport', 30);
INSERT INTO City (cityID, cityName, stateID)
Values (2281, 'Lumberton', 30);
INSERT INTO City (cityID, cityName, stateID)
Values (2282, 'Lyndhurst', 30);
INSERT INTO City (cityID, cityName, stateID)
Values (2283, 'Lyons', 30);
INSERT INTO City (cityID, cityName, stateID)
Values (2284, 'Madison', 30);
INSERT INTO City (cityID, cityName, stateID)
Values (2285, 'Magnolia', 30);
INSERT INTO City (cityID, cityName, stateID)
Values (2286, 'Mahwah', 30);
INSERT INTO City (cityID, cityName, stateID)
Values (2287, 'Malaga', 30);
INSERT INTO City (cityID, cityName, stateID)
Values (2288, 'Manahawkin', 30);
INSERT INTO City (cityID, cityName, stateID)
Values (2289, 'Manasquan', 30);
INSERT INTO City (cityID, cityName, stateID)
Values (2290, 'Manchester Township', 30);
INSERT INTO City (cityID, cityName, stateID)
Values (2291, 'Mantoloking', 30);
INSERT INTO City (cityID, cityName, stateID)
Values (2292, 'Mantua', 30);
INSERT INTO City (cityID, cityName, stateID)
Values (2293, 'Manville', 30);
INSERT INTO City (cityID, cityName, stateID)
Values (2294, 'Maple Shade', 30);
INSERT INTO City (cityID, cityName, stateID)
Values (2295, 'Maplewood', 30);
INSERT INTO City (cityID, cityName, stateID)
Values (2296, 'Margate City', 30);
INSERT INTO City (cityID, cityName, stateID)
Values (2297, 'Marlboro', 30);
INSERT INTO City (cityID, cityName, stateID)
Values (2298, 'Marlton', 30);
INSERT INTO City (cityID, cityName, stateID)
Values (2299, 'Marmora', 30);
INSERT INTO City (cityID, cityName, stateID)
Values (2300, 'Martinsville', 30);
INSERT INTO City (cityID, cityName, stateID)
Values (2301, 'Matawan', 30);
INSERT INTO City (cityID, cityName, stateID)
Values (2302, 'Mauricetown', 30);
INSERT INTO City (cityID, cityName, stateID)
Values (2303, 'Mays Landing', 30);
INSERT INTO City (cityID, cityName, stateID)
Values (2304, 'Maywood', 30);
INSERT INTO City (cityID, cityName, stateID)
Values (2305, 'Mc Afee', 30);
INSERT INTO City (cityID, cityName, stateID)
Values (2306, 'Medford', 30);
INSERT INTO City (cityID, cityName, stateID)
Values (2307, 'Mendham', 30);
INSERT INTO City (cityID, cityName, stateID)
Values (2308, 'Merchantville', 30);
INSERT INTO City (cityID, cityName, stateID)
Values (2309, 'Metuchen', 30);
INSERT INTO City (cityID, cityName, stateID)
Values (2310, 'Mickleton', 30);
INSERT INTO City (cityID, cityName, stateID)
Values (2311, 'Middlesex', 30);
INSERT INTO City (cityID, cityName, stateID)
Values (2312, 'Middletown', 30);
INSERT INTO City (cityID, cityName, stateID)
Values (2313, 'Middleville', 30);
INSERT INTO City (cityID, cityName, stateID)
Values (2314, 'Midland Park', 30);
INSERT INTO City (cityID, cityName, stateID)
Values (2315, 'Milford', 30);
INSERT INTO City (cityID, cityName, stateID)
Values (2316, 'Millburn', 30);
INSERT INTO City (cityID, cityName, stateID)
Values (2317, 'Millington', 30);
INSERT INTO City (cityID, cityName, stateID)
Values (2318, 'Millstone Township', 30);
INSERT INTO City (cityID, cityName, stateID)
Values (2319, 'Milltown', 30);
INSERT INTO City (cityID, cityName, stateID)
Values (2320, 'Millville', 30);
INSERT INTO City (cityID, cityName, stateID)
Values (2321, 'Milmay', 30);
INSERT INTO City (cityID, cityName, stateID)
Values (2322, 'Mine Hill', 30);
INSERT INTO City (cityID, cityName, stateID)
Values (2323, 'Minotola', 30);
INSERT INTO City (cityID, cityName, stateID)
Values (2324, 'Mizpah', 30);
INSERT INTO City (cityID, cityName, stateID)
Values (2325, 'Monmouth Beach', 30);
INSERT INTO City (cityID, cityName, stateID)
Values (2326, 'Monmouth Junction', 30);
INSERT INTO City (cityID, cityName, stateID)
Values (2327, 'Monroe Township', 30);
INSERT INTO City (cityID, cityName, stateID)
Values (2328, 'Monroeville', 30);
INSERT INTO City (cityID, cityName, stateID)
Values (2329, 'Montague', 30);
INSERT INTO City (cityID, cityName, stateID)
Values (2330, 'Montclair', 30);
INSERT INTO City (cityID, cityName, stateID)
Values (2331, 'Montvale', 30);
INSERT INTO City (cityID, cityName, stateID)
Values (2332, 'Montville', 30);
INSERT INTO City (cityID, cityName, stateID)
Values (2333, 'Moonachie', 30);
INSERT INTO City (cityID, cityName, stateID)
Values (2334, 'Moorestown', 30);
INSERT INTO City (cityID, cityName, stateID)
Values (2335, 'Morganville', 30);
INSERT INTO City (cityID, cityName, stateID)
Values (2336, 'Morristown', 30);
INSERT INTO City (cityID, cityName, stateID)
Values (2337, 'Mount Arlington', 30);
INSERT INTO City (cityID, cityName, stateID)
Values (2338, 'Mount Ephraim', 30);
INSERT INTO City (cityID, cityName, stateID)
Values (2339, 'Mount Freedom', 30);
INSERT INTO City (cityID, cityName, stateID)
Values (2340, 'Mount Holly', 30);
INSERT INTO City (cityID, cityName, stateID)
Values (2341, 'Mount Laurel', 30);
INSERT INTO City (cityID, cityName, stateID)
Values (2342, 'Mount Royal', 30);
INSERT INTO City (cityID, cityName, stateID)
Values (2343, 'Mount Tabor', 30);
INSERT INTO City (cityID, cityName, stateID)
Values (2344, 'Mountain Lakes', 30);
INSERT INTO City (cityID, cityName, stateID)
Values (2345, 'Mountainside', 30);
INSERT INTO City (cityID, cityName, stateID)
Values (2346, 'Mullica Hill', 30);
INSERT INTO City (cityID, cityName, stateID)
Values (2347, 'National Park', 30);
INSERT INTO City (cityID, cityName, stateID)
Values (2348, 'Navesink', 30);
INSERT INTO City (cityID, cityName, stateID)
Values (2349, 'Neptune', 30);
INSERT INTO City (cityID, cityName, stateID)
Values (2350, 'Neshanic Station', 30);
INSERT INTO City (cityID, cityName, stateID)
Values (2351, 'Netcong', 30);
INSERT INTO City (cityID, cityName, stateID)
Values (2352, 'New Brunswick', 30);
INSERT INTO City (cityID, cityName, stateID)
Values (2353, 'New Egypt', 30);
INSERT INTO City (cityID, cityName, stateID)
Values (2354, 'New Gretna', 30);
INSERT INTO City (cityID, cityName, stateID)
Values (2355, 'New Lisbon', 30);
INSERT INTO City (cityID, cityName, stateID)
Values (2356, 'New Milford', 30);
INSERT INTO City (cityID, cityName, stateID)
Values (2357, 'New Providence', 30);
INSERT INTO City (cityID, cityName, stateID)
Values (2358, 'New Vernon', 30);
INSERT INTO City (cityID, cityName, stateID)
Values (2359, 'Newark', 30);
INSERT INTO City (cityID, cityName, stateID)
Values (2360, 'Newfield', 30);
INSERT INTO City (cityID, cityName, stateID)
Values (2361, 'Newfoundland', 30);
INSERT INTO City (cityID, cityName, stateID)
Values (2362, 'Newport', 30);
INSERT INTO City (cityID, cityName, stateID)
Values (2363, 'Newton', 30);
INSERT INTO City (cityID, cityName, stateID)
Values (2364, 'Newtonville', 30);
INSERT INTO City (cityID, cityName, stateID)
Values (2365, 'Norma', 30);
INSERT INTO City (cityID, cityName, stateID)
Values (2366, 'Normandy Beach', 30);
INSERT INTO City (cityID, cityName, stateID)
Values (2367, 'North Arlington', 30);
INSERT INTO City (cityID, cityName, stateID)
Values (2368, 'North Bergen', 30);
INSERT INTO City (cityID, cityName, stateID)
Values (2369, 'North Brunswick', 30);
INSERT INTO City (cityID, cityName, stateID)
Values (2370, 'Northfield', 30);
INSERT INTO City (cityID, cityName, stateID)
Values (2371, 'Northvale', 30);
INSERT INTO City (cityID, cityName, stateID)
Values (2372, 'Norwood', 30);
INSERT INTO City (cityID, cityName, stateID)
Values (2373, 'Nutley', 30);
INSERT INTO City (cityID, cityName, stateID)
Values (2374, 'Oak Ridge', 30);
INSERT INTO City (cityID, cityName, stateID)
Values (2375, 'Oakhurst', 30);
INSERT INTO City (cityID, cityName, stateID)
Values (2376, 'Oakland', 30);
INSERT INTO City (cityID, cityName, stateID)
Values (2377, 'Ocean City', 30);
INSERT INTO City (cityID, cityName, stateID)
Values (2378, 'Ocean Gate', 30);
INSERT INTO City (cityID, cityName, stateID)
Values (2379, 'Ocean Grove', 30);
INSERT INTO City (cityID, cityName, stateID)
Values (2380, 'Ocean View', 30);
INSERT INTO City (cityID, cityName, stateID)
Values (2381, 'Oceanport', 30);
INSERT INTO City (cityID, cityName, stateID)
Values (2382, 'Oceanville', 30);
INSERT INTO City (cityID, cityName, stateID)
Values (2383, 'Ogdensburg', 30);
INSERT INTO City (cityID, cityName, stateID)
Values (2384, 'Old Bridge', 30);
INSERT INTO City (cityID, cityName, stateID)
Values (2385, 'Oldwick', 30);
INSERT INTO City (cityID, cityName, stateID)
Values (2386, 'Oradell', 30);
INSERT INTO City (cityID, cityName, stateID)
Values (2387, 'Orange', 30);
INSERT INTO City (cityID, cityName, stateID)
Values (2388, 'Oxford', 30);
INSERT INTO City (cityID, cityName, stateID)
Values (2389, 'Palisades Park', 30);
INSERT INTO City (cityID, cityName, stateID)
Values (2390, 'Palmyra', 30);
INSERT INTO City (cityID, cityName, stateID)
Values (2391, 'Paramus', 30);
INSERT INTO City (cityID, cityName, stateID)
Values (2392, 'Park Ridge', 30);
INSERT INTO City (cityID, cityName, stateID)
Values (2393, 'Parlin', 30);
INSERT INTO City (cityID, cityName, stateID)
Values (2394, 'Parsippany', 30);
INSERT INTO City (cityID, cityName, stateID)
Values (2395, 'Passaic', 30);
INSERT INTO City (cityID, cityName, stateID)
Values (2396, 'Paterson', 30);
INSERT INTO City (cityID, cityName, stateID)
Values (2397, 'Paulsboro', 30);
INSERT INTO City (cityID, cityName, stateID)
Values (2398, 'Peapack', 30);
INSERT INTO City (cityID, cityName, stateID)
Values (2399, 'Pedricktown', 30);
INSERT INTO City (cityID, cityName, stateID)
Values (2400, 'Pemberton', 30);
INSERT INTO City (cityID, cityName, stateID)
Values (2401, 'Pennington', 30);
INSERT INTO City (cityID, cityName, stateID)
Values (2402, 'Penns Grove', 30);
INSERT INTO City (cityID, cityName, stateID)
Values (2403, 'Pennsauken', 30);
INSERT INTO City (cityID, cityName, stateID)
Values (2404, 'Pennsville', 30);
INSERT INTO City (cityID, cityName, stateID)
Values (2405, 'Pequannock', 30);
INSERT INTO City (cityID, cityName, stateID)
Values (2406, 'Perth Amboy', 30);
INSERT INTO City (cityID, cityName, stateID)
Values (2407, 'Phillipsburg', 30);
INSERT INTO City (cityID, cityName, stateID)
Values (2408, 'Picatinny Arsenal', 30);
INSERT INTO City (cityID, cityName, stateID)
Values (2409, 'Pine Beach', 30);
INSERT INTO City (cityID, cityName, stateID)
Values (2410, 'Pine Brook', 30);
INSERT INTO City (cityID, cityName, stateID)
Values (2411, 'Piscataway', 30);
INSERT INTO City (cityID, cityName, stateID)
Values (2412, 'Pitman', 30);
INSERT INTO City (cityID, cityName, stateID)
Values (2413, 'Pittstown', 30);
INSERT INTO City (cityID, cityName, stateID)
Values (2414, 'Plainfield', 30);
INSERT INTO City (cityID, cityName, stateID)
Values (2415, 'Plainsboro', 30);
INSERT INTO City (cityID, cityName, stateID)
Values (2416, 'Pleasantville', 30);
INSERT INTO City (cityID, cityName, stateID)
Values (2417, 'Pluckemin', 30);
INSERT INTO City (cityID, cityName, stateID)
Values (2418, 'Point Pleasant Beach', 30);
INSERT INTO City (cityID, cityName, stateID)
Values (2419, 'Pomona', 30);
INSERT INTO City (cityID, cityName, stateID)
Values (2420, 'Pompton Lakes', 30);
INSERT INTO City (cityID, cityName, stateID)
Values (2421, 'Pompton Plains', 30);
INSERT INTO City (cityID, cityName, stateID)
Values (2422, 'Port Elizabeth', 30);
INSERT INTO City (cityID, cityName, stateID)
Values (2423, 'Port Monmouth', 30);
INSERT INTO City (cityID, cityName, stateID)
Values (2424, 'Port Murray', 30);
INSERT INTO City (cityID, cityName, stateID)
Values (2425, 'Port Norris', 30);
INSERT INTO City (cityID, cityName, stateID)
Values (2426, 'Port Reading', 30);
INSERT INTO City (cityID, cityName, stateID)
Values (2427, 'Port Republic', 30);
INSERT INTO City (cityID, cityName, stateID)
Values (2428, 'Pottersville', 30);
INSERT INTO City (cityID, cityName, stateID)
Values (2429, 'Princeton', 30);
INSERT INTO City (cityID, cityName, stateID)
Values (2430, 'Quakertown', 30);
INSERT INTO City (cityID, cityName, stateID)
Values (2431, 'Quinton', 30);
INSERT INTO City (cityID, cityName, stateID)
Values (2432, 'Rahway', 30);
INSERT INTO City (cityID, cityName, stateID)
Values (2433, 'Ramsey', 30);
INSERT INTO City (cityID, cityName, stateID)
Values (2434, 'Rancocas', 30);
INSERT INTO City (cityID, cityName, stateID)
Values (2435, 'Randolph', 30);
INSERT INTO City (cityID, cityName, stateID)
Values (2436, 'Raritan', 30);
INSERT INTO City (cityID, cityName, stateID)
Values (2437, 'Readington', 30);
INSERT INTO City (cityID, cityName, stateID)
Values (2438, 'Red Bank', 30);
INSERT INTO City (cityID, cityName, stateID)
Values (2439, 'Richland', 30);
INSERT INTO City (cityID, cityName, stateID)
Values (2440, 'Richwood', 30);
INSERT INTO City (cityID, cityName, stateID)
Values (2441, 'Ridgefield', 30);
INSERT INTO City (cityID, cityName, stateID)
Values (2442, 'Ridgefield Park', 30);
INSERT INTO City (cityID, cityName, stateID)
Values (2443, 'Ridgewood', 30);
INSERT INTO City (cityID, cityName, stateID)
Values (2444, 'Ringoes', 30);
INSERT INTO City (cityID, cityName, stateID)
Values (2445, 'Ringwood', 30);
INSERT INTO City (cityID, cityName, stateID)
Values (2446, 'Rio Grande', 30);
INSERT INTO City (cityID, cityName, stateID)
Values (2447, 'River Edge', 30);
INSERT INTO City (cityID, cityName, stateID)
Values (2448, 'Riverdale', 30);
INSERT INTO City (cityID, cityName, stateID)
Values (2449, 'Riverton', 30);
INSERT INTO City (cityID, cityName, stateID)
Values (2450, 'Rochelle Park', 30);
INSERT INTO City (cityID, cityName, stateID)
Values (2451, 'Rockaway', 30);
INSERT INTO City (cityID, cityName, stateID)
Values (2452, 'Rocky Hill', 30);
INSERT INTO City (cityID, cityName, stateID)
Values (2453, 'Roebling', 30);
INSERT INTO City (cityID, cityName, stateID)
Values (2454, 'Roosevelt', 30);
INSERT INTO City (cityID, cityName, stateID)
Values (2455, 'Roseland', 30);
INSERT INTO City (cityID, cityName, stateID)
Values (2456, 'Roselle', 30);
INSERT INTO City (cityID, cityName, stateID)
Values (2457, 'Roselle Park', 30);
INSERT INTO City (cityID, cityName, stateID)
Values (2458, 'Rosemont', 30);
INSERT INTO City (cityID, cityName, stateID)
Values (2459, 'Rosenhayn', 30);
INSERT INTO City (cityID, cityName, stateID)
Values (2460, 'Rumson', 30);
INSERT INTO City (cityID, cityName, stateID)
Values (2461, 'Runnemede', 30);
INSERT INTO City (cityID, cityName, stateID)
Values (2462, 'Rutherford', 30);
INSERT INTO City (cityID, cityName, stateID)
Values (2463, 'Saddle Brook', 30);
INSERT INTO City (cityID, cityName, stateID)
Values (2464, 'Saddle River', 30);
INSERT INTO City (cityID, cityName, stateID)
Values (2465, 'Salem', 30);
INSERT INTO City (cityID, cityName, stateID)
Values (2466, 'Sayreville', 30);
INSERT INTO City (cityID, cityName, stateID)
Values (2467, 'Schooleys Mountain', 30);
INSERT INTO City (cityID, cityName, stateID)
Values (2468, 'Scotch Plains', 30);
INSERT INTO City (cityID, cityName, stateID)
Values (2469, 'Sea Girt', 30);
INSERT INTO City (cityID, cityName, stateID)
Values (2470, 'Sea Isle City', 30);
INSERT INTO City (cityID, cityName, stateID)
Values (2471, 'Seaside Heights', 30);
INSERT INTO City (cityID, cityName, stateID)
Values (2472, 'Seaside Park', 30);
INSERT INTO City (cityID, cityName, stateID)
Values (2473, 'Secaucus', 30);
INSERT INTO City (cityID, cityName, stateID)
Values (2474, 'Sergeantsville', 30);
INSERT INTO City (cityID, cityName, stateID)
Values (2475, 'Sewaren', 30);
INSERT INTO City (cityID, cityName, stateID)
Values (2476, 'Sewell', 30);
INSERT INTO City (cityID, cityName, stateID)
Values (2477, 'Shiloh', 30);
INSERT INTO City (cityID, cityName, stateID)
Values (2478, 'Short Hills', 30);
INSERT INTO City (cityID, cityName, stateID)
Values (2479, 'Shrewsbury', 30);
INSERT INTO City (cityID, cityName, stateID)
Values (2480, 'Sicklerville', 30);
INSERT INTO City (cityID, cityName, stateID)
Values (2481, 'Skillman', 30);
INSERT INTO City (cityID, cityName, stateID)
Values (2482, 'Somerdale', 30);
INSERT INTO City (cityID, cityName, stateID)
Values (2483, 'Somers Point', 30);
INSERT INTO City (cityID, cityName, stateID)
Values (2484, 'Somerset', 30);
INSERT INTO City (cityID, cityName, stateID)
Values (2485, 'Somerville', 30);
INSERT INTO City (cityID, cityName, stateID)
Values (2486, 'South Amboy', 30);
INSERT INTO City (cityID, cityName, stateID)
Values (2487, 'South Bound Brook', 30);
INSERT INTO City (cityID, cityName, stateID)
Values (2488, 'South Dennis', 30);
INSERT INTO City (cityID, cityName, stateID)
Values (2489, 'South Hackensack', 30);
INSERT INTO City (cityID, cityName, stateID)
Values (2490, 'South Orange', 30);
INSERT INTO City (cityID, cityName, stateID)
Values (2491, 'South Plainfield', 30);
INSERT INTO City (cityID, cityName, stateID)
Values (2492, 'South River', 30);
INSERT INTO City (cityID, cityName, stateID)
Values (2493, 'South Seaville', 30);
INSERT INTO City (cityID, cityName, stateID)
Values (2494, 'Sparta', 30);
INSERT INTO City (cityID, cityName, stateID)
Values (2495, 'Spotswood', 30);
INSERT INTO City (cityID, cityName, stateID)
Values (2496, 'Spring Lake', 30);
INSERT INTO City (cityID, cityName, stateID)
Values (2497, 'Springfield', 30);
INSERT INTO City (cityID, cityName, stateID)
Values (2498, 'Stanhope', 30);
INSERT INTO City (cityID, cityName, stateID)
Values (2499, 'Stanton', 30);
INSERT INTO City (cityID, cityName, stateID)
Values (2500, 'Stewartsville', 30);
INSERT INTO City (cityID, cityName, stateID)
Values (2501, 'Stillwater', 30);
INSERT INTO City (cityID, cityName, stateID)
Values (2502, 'Stirling', 30);
INSERT INTO City (cityID, cityName, stateID)
Values (2503, 'Stockholm', 30);
INSERT INTO City (cityID, cityName, stateID)
Values (2504, 'Stockton', 30);
INSERT INTO City (cityID, cityName, stateID)
Values (2505, 'Stone Harbor', 30);
INSERT INTO City (cityID, cityName, stateID)
Values (2506, 'Stratford', 30);
INSERT INTO City (cityID, cityName, stateID)
Values (2507, 'Strathmere', 30);
INSERT INTO City (cityID, cityName, stateID)
Values (2508, 'Succasunna', 30);
INSERT INTO City (cityID, cityName, stateID)
Values (2509, 'Summit', 30);
INSERT INTO City (cityID, cityName, stateID)
Values (2510, 'Sussex', 30);
INSERT INTO City (cityID, cityName, stateID)
Values (2511, 'Swartswood', 30);
INSERT INTO City (cityID, cityName, stateID)
Values (2512, 'Swedesboro', 30);
INSERT INTO City (cityID, cityName, stateID)
Values (2513, 'Tabernacle', 30);
INSERT INTO City (cityID, cityName, stateID)
Values (2514, 'Teaneck', 30);
INSERT INTO City (cityID, cityName, stateID)
Values (2515, 'Tenafly', 30);
INSERT INTO City (cityID, cityName, stateID)
Values (2516, 'Tennent', 30);
INSERT INTO City (cityID, cityName, stateID)
Values (2517, 'Teterboro', 30);
INSERT INTO City (cityID, cityName, stateID)
Values (2518, 'Thorofare', 30);
INSERT INTO City (cityID, cityName, stateID)
Values (2519, 'Three Bridges', 30);
INSERT INTO City (cityID, cityName, stateID)
Values (2520, 'Titusville', 30);
INSERT INTO City (cityID, cityName, stateID)
Values (2521, 'Toms River', 30);
INSERT INTO City (cityID, cityName, stateID)
Values (2522, 'Totowa', 30);
INSERT INTO City (cityID, cityName, stateID)
Values (2523, 'Towaco', 30);
INSERT INTO City (cityID, cityName, stateID)
Values (2524, 'Township Of Washington', 30);
INSERT INTO City (cityID, cityName, stateID)
Values (2525, 'Tranquility', 30);
INSERT INTO City (cityID, cityName, stateID)
Values (2526, 'Trenton', 30);
INSERT INTO City (cityID, cityName, stateID)
Values (2527, 'Tuckahoe', 30);
INSERT INTO City (cityID, cityName, stateID)
Values (2528, 'Union', 30);
INSERT INTO City (cityID, cityName, stateID)
Values (2529, 'Union City', 30);
INSERT INTO City (cityID, cityName, stateID)
Values (2530, 'Vauxhall', 30);
INSERT INTO City (cityID, cityName, stateID)
Values (2531, 'Ventnor City', 30);
INSERT INTO City (cityID, cityName, stateID)
Values (2532, 'Vernon', 30);
INSERT INTO City (cityID, cityName, stateID)
Values (2533, 'Verona', 30);
INSERT INTO City (cityID, cityName, stateID)
Values (2534, 'Vienna', 30);
INSERT INTO City (cityID, cityName, stateID)
Values (2535, 'Villas', 30);
INSERT INTO City (cityID, cityName, stateID)
Values (2536, 'Vineland', 30);
INSERT INTO City (cityID, cityName, stateID)
Values (2537, 'Voorhees', 30);
INSERT INTO City (cityID, cityName, stateID)
Values (2538, 'Waldwick', 30);
INSERT INTO City (cityID, cityName, stateID)
Values (2539, 'Wallington', 30);
INSERT INTO City (cityID, cityName, stateID)
Values (2540, 'Wallpack Center', 30);
INSERT INTO City (cityID, cityName, stateID)
Values (2541, 'Wanaque', 30);
INSERT INTO City (cityID, cityName, stateID)
Values (2542, 'Waretown', 30);
INSERT INTO City (cityID, cityName, stateID)
Values (2543, 'Warren', 30);
INSERT INTO City (cityID, cityName, stateID)
Values (2544, 'Washington', 30);
INSERT INTO City (cityID, cityName, stateID)
Values (2545, 'Watchung', 30);
INSERT INTO City (cityID, cityName, stateID)
Values (2546, 'Waterford Works', 30);
INSERT INTO City (cityID, cityName, stateID)
Values (2547, 'Wayne', 30);
INSERT INTO City (cityID, cityName, stateID)
Values (2548, 'Weehawken', 30);
INSERT INTO City (cityID, cityName, stateID)
Values (2549, 'Wenonah', 30);
INSERT INTO City (cityID, cityName, stateID)
Values (2550, 'West Berlin', 30);
INSERT INTO City (cityID, cityName, stateID)
Values (2551, 'West Creek', 30);
INSERT INTO City (cityID, cityName, stateID)
Values (2552, 'West Long Branch', 30);
INSERT INTO City (cityID, cityName, stateID)
Values (2553, 'West Milford', 30);
INSERT INTO City (cityID, cityName, stateID)
Values (2554, 'West New York', 30);
INSERT INTO City (cityID, cityName, stateID)
Values (2555, 'West Orange', 30);
INSERT INTO City (cityID, cityName, stateID)
Values (2556, 'West Windsor', 30);
INSERT INTO City (cityID, cityName, stateID)
Values (2557, 'Westfield', 30);
INSERT INTO City (cityID, cityName, stateID)
Values (2558, 'Westville', 30);
INSERT INTO City (cityID, cityName, stateID)
Values (2559, 'Westwood', 30);
INSERT INTO City (cityID, cityName, stateID)
Values (2560, 'Wharton', 30);
INSERT INTO City (cityID, cityName, stateID)
Values (2561, 'Whippany', 30);
INSERT INTO City (cityID, cityName, stateID)
Values (2562, 'Whitehouse', 30);
INSERT INTO City (cityID, cityName, stateID)
Values (2563, 'Whitehouse Station', 30);
INSERT INTO City (cityID, cityName, stateID)
Values (2564, 'Whitesboro', 30);
INSERT INTO City (cityID, cityName, stateID)
Values (2565, 'Wickatunk', 30);
INSERT INTO City (cityID, cityName, stateID)
Values (2566, 'Wildwood', 30);
INSERT INTO City (cityID, cityName, stateID)
Values (2567, 'Williamstown', 30);
INSERT INTO City (cityID, cityName, stateID)
Values (2568, 'Willingboro', 30);
INSERT INTO City (cityID, cityName, stateID)
Values (2569, 'Windsor', 30);
INSERT INTO City (cityID, cityName, stateID)
Values (2570, 'Winslow', 30);
INSERT INTO City (cityID, cityName, stateID)
Values (2571, 'Wood Ridge', 30);
INSERT INTO City (cityID, cityName, stateID)
Values (2572, 'Woodbine', 30);
INSERT INTO City (cityID, cityName, stateID)
Values (2573, 'Woodbridge', 30);
INSERT INTO City (cityID, cityName, stateID)
Values (2574, 'Woodbury', 30);
INSERT INTO City (cityID, cityName, stateID)
Values (2575, 'Woodbury Heights', 30);
INSERT INTO City (cityID, cityName, stateID)
Values (2576, 'Woodcliff Lake', 30);
INSERT INTO City (cityID, cityName, stateID)
Values (2577, 'Woodstown', 30);
INSERT INTO City (cityID, cityName, stateID)
Values (2578, 'Wrightstown', 30);
INSERT INTO City (cityID, cityName, stateID)
Values (2579, 'Wyckoff', 30);
INSERT INTO City (cityID, cityName, stateID)
Values (2580, 'Zarephath', 30);
INSERT INTO City (cityID, cityName, stateID)
Values (2581, 'Accord', 32);
INSERT INTO City (cityID, cityName, stateID)
Values (2582, 'Acra', 32);
INSERT INTO City (cityID, cityName, stateID)
Values (2583, 'Adams', 32);
INSERT INTO City (cityID, cityName, stateID)
Values (2584, 'Adams Basin', 32);
INSERT INTO City (cityID, cityName, stateID)
Values (2585, 'Adams Center', 32);
INSERT INTO City (cityID, cityName, stateID)
Values (2586, 'Addison', 32);
INSERT INTO City (cityID, cityName, stateID)
Values (2587, 'Adirondack', 32);
INSERT INTO City (cityID, cityName, stateID)
Values (2588, 'Afton', 32);
INSERT INTO City (cityID, cityName, stateID)
Values (2589, 'Akron', 32);
INSERT INTO City (cityID, cityName, stateID)
Values (2590, 'Albany', 32);
INSERT INTO City (cityID, cityName, stateID)
Values (2591, 'Albertson', 32);
INSERT INTO City (cityID, cityName, stateID)
Values (2592, 'Albion', 32);
INSERT INTO City (cityID, cityName, stateID)
Values (2593, 'Alcove', 32);
INSERT INTO City (cityID, cityName, stateID)
Values (2594, 'Alden', 32);
INSERT INTO City (cityID, cityName, stateID)
Values (2595, 'Alder Creek', 32);
INSERT INTO City (cityID, cityName, stateID)
Values (2596, 'Alexander', 32);
INSERT INTO City (cityID, cityName, stateID)
Values (2597, 'Alexandria Bay', 32);
INSERT INTO City (cityID, cityName, stateID)
Values (2598, 'Alfred', 32);
INSERT INTO City (cityID, cityName, stateID)
Values (2599, 'Alfred Station', 32);
INSERT INTO City (cityID, cityName, stateID)
Values (2600, 'Allegany', 32);
INSERT INTO City (cityID, cityName, stateID)
Values (2601, 'Allentown', 32);
INSERT INTO City (cityID, cityName, stateID)
Values (2602, 'Alma', 32);
INSERT INTO City (cityID, cityName, stateID)
Values (2603, 'Almond', 32);
INSERT INTO City (cityID, cityName, stateID)
Values (2604, 'Alpine', 32);
INSERT INTO City (cityID, cityName, stateID)
Values (2605, 'Alplaus', 32);
INSERT INTO City (cityID, cityName, stateID)
Values (2606, 'Altamont', 32);
INSERT INTO City (cityID, cityName, stateID)
Values (2607, 'Altmar', 32);
INSERT INTO City (cityID, cityName, stateID)
Values (2608, 'Alton', 32);
INSERT INTO City (cityID, cityName, stateID)
Values (2609, 'Altona', 32);
INSERT INTO City (cityID, cityName, stateID)
Values (2610, 'Amagansett', 32);
INSERT INTO City (cityID, cityName, stateID)
Values (2611, 'Amawalk', 32);
INSERT INTO City (cityID, cityName, stateID)
Values (2612, 'Amenia', 32);
INSERT INTO City (cityID, cityName, stateID)
Values (2613, 'Amityville', 32);
INSERT INTO City (cityID, cityName, stateID)
Values (2614, 'Amsterdam', 32);
INSERT INTO City (cityID, cityName, stateID)
Values (2615, 'Ancram', 32);
INSERT INTO City (cityID, cityName, stateID)
Values (2616, 'Ancramdale', 32);
INSERT INTO City (cityID, cityName, stateID)
Values (2617, 'Andes', 32);
INSERT INTO City (cityID, cityName, stateID)
Values (2618, 'Andover', 32);
INSERT INTO City (cityID, cityName, stateID)
Values (2619, 'Angelica', 32);
INSERT INTO City (cityID, cityName, stateID)
Values (2620, 'Angola', 32);
INSERT INTO City (cityID, cityName, stateID)
Values (2621, 'Annandale On Hudson', 32);
INSERT INTO City (cityID, cityName, stateID)
Values (2622, 'Antwerp', 32);
INSERT INTO City (cityID, cityName, stateID)
Values (2623, 'Apalachin', 32);
INSERT INTO City (cityID, cityName, stateID)
Values (2624, 'Appleton', 32);
INSERT INTO City (cityID, cityName, stateID)
Values (2625, 'Apulia Station', 32);
INSERT INTO City (cityID, cityName, stateID)
Values (2626, 'Aquebogue', 32);
INSERT INTO City (cityID, cityName, stateID)
Values (2627, 'Arcade', 32);
INSERT INTO City (cityID, cityName, stateID)
Values (2628, 'Arden', 32);
INSERT INTO City (cityID, cityName, stateID)
Values (2629, 'Ardsley', 32);
INSERT INTO City (cityID, cityName, stateID)
Values (2630, 'Ardsley On Hudson', 32);
INSERT INTO City (cityID, cityName, stateID)
Values (2631, 'Argyle', 32);
INSERT INTO City (cityID, cityName, stateID)
Values (2632, 'Arkport', 32);
INSERT INTO City (cityID, cityName, stateID)
Values (2633, 'Arkville', 32);
INSERT INTO City (cityID, cityName, stateID)
Values (2634, 'Armonk', 32);
INSERT INTO City (cityID, cityName, stateID)
Values (2635, 'Arverne', 32);
INSERT INTO City (cityID, cityName, stateID)
Values (2636, 'Ashland', 32);
INSERT INTO City (cityID, cityName, stateID)
Values (2637, 'Ashville', 32);
INSERT INTO City (cityID, cityName, stateID)
Values (2638, 'Astoria', 32);
INSERT INTO City (cityID, cityName, stateID)
Values (2639, 'Athens', 32);
INSERT INTO City (cityID, cityName, stateID)
Values (2640, 'Athol', 32);
INSERT INTO City (cityID, cityName, stateID)
Values (2641, 'Athol Springs', 32);
INSERT INTO City (cityID, cityName, stateID)
Values (2642, 'Atlanta', 32);
INSERT INTO City (cityID, cityName, stateID)
Values (2643, 'Atlantic Beach', 32);
INSERT INTO City (cityID, cityName, stateID)
Values (2644, 'Attica', 32);
INSERT INTO City (cityID, cityName, stateID)
Values (2645, 'Au Sable Forks', 32);
INSERT INTO City (cityID, cityName, stateID)
Values (2646, 'Auburn', 32);
INSERT INTO City (cityID, cityName, stateID)
Values (2647, 'Auriesville', 32);
INSERT INTO City (cityID, cityName, stateID)
Values (2648, 'Aurora', 32);
INSERT INTO City (cityID, cityName, stateID)
Values (2649, 'Austerlitz', 32);
INSERT INTO City (cityID, cityName, stateID)
Values (2650, 'Ava', 32);
INSERT INTO City (cityID, cityName, stateID)
Values (2651, 'Averill Park', 32);
INSERT INTO City (cityID, cityName, stateID)
Values (2652, 'Avoca', 32);
INSERT INTO City (cityID, cityName, stateID)
Values (2653, 'Avon', 32);
INSERT INTO City (cityID, cityName, stateID)
Values (2654, 'Babylon', 32);
INSERT INTO City (cityID, cityName, stateID)
Values (2655, 'Bainbridge', 32);
INSERT INTO City (cityID, cityName, stateID)
Values (2656, 'Bakers Mills', 32);
INSERT INTO City (cityID, cityName, stateID)
Values (2657, 'Baldwin', 32);
INSERT INTO City (cityID, cityName, stateID)
Values (2658, 'Baldwin Place', 32);
INSERT INTO City (cityID, cityName, stateID)
Values (2659, 'Baldwinsville', 32);
INSERT INTO City (cityID, cityName, stateID)
Values (2660, 'Ballston Lake', 32);
INSERT INTO City (cityID, cityName, stateID)
Values (2661, 'Ballston Spa', 32);
INSERT INTO City (cityID, cityName, stateID)
Values (2662, 'Bangall', 32);
INSERT INTO City (cityID, cityName, stateID)
Values (2663, 'Barker', 32);
INSERT INTO City (cityID, cityName, stateID)
Values (2664, 'Barneveld', 32);
INSERT INTO City (cityID, cityName, stateID)
Values (2665, 'Barrytown', 32);
INSERT INTO City (cityID, cityName, stateID)
Values (2666, 'Barryville', 32);
INSERT INTO City (cityID, cityName, stateID)
Values (2667, 'Barton', 32);
INSERT INTO City (cityID, cityName, stateID)
Values (2668, 'Basom', 32);
INSERT INTO City (cityID, cityName, stateID)
Values (2669, 'Batavia', 32);
INSERT INTO City (cityID, cityName, stateID)
Values (2670, 'Bath', 32);
INSERT INTO City (cityID, cityName, stateID)
Values (2671, 'Bay Shore', 32);
INSERT INTO City (cityID, cityName, stateID)
Values (2672, 'Bayport', 32);
INSERT INTO City (cityID, cityName, stateID)
Values (2673, 'Bayside', 32);
INSERT INTO City (cityID, cityName, stateID)
Values (2674, 'Bayville', 32);
INSERT INTO City (cityID, cityName, stateID)
Values (2675, 'Beacon', 32);
INSERT INTO City (cityID, cityName, stateID)
Values (2676, 'Bear Mountain', 32);
INSERT INTO City (cityID, cityName, stateID)
Values (2677, 'Bearsville', 32);
INSERT INTO City (cityID, cityName, stateID)
Values (2678, 'Beaver Dams', 32);
INSERT INTO City (cityID, cityName, stateID)
Values (2679, 'Beaver Falls', 32);
INSERT INTO City (cityID, cityName, stateID)
Values (2680, 'Bedford', 32);
INSERT INTO City (cityID, cityName, stateID)
Values (2681, 'Bedford Hills', 32);
INSERT INTO City (cityID, cityName, stateID)
Values (2682, 'Belfast', 32);
INSERT INTO City (cityID, cityName, stateID)
Values (2683, 'Bellerose', 32);
INSERT INTO City (cityID, cityName, stateID)
Values (2684, 'Belleville', 32);
INSERT INTO City (cityID, cityName, stateID)
Values (2685, 'Bellmore', 32);
INSERT INTO City (cityID, cityName, stateID)
Values (2686, 'Bellona', 32);
INSERT INTO City (cityID, cityName, stateID)
Values (2687, 'Bellport', 32);
INSERT INTO City (cityID, cityName, stateID)
Values (2688, 'Bellvale', 32);
INSERT INTO City (cityID, cityName, stateID)
Values (2689, 'Belmont', 32);
INSERT INTO City (cityID, cityName, stateID)
Values (2690, 'Bemus Point', 32);
INSERT INTO City (cityID, cityName, stateID)
Values (2691, 'Bergen', 32);
INSERT INTO City (cityID, cityName, stateID)
Values (2692, 'Berkshire', 32);
INSERT INTO City (cityID, cityName, stateID)
Values (2693, 'Berlin', 32);
INSERT INTO City (cityID, cityName, stateID)
Values (2694, 'Berne', 32);
INSERT INTO City (cityID, cityName, stateID)
Values (2695, 'Bernhards Bay', 32);
INSERT INTO City (cityID, cityName, stateID)
Values (2696, 'Bethel', 32);
INSERT INTO City (cityID, cityName, stateID)
Values (2697, 'Bethpage', 32);
INSERT INTO City (cityID, cityName, stateID)
Values (2698, 'Bible School Park', 32);
INSERT INTO City (cityID, cityName, stateID)
Values (2699, 'Big Flats', 32);
INSERT INTO City (cityID, cityName, stateID)
Values (2700, 'Big Indian', 32);
INSERT INTO City (cityID, cityName, stateID)
Values (2701, 'Billings', 32);
INSERT INTO City (cityID, cityName, stateID)
Values (2702, 'Binghamton', 32);
INSERT INTO City (cityID, cityName, stateID)
Values (2703, 'Black Creek', 32);
INSERT INTO City (cityID, cityName, stateID)
Values (2704, 'Black River', 32);
INSERT INTO City (cityID, cityName, stateID)
Values (2705, 'Blauvelt', 32);
INSERT INTO City (cityID, cityName, stateID)
Values (2706, 'Bliss', 32);
INSERT INTO City (cityID, cityName, stateID)
Values (2707, 'Blodgett Mills', 32);
INSERT INTO City (cityID, cityName, stateID)
Values (2708, 'Bloomfield', 32);
INSERT INTO City (cityID, cityName, stateID)
Values (2709, 'Blooming Grove', 32);
INSERT INTO City (cityID, cityName, stateID)
Values (2710, 'Bloomingburg', 32);
INSERT INTO City (cityID, cityName, stateID)
Values (2711, 'Bloomingdale', 32);
INSERT INTO City (cityID, cityName, stateID)
Values (2712, 'Bloomington', 32);
INSERT INTO City (cityID, cityName, stateID)
Values (2713, 'Bloomville', 32);
INSERT INTO City (cityID, cityName, stateID)
Values (2714, 'Blossvale', 32);
INSERT INTO City (cityID, cityName, stateID)
Values (2715, 'Blue Mountain Lake', 32);
INSERT INTO City (cityID, cityName, stateID)
Values (2716, 'Blue Point', 32);
INSERT INTO City (cityID, cityName, stateID)
Values (2717, 'Bohemia', 32);
INSERT INTO City (cityID, cityName, stateID)
Values (2718, 'Boiceville', 32);
INSERT INTO City (cityID, cityName, stateID)
Values (2719, 'Bolivar', 32);
INSERT INTO City (cityID, cityName, stateID)
Values (2720, 'Bolton Landing', 32);
INSERT INTO City (cityID, cityName, stateID)
Values (2721, 'Bombay', 32);
INSERT INTO City (cityID, cityName, stateID)
Values (2722, 'Boonville', 32);
INSERT INTO City (cityID, cityName, stateID)
Values (2723, 'Boston', 32);
INSERT INTO City (cityID, cityName, stateID)
Values (2724, 'Bouckville', 32);
INSERT INTO City (cityID, cityName, stateID)
Values (2725, 'Bovina Center', 32);
INSERT INTO City (cityID, cityName, stateID)
Values (2726, 'Bowmansville', 32);
INSERT INTO City (cityID, cityName, stateID)
Values (2727, 'Bradford', 32);
INSERT INTO City (cityID, cityName, stateID)
Values (2728, 'Brainard', 32);
INSERT INTO City (cityID, cityName, stateID)
Values (2729, 'Brainardsville', 32);
INSERT INTO City (cityID, cityName, stateID)
Values (2730, 'Branchport', 32);
INSERT INTO City (cityID, cityName, stateID)
Values (2731, 'Brant', 32);
INSERT INTO City (cityID, cityName, stateID)
Values (2732, 'Brant Lake', 32);
INSERT INTO City (cityID, cityName, stateID)
Values (2733, 'Brantingham', 32);
INSERT INTO City (cityID, cityName, stateID)
Values (2734, 'Brasher Falls', 32);
INSERT INTO City (cityID, cityName, stateID)
Values (2735, 'Breesport', 32);
INSERT INTO City (cityID, cityName, stateID)
Values (2736, 'Breezy Point', 32);
INSERT INTO City (cityID, cityName, stateID)
Values (2737, 'Brentwood', 32);
INSERT INTO City (cityID, cityName, stateID)
Values (2738, 'Brewerton', 32);
INSERT INTO City (cityID, cityName, stateID)
Values (2739, 'Brewster', 32);
INSERT INTO City (cityID, cityName, stateID)
Values (2740, 'Briarcliff Manor', 32);
INSERT INTO City (cityID, cityName, stateID)
Values (2741, 'Bridgehampton', 32);
INSERT INTO City (cityID, cityName, stateID)
Values (2742, 'Bridgeport', 32);
INSERT INTO City (cityID, cityName, stateID)
Values (2743, 'Bridgewater', 32);
INSERT INTO City (cityID, cityName, stateID)
Values (2744, 'Brier Hill', 32);
INSERT INTO City (cityID, cityName, stateID)
Values (2745, 'Brightwaters', 32);
INSERT INTO City (cityID, cityName, stateID)
Values (2746, 'Broadalbin', 32);
INSERT INTO City (cityID, cityName, stateID)
Values (2747, 'Brockport', 32);
INSERT INTO City (cityID, cityName, stateID)
Values (2748, 'Brocton', 32);
INSERT INTO City (cityID, cityName, stateID)
Values (2749, 'Bronx', 32);
INSERT INTO City (cityID, cityName, stateID)
Values (2750, 'Bronxville', 32);
INSERT INTO City (cityID, cityName, stateID)
Values (2751, 'Brookfield', 32);
INSERT INTO City (cityID, cityName, stateID)
Values (2752, 'Brookhaven', 32);
INSERT INTO City (cityID, cityName, stateID)
Values (2753, 'Brooklyn', 32);
INSERT INTO City (cityID, cityName, stateID)
Values (2754, 'Brooktondale', 32);
INSERT INTO City (cityID, cityName, stateID)
Values (2755, 'Brownville', 32);
INSERT INTO City (cityID, cityName, stateID)
Values (2756, 'Brushton', 32);
INSERT INTO City (cityID, cityName, stateID)
Values (2757, 'Buchanan', 32);
INSERT INTO City (cityID, cityName, stateID)
Values (2758, 'Buffalo', 32);
INSERT INTO City (cityID, cityName, stateID)
Values (2759, 'Bullville', 32);
INSERT INTO City (cityID, cityName, stateID)
Values (2760, 'Burdett', 32);
INSERT INTO City (cityID, cityName, stateID)
Values (2761, 'Burke', 32);
INSERT INTO City (cityID, cityName, stateID)
Values (2762, 'Burlingham', 32);
INSERT INTO City (cityID, cityName, stateID)
Values (2763, 'Burlington Flats', 32);
INSERT INTO City (cityID, cityName, stateID)
Values (2764, 'Burnt Hills', 32);
INSERT INTO City (cityID, cityName, stateID)
Values (2765, 'Burt', 32);
INSERT INTO City (cityID, cityName, stateID)
Values (2766, 'Buskirk', 32);
INSERT INTO City (cityID, cityName, stateID)
Values (2767, 'Byron', 32);
INSERT INTO City (cityID, cityName, stateID)
Values (2768, 'Cadyville', 32);
INSERT INTO City (cityID, cityName, stateID)
Values (2769, 'Cairo', 32);
INSERT INTO City (cityID, cityName, stateID)
Values (2770, 'Calcium', 32);
INSERT INTO City (cityID, cityName, stateID)
Values (2771, 'Caledonia', 32);
INSERT INTO City (cityID, cityName, stateID)
Values (2772, 'Callicoon', 32);
INSERT INTO City (cityID, cityName, stateID)
Values (2773, 'Callicoon Center', 32);
INSERT INTO City (cityID, cityName, stateID)
Values (2774, 'Calverton', 32);
INSERT INTO City (cityID, cityName, stateID)
Values (2775, 'Cambria Heights', 32);
INSERT INTO City (cityID, cityName, stateID)
Values (2776, 'Cambridge', 32);
INSERT INTO City (cityID, cityName, stateID)
Values (2777, 'Camden', 32);
INSERT INTO City (cityID, cityName, stateID)
Values (2778, 'Cameron', 32);
INSERT INTO City (cityID, cityName, stateID)
Values (2779, 'Cameron Mills', 32);
INSERT INTO City (cityID, cityName, stateID)
Values (2780, 'Camillus', 32);
INSERT INTO City (cityID, cityName, stateID)
Values (2781, 'Campbell', 32);
INSERT INTO City (cityID, cityName, stateID)
Values (2782, 'Campbell Hall', 32);
INSERT INTO City (cityID, cityName, stateID)
Values (2783, 'Canaan', 32);
INSERT INTO City (cityID, cityName, stateID)
Values (2784, 'Canajoharie', 32);
INSERT INTO City (cityID, cityName, stateID)
Values (2785, 'Canandaigua', 32);
INSERT INTO City (cityID, cityName, stateID)
Values (2786, 'Canaseraga', 32);
INSERT INTO City (cityID, cityName, stateID)
Values (2787, 'Canastota', 32);
INSERT INTO City (cityID, cityName, stateID)
Values (2788, 'Candor', 32);
INSERT INTO City (cityID, cityName, stateID)
Values (2789, 'Caneadea', 32);
INSERT INTO City (cityID, cityName, stateID)
Values (2790, 'Canisteo', 32);
INSERT INTO City (cityID, cityName, stateID)
Values (2791, 'Canton', 32);
INSERT INTO City (cityID, cityName, stateID)
Values (2792, 'Cape Vincent', 32);
INSERT INTO City (cityID, cityName, stateID)
Values (2793, 'Carle Place', 32);
INSERT INTO City (cityID, cityName, stateID)
Values (2794, 'Carlisle', 32);
INSERT INTO City (cityID, cityName, stateID)
Values (2795, 'Carmel', 32);
INSERT INTO City (cityID, cityName, stateID)
Values (2796, 'Caroga Lake', 32);
INSERT INTO City (cityID, cityName, stateID)
Values (2797, 'Carthage', 32);
INSERT INTO City (cityID, cityName, stateID)
Values (2798, 'Cassadaga', 32);
INSERT INTO City (cityID, cityName, stateID)
Values (2799, 'Cassville', 32);
INSERT INTO City (cityID, cityName, stateID)
Values (2800, 'Castile', 32);
INSERT INTO City (cityID, cityName, stateID)
Values (2801, 'Castle Creek', 32);
INSERT INTO City (cityID, cityName, stateID)
Values (2802, 'Castle Point', 32);
INSERT INTO City (cityID, cityName, stateID)
Values (2803, 'Castleton On Hudson', 32);
INSERT INTO City (cityID, cityName, stateID)
Values (2804, 'Castorland', 32);
INSERT INTO City (cityID, cityName, stateID)
Values (2805, 'Cato', 32);
INSERT INTO City (cityID, cityName, stateID)
Values (2806, 'Catskill', 32);
INSERT INTO City (cityID, cityName, stateID)
Values (2807, 'Cattaraugus', 32);
INSERT INTO City (cityID, cityName, stateID)
Values (2808, 'Cayuga', 32);
INSERT INTO City (cityID, cityName, stateID)
Values (2809, 'Cayuta', 32);
INSERT INTO City (cityID, cityName, stateID)
Values (2810, 'Cazenovia', 32);
INSERT INTO City (cityID, cityName, stateID)
Values (2811, 'Cedarhurst', 32);
INSERT INTO City (cityID, cityName, stateID)
Values (2812, 'Celoron', 32);
INSERT INTO City (cityID, cityName, stateID)
Values (2813, 'Center Moriches', 32);
INSERT INTO City (cityID, cityName, stateID)
Values (2814, 'Centereach', 32);
INSERT INTO City (cityID, cityName, stateID)
Values (2815, 'Centerport', 32);
INSERT INTO City (cityID, cityName, stateID)
Values (2816, 'Centerville', 32);
INSERT INTO City (cityID, cityName, stateID)
Values (2817, 'Central Bridge', 32);
INSERT INTO City (cityID, cityName, stateID)
Values (2818, 'Central Islip', 32);
INSERT INTO City (cityID, cityName, stateID)
Values (2819, 'Central Square', 32);
INSERT INTO City (cityID, cityName, stateID)
Values (2820, 'Central Valley', 32);
INSERT INTO City (cityID, cityName, stateID)
Values (2821, 'Ceres', 32);
INSERT INTO City (cityID, cityName, stateID)
Values (2822, 'Chadwicks', 32);
INSERT INTO City (cityID, cityName, stateID)
Values (2823, 'Chaffee', 32);
INSERT INTO City (cityID, cityName, stateID)
Values (2824, 'Champlain', 32);
INSERT INTO City (cityID, cityName, stateID)
Values (2825, 'Chappaqua', 32);
INSERT INTO City (cityID, cityName, stateID)
Values (2826, 'Charlotteville', 32);
INSERT INTO City (cityID, cityName, stateID)
Values (2827, 'Chase Mills', 32);
INSERT INTO City (cityID, cityName, stateID)
Values (2828, 'Chateaugay', 32);
INSERT INTO City (cityID, cityName, stateID)
Values (2829, 'Chatham', 32);
INSERT INTO City (cityID, cityName, stateID)
Values (2830, 'Chaumont', 32);
INSERT INTO City (cityID, cityName, stateID)
Values (2831, 'Chautauqua', 32);
INSERT INTO City (cityID, cityName, stateID)
Values (2832, 'Chazy', 32);
INSERT INTO City (cityID, cityName, stateID)
Values (2833, 'Chelsea', 32);
INSERT INTO City (cityID, cityName, stateID)
Values (2834, 'Chemung', 32);
INSERT INTO City (cityID, cityName, stateID)
Values (2835, 'Chenango Bridge', 32);
INSERT INTO City (cityID, cityName, stateID)
Values (2836, 'Chenango Forks', 32);
INSERT INTO City (cityID, cityName, stateID)
Values (2837, 'Cherry Creek', 32);
INSERT INTO City (cityID, cityName, stateID)
Values (2838, 'Cherry Plain', 32);
INSERT INTO City (cityID, cityName, stateID)
Values (2839, 'Cherry Valley', 32);
INSERT INTO City (cityID, cityName, stateID)
Values (2840, 'Chester', 32);
INSERT INTO City (cityID, cityName, stateID)
Values (2841, 'Chestertown', 32);
INSERT INTO City (cityID, cityName, stateID)
Values (2842, 'Chichester', 32);
INSERT INTO City (cityID, cityName, stateID)
Values (2843, 'Childwold', 32);
INSERT INTO City (cityID, cityName, stateID)
Values (2844, 'Chippewa Bay', 32);
INSERT INTO City (cityID, cityName, stateID)
Values (2845, 'Chittenango', 32);
INSERT INTO City (cityID, cityName, stateID)
Values (2846, 'Churchville', 32);
INSERT INTO City (cityID, cityName, stateID)
Values (2847, 'Churubusco', 32);
INSERT INTO City (cityID, cityName, stateID)
Values (2848, 'Cicero', 32);
INSERT INTO City (cityID, cityName, stateID)
Values (2849, 'Cincinnatus', 32);
INSERT INTO City (cityID, cityName, stateID)
Values (2850, 'Circleville', 32);
INSERT INTO City (cityID, cityName, stateID)
Values (2851, 'Clarence', 32);
INSERT INTO City (cityID, cityName, stateID)
Values (2852, 'Clarence Center', 32);
INSERT INTO City (cityID, cityName, stateID)
Values (2853, 'Clarendon', 32);
INSERT INTO City (cityID, cityName, stateID)
Values (2854, 'Clark Mills', 32);
INSERT INTO City (cityID, cityName, stateID)
Values (2855, 'Clarkson', 32);
INSERT INTO City (cityID, cityName, stateID)
Values (2856, 'Clarksville', 32);
INSERT INTO City (cityID, cityName, stateID)
Values (2857, 'Claryville', 32);
INSERT INTO City (cityID, cityName, stateID)
Values (2858, 'Claverack', 32);
INSERT INTO City (cityID, cityName, stateID)
Values (2859, 'Clay', 32);
INSERT INTO City (cityID, cityName, stateID)
Values (2860, 'Clayton', 32);
INSERT INTO City (cityID, cityName, stateID)
Values (2861, 'Clayville', 32);
INSERT INTO City (cityID, cityName, stateID)
Values (2862, 'Clemons', 32);
INSERT INTO City (cityID, cityName, stateID)
Values (2863, 'Cleveland', 32);
INSERT INTO City (cityID, cityName, stateID)
Values (2864, 'Cleverdale', 32);
INSERT INTO City (cityID, cityName, stateID)
Values (2865, 'Clifton Park', 32);
INSERT INTO City (cityID, cityName, stateID)
Values (2866, 'Clifton Springs', 32);
INSERT INTO City (cityID, cityName, stateID)
Values (2867, 'Climax', 32);
INSERT INTO City (cityID, cityName, stateID)
Values (2868, 'Clinton', 32);
INSERT INTO City (cityID, cityName, stateID)
Values (2869, 'Clinton Corners', 32);
INSERT INTO City (cityID, cityName, stateID)
Values (2870, 'Clintondale', 32);
INSERT INTO City (cityID, cityName, stateID)
Values (2871, 'Clockville', 32);
INSERT INTO City (cityID, cityName, stateID)
Values (2872, 'Clyde', 32);
INSERT INTO City (cityID, cityName, stateID)
Values (2873, 'Clymer', 32);
INSERT INTO City (cityID, cityName, stateID)
Values (2874, 'Cobleskill', 32);
INSERT INTO City (cityID, cityName, stateID)
Values (2875, 'Cochecton', 32);
INSERT INTO City (cityID, cityName, stateID)
Values (2876, 'Cochecton Center', 32);
INSERT INTO City (cityID, cityName, stateID)
Values (2877, 'Coeymans', 32);
INSERT INTO City (cityID, cityName, stateID)
Values (2878, 'Coeymans Hollow', 32);
INSERT INTO City (cityID, cityName, stateID)
Values (2879, 'Cohocton', 32);
INSERT INTO City (cityID, cityName, stateID)
Values (2880, 'Cohoes', 32);
INSERT INTO City (cityID, cityName, stateID)
Values (2881, 'Cold Brook', 32);
INSERT INTO City (cityID, cityName, stateID)
Values (2882, 'Cold Spring', 32);
INSERT INTO City (cityID, cityName, stateID)
Values (2883, 'Cold Spring Harbor', 32);
INSERT INTO City (cityID, cityName, stateID)
Values (2884, 'Colden', 32);
INSERT INTO City (cityID, cityName, stateID)
Values (2885, 'College Point', 32);
INSERT INTO City (cityID, cityName, stateID)
Values (2886, 'Colliersville', 32);
INSERT INTO City (cityID, cityName, stateID)
Values (2887, 'Collins', 32);
INSERT INTO City (cityID, cityName, stateID)
Values (2888, 'Collins Center', 32);
INSERT INTO City (cityID, cityName, stateID)
Values (2889, 'Colton', 32);
INSERT INTO City (cityID, cityName, stateID)
Values (2890, 'Columbiaville', 32);
INSERT INTO City (cityID, cityName, stateID)
Values (2891, 'Commack', 32);
INSERT INTO City (cityID, cityName, stateID)
Values (2892, 'Comstock', 32);
INSERT INTO City (cityID, cityName, stateID)
Values (2893, 'Conesus', 32);
INSERT INTO City (cityID, cityName, stateID)
Values (2894, 'Conewango Valley', 32);
INSERT INTO City (cityID, cityName, stateID)
Values (2895, 'Congers', 32);
INSERT INTO City (cityID, cityName, stateID)
Values (2896, 'Conklin', 32);
INSERT INTO City (cityID, cityName, stateID)
Values (2897, 'Connelly', 32);
INSERT INTO City (cityID, cityName, stateID)
Values (2898, 'Constable', 32);
INSERT INTO City (cityID, cityName, stateID)
Values (2899, 'Constableville', 32);
INSERT INTO City (cityID, cityName, stateID)
Values (2900, 'Constantia', 32);
INSERT INTO City (cityID, cityName, stateID)
Values (2901, 'Coopers Plains', 32);
INSERT INTO City (cityID, cityName, stateID)
Values (2902, 'Cooperstown', 32);
INSERT INTO City (cityID, cityName, stateID)
Values (2903, 'Copake', 32);
INSERT INTO City (cityID, cityName, stateID)
Values (2904, 'Copake Falls', 32);
INSERT INTO City (cityID, cityName, stateID)
Values (2905, 'Copenhagen', 32);
INSERT INTO City (cityID, cityName, stateID)
Values (2906, 'Copiague', 32);
INSERT INTO City (cityID, cityName, stateID)
Values (2907, 'Coram', 32);
INSERT INTO City (cityID, cityName, stateID)
Values (2908, 'Corbettsville', 32);
INSERT INTO City (cityID, cityName, stateID)
Values (2909, 'Corfu', 32);
INSERT INTO City (cityID, cityName, stateID)
Values (2910, 'Corinth', 32);
INSERT INTO City (cityID, cityName, stateID)
Values (2911, 'Corning', 32);
INSERT INTO City (cityID, cityName, stateID)
Values (2912, 'Cornwall', 32);
INSERT INTO City (cityID, cityName, stateID)
Values (2913, 'Cornwall On Hudson', 32);
INSERT INTO City (cityID, cityName, stateID)
Values (2914, 'Cornwallville', 32);
INSERT INTO City (cityID, cityName, stateID)
Values (2915, 'Corona', 32);
INSERT INTO City (cityID, cityName, stateID)
Values (2916, 'Cortland', 32);
INSERT INTO City (cityID, cityName, stateID)
Values (2917, 'Cortlandt Manor', 32);
INSERT INTO City (cityID, cityName, stateID)
Values (2918, 'Cossayuna', 32);
INSERT INTO City (cityID, cityName, stateID)
Values (2919, 'Cottekill', 32);
INSERT INTO City (cityID, cityName, stateID)
Values (2920, 'Cowlesville', 32);
INSERT INTO City (cityID, cityName, stateID)
Values (2921, 'Coxsackie', 32);
INSERT INTO City (cityID, cityName, stateID)
Values (2922, 'Cragsmoor', 32);
INSERT INTO City (cityID, cityName, stateID)
Values (2923, 'Cranberry Lake', 32);
INSERT INTO City (cityID, cityName, stateID)
Values (2924, 'Craryville', 32);
INSERT INTO City (cityID, cityName, stateID)
Values (2925, 'Crittenden', 32);
INSERT INTO City (cityID, cityName, stateID)
Values (2926, 'Croghan', 32);
INSERT INTO City (cityID, cityName, stateID)
Values (2927, 'Crompond', 32);
INSERT INTO City (cityID, cityName, stateID)
Values (2928, 'Cropseyville', 32);
INSERT INTO City (cityID, cityName, stateID)
Values (2929, 'Cross River', 32);
INSERT INTO City (cityID, cityName, stateID)
Values (2930, 'Croton Falls', 32);
INSERT INTO City (cityID, cityName, stateID)
Values (2931, 'Croton On Hudson', 32);
INSERT INTO City (cityID, cityName, stateID)
Values (2932, 'Crown Point', 32);
INSERT INTO City (cityID, cityName, stateID)
Values (2933, 'Cuba', 32);
INSERT INTO City (cityID, cityName, stateID)
Values (2934, 'Cuddebackville', 32);
INSERT INTO City (cityID, cityName, stateID)
Values (2935, 'Cutchogue', 32);
INSERT INTO City (cityID, cityName, stateID)
Values (2936, 'Dale', 32);
INSERT INTO City (cityID, cityName, stateID)
Values (2937, 'Dalton', 32);
INSERT INTO City (cityID, cityName, stateID)
Values (2938, 'Dannemora', 32);
INSERT INTO City (cityID, cityName, stateID)
Values (2939, 'Dansville', 32);
INSERT INTO City (cityID, cityName, stateID)
Values (2940, 'Darien Center', 32);
INSERT INTO City (cityID, cityName, stateID)
Values (2941, 'Davenport', 32);
INSERT INTO City (cityID, cityName, stateID)
Values (2942, 'Davenport Center', 32);
INSERT INTO City (cityID, cityName, stateID)
Values (2943, 'Dayton', 32);
INSERT INTO City (cityID, cityName, stateID)
Values (2944, 'De Kalb Junction', 32);
INSERT INTO City (cityID, cityName, stateID)
Values (2945, 'De Peyster', 32);
INSERT INTO City (cityID, cityName, stateID)
Values (2946, 'De Ruyter', 32);
INSERT INTO City (cityID, cityName, stateID)
Values (2947, 'Deansboro', 32);
INSERT INTO City (cityID, cityName, stateID)
Values (2948, 'Deer Park', 32);
INSERT INTO City (cityID, cityName, stateID)
Values (2949, 'Deer River', 32);
INSERT INTO City (cityID, cityName, stateID)
Values (2950, 'Deferiet', 32);
INSERT INTO City (cityID, cityName, stateID)
Values (2951, 'Delancey', 32);
INSERT INTO City (cityID, cityName, stateID)
Values (2952, 'Delanson', 32);
INSERT INTO City (cityID, cityName, stateID)
Values (2953, 'Delevan', 32);
INSERT INTO City (cityID, cityName, stateID)
Values (2954, 'Delhi', 32);
INSERT INTO City (cityID, cityName, stateID)
Values (2955, 'Delmar', 32);
INSERT INTO City (cityID, cityName, stateID)
Values (2956, 'Delphi Falls', 32);
INSERT INTO City (cityID, cityName, stateID)
Values (2957, 'Denmark', 32);
INSERT INTO City (cityID, cityName, stateID)
Values (2958, 'Denver', 32);
INSERT INTO City (cityID, cityName, stateID)
Values (2959, 'Depauville', 32);
INSERT INTO City (cityID, cityName, stateID)
Values (2960, 'Depew', 32);
INSERT INTO City (cityID, cityName, stateID)
Values (2961, 'Deposit', 32);
INSERT INTO City (cityID, cityName, stateID)
Values (2962, 'Derby', 32);
INSERT INTO City (cityID, cityName, stateID)
Values (2963, 'Dewittville', 32);
INSERT INTO City (cityID, cityName, stateID)
Values (2964, 'Dexter', 32);
INSERT INTO City (cityID, cityName, stateID)
Values (2965, 'Diamond Point', 32);
INSERT INTO City (cityID, cityName, stateID)
Values (2966, 'Dickinson Center', 32);
INSERT INTO City (cityID, cityName, stateID)
Values (2967, 'Dobbs Ferry', 32);
INSERT INTO City (cityID, cityName, stateID)
Values (2968, 'Dolgeville', 32);
INSERT INTO City (cityID, cityName, stateID)
Values (2969, 'Dormansville', 32);
INSERT INTO City (cityID, cityName, stateID)
Values (2970, 'Dover Plains', 32);
INSERT INTO City (cityID, cityName, stateID)
Values (2971, 'Downsville', 32);
INSERT INTO City (cityID, cityName, stateID)
Values (2972, 'Dresden', 32);
INSERT INTO City (cityID, cityName, stateID)
Values (2973, 'Dryden', 32);
INSERT INTO City (cityID, cityName, stateID)
Values (2974, 'Duanesburg', 32);
INSERT INTO City (cityID, cityName, stateID)
Values (2975, 'Dundee', 32);
INSERT INTO City (cityID, cityName, stateID)
Values (2976, 'Dunkirk', 32);
INSERT INTO City (cityID, cityName, stateID)
Values (2977, 'Durham', 32);
INSERT INTO City (cityID, cityName, stateID)
Values (2978, 'Durhamville', 32);
INSERT INTO City (cityID, cityName, stateID)
Values (2979, 'Eagle Bay', 32);
INSERT INTO City (cityID, cityName, stateID)
Values (2980, 'Eagle Bridge', 32);
INSERT INTO City (cityID, cityName, stateID)
Values (2981, 'Earlton', 32);
INSERT INTO City (cityID, cityName, stateID)
Values (2982, 'Earlville', 32);
INSERT INTO City (cityID, cityName, stateID)
Values (2983, 'East Amherst', 32);
INSERT INTO City (cityID, cityName, stateID)
Values (2984, 'East Aurora', 32);
INSERT INTO City (cityID, cityName, stateID)
Values (2985, 'East Berne', 32);
INSERT INTO City (cityID, cityName, stateID)
Values (2986, 'East Bethany', 32);
INSERT INTO City (cityID, cityName, stateID)
Values (2987, 'East Bloomfield', 32);
INSERT INTO City (cityID, cityName, stateID)
Values (2988, 'East Branch', 32);
INSERT INTO City (cityID, cityName, stateID)
Values (2989, 'East Chatham', 32);
INSERT INTO City (cityID, cityName, stateID)
Values (2990, 'East Concord', 32);
INSERT INTO City (cityID, cityName, stateID)
Values (2991, 'East Durham', 32);
INSERT INTO City (cityID, cityName, stateID)
Values (2992, 'East Elmhurst', 32);
INSERT INTO City (cityID, cityName, stateID)
Values (2993, 'East Greenbush', 32);
INSERT INTO City (cityID, cityName, stateID)
Values (2994, 'East Hampton', 32);
INSERT INTO City (cityID, cityName, stateID)
Values (2995, 'East Homer', 32);
INSERT INTO City (cityID, cityName, stateID)
Values (2996, 'East Islip', 32);
INSERT INTO City (cityID, cityName, stateID)
Values (2997, 'East Jewett', 32);
INSERT INTO City (cityID, cityName, stateID)
Values (2998, 'East Marion', 32);
INSERT INTO City (cityID, cityName, stateID)
Values (2999, 'East Meadow', 32);
INSERT INTO City (cityID, cityName, stateID)
Values (3000, 'East Meredith', 32);
INSERT INTO City (cityID, cityName, stateID)
Values (3001, 'East Moriches', 32);
INSERT INTO City (cityID, cityName, stateID)
Values (3002, 'East Nassau', 32);
INSERT INTO City (cityID, cityName, stateID)
Values (3003, 'East Northport', 32);
INSERT INTO City (cityID, cityName, stateID)
Values (3004, 'East Norwich', 32);
INSERT INTO City (cityID, cityName, stateID)
Values (3005, 'East Otto', 32);
INSERT INTO City (cityID, cityName, stateID)
Values (3006, 'East Pembroke', 32);
INSERT INTO City (cityID, cityName, stateID)
Values (3007, 'East Pharsalia', 32);
INSERT INTO City (cityID, cityName, stateID)
Values (3008, 'East Quogue', 32);
INSERT INTO City (cityID, cityName, stateID)
Values (3009, 'East Randolph', 32);
INSERT INTO City (cityID, cityName, stateID)
Values (3010, 'East Rochester', 32);
INSERT INTO City (cityID, cityName, stateID)
Values (3011, 'East Rockaway', 32);
INSERT INTO City (cityID, cityName, stateID)
Values (3012, 'East Schodack', 32);
INSERT INTO City (cityID, cityName, stateID)
Values (3013, 'East Setauket', 32);
INSERT INTO City (cityID, cityName, stateID)
Values (3014, 'East Springfield', 32);
INSERT INTO City (cityID, cityName, stateID)
Values (3015, 'East Syracuse', 32);
INSERT INTO City (cityID, cityName, stateID)
Values (3016, 'East Williamson', 32);
INSERT INTO City (cityID, cityName, stateID)
Values (3017, 'East Worcester', 32);
INSERT INTO City (cityID, cityName, stateID)
Values (3018, 'Eastchester', 32);
INSERT INTO City (cityID, cityName, stateID)
Values (3019, 'Eastport', 32);
INSERT INTO City (cityID, cityName, stateID)
Values (3020, 'Eaton', 32);
INSERT INTO City (cityID, cityName, stateID)
Values (3021, 'Eden', 32);
INSERT INTO City (cityID, cityName, stateID)
Values (3022, 'Edmeston', 32);
INSERT INTO City (cityID, cityName, stateID)
Values (3023, 'Edwards', 32);
INSERT INTO City (cityID, cityName, stateID)
Values (3024, 'Elba', 32);
INSERT INTO City (cityID, cityName, stateID)
Values (3025, 'Elbridge', 32);
INSERT INTO City (cityID, cityName, stateID)
Values (3026, 'Eldred', 32);
INSERT INTO City (cityID, cityName, stateID)
Values (3027, 'Elizabethtown', 32);
INSERT INTO City (cityID, cityName, stateID)
Values (3028, 'Elizaville', 32);
INSERT INTO City (cityID, cityName, stateID)
Values (3029, 'Elka Park', 32);
INSERT INTO City (cityID, cityName, stateID)
Values (3030, 'Ellenburg', 32);
INSERT INTO City (cityID, cityName, stateID)
Values (3031, 'Ellenburg Center', 32);
INSERT INTO City (cityID, cityName, stateID)
Values (3032, 'Ellenburg Depot', 32);
INSERT INTO City (cityID, cityName, stateID)
Values (3033, 'Ellenville', 32);
INSERT INTO City (cityID, cityName, stateID)
Values (3034, 'Ellicottville', 32);
INSERT INTO City (cityID, cityName, stateID)
Values (3035, 'Ellington', 32);
INSERT INTO City (cityID, cityName, stateID)
Values (3036, 'Ellisburg', 32);
INSERT INTO City (cityID, cityName, stateID)
Values (3037, 'Elma', 32);
INSERT INTO City (cityID, cityName, stateID)
Values (3038, 'Elmhurst', 32);
INSERT INTO City (cityID, cityName, stateID)
Values (3039, 'Elmira', 32);
INSERT INTO City (cityID, cityName, stateID)
Values (3040, 'Elmont', 32);
INSERT INTO City (cityID, cityName, stateID)
Values (3041, 'Elmsford', 32);
INSERT INTO City (cityID, cityName, stateID)
Values (3042, 'Endicott', 32);
INSERT INTO City (cityID, cityName, stateID)
Values (3043, 'Endwell', 32);
INSERT INTO City (cityID, cityName, stateID)
Values (3044, 'Erieville', 32);
INSERT INTO City (cityID, cityName, stateID)
Values (3045, 'Erin', 32);
INSERT INTO City (cityID, cityName, stateID)
Values (3046, 'Esopus', 32);
INSERT INTO City (cityID, cityName, stateID)
Values (3047, 'Esperance', 32);
INSERT INTO City (cityID, cityName, stateID)
Values (3048, 'Essex', 32);
INSERT INTO City (cityID, cityName, stateID)
Values (3049, 'Etna', 32);
INSERT INTO City (cityID, cityName, stateID)
Values (3050, 'Evans Mills', 32);
INSERT INTO City (cityID, cityName, stateID)
Values (3051, 'Fabius', 32);
INSERT INTO City (cityID, cityName, stateID)
Values (3052, 'Fair Haven', 32);
INSERT INTO City (cityID, cityName, stateID)
Values (3053, 'Fairport', 32);
INSERT INTO City (cityID, cityName, stateID)
Values (3054, 'Falconer', 32);
INSERT INTO City (cityID, cityName, stateID)
Values (3055, 'Fallsburg', 32);
INSERT INTO City (cityID, cityName, stateID)
Values (3056, 'Fancher', 32);
INSERT INTO City (cityID, cityName, stateID)
Values (3057, 'Far Rockaway', 32);
INSERT INTO City (cityID, cityName, stateID)
Values (3058, 'Farmersville Station', 32);
INSERT INTO City (cityID, cityName, stateID)
Values (3059, 'Farmingdale', 32);
INSERT INTO City (cityID, cityName, stateID)
Values (3060, 'Farmington', 32);
INSERT INTO City (cityID, cityName, stateID)
Values (3061, 'Farmingville', 32);
INSERT INTO City (cityID, cityName, stateID)
Values (3062, 'Farnham', 32);
INSERT INTO City (cityID, cityName, stateID)
Values (3063, 'Fayette', 32);
INSERT INTO City (cityID, cityName, stateID)
Values (3064, 'Fayetteville', 32);
INSERT INTO City (cityID, cityName, stateID)
Values (3065, 'Felts Mills', 32);
INSERT INTO City (cityID, cityName, stateID)
Values (3066, 'Ferndale', 32);
INSERT INTO City (cityID, cityName, stateID)
Values (3067, 'Feura Bush', 32);
INSERT INTO City (cityID, cityName, stateID)
Values (3068, 'Fillmore', 32);
INSERT INTO City (cityID, cityName, stateID)
Values (3069, 'Findley Lake', 32);
INSERT INTO City (cityID, cityName, stateID)
Values (3070, 'Fine', 32);
INSERT INTO City (cityID, cityName, stateID)
Values (3071, 'Fishers', 32);
INSERT INTO City (cityID, cityName, stateID)
Values (3072, 'Fishers Island', 32);
INSERT INTO City (cityID, cityName, stateID)
Values (3073, 'Fishers Landing', 32);
INSERT INTO City (cityID, cityName, stateID)
Values (3074, 'Fishkill', 32);
INSERT INTO City (cityID, cityName, stateID)
Values (3075, 'Fishs Eddy', 32);
INSERT INTO City (cityID, cityName, stateID)
Values (3076, 'Fleischmanns', 32);
INSERT INTO City (cityID, cityName, stateID)
Values (3077, 'Floral Park', 32);
INSERT INTO City (cityID, cityName, stateID)
Values (3078, 'Florida', 32);
INSERT INTO City (cityID, cityName, stateID)
Values (3079, 'Flushing', 32);
INSERT INTO City (cityID, cityName, stateID)
Values (3080, 'Fly Creek', 32);
INSERT INTO City (cityID, cityName, stateID)
Values (3081, 'Fonda', 32);
INSERT INTO City (cityID, cityName, stateID)
Values (3082, 'Forest Hills', 32);
INSERT INTO City (cityID, cityName, stateID)
Values (3083, 'Forestburgh', 32);
INSERT INTO City (cityID, cityName, stateID)
Values (3084, 'Forestport', 32);
INSERT INTO City (cityID, cityName, stateID)
Values (3085, 'Forestville', 32);
INSERT INTO City (cityID, cityName, stateID)
Values (3086, 'Fort Ann', 32);
INSERT INTO City (cityID, cityName, stateID)
Values (3087, 'Fort Covington', 32);
INSERT INTO City (cityID, cityName, stateID)
Values (3088, 'Fort Drum', 32);
INSERT INTO City (cityID, cityName, stateID)
Values (3089, 'Fort Edward', 32);
INSERT INTO City (cityID, cityName, stateID)
Values (3090, 'Fort Hunter', 32);
INSERT INTO City (cityID, cityName, stateID)
Values (3091, 'Fort Johnson', 32);
INSERT INTO City (cityID, cityName, stateID)
Values (3092, 'Fort Montgomery', 32);
INSERT INTO City (cityID, cityName, stateID)
Values (3093, 'Fort Plain', 32);
INSERT INTO City (cityID, cityName, stateID)
Values (3094, 'Frankfort', 32);
INSERT INTO City (cityID, cityName, stateID)
Values (3095, 'Franklin', 32);
INSERT INTO City (cityID, cityName, stateID)
Values (3096, 'Franklin Springs', 32);
INSERT INTO City (cityID, cityName, stateID)
Values (3097, 'Franklin Square', 32);
INSERT INTO City (cityID, cityName, stateID)
Values (3098, 'Franklinville', 32);
INSERT INTO City (cityID, cityName, stateID)
Values (3099, 'Fredonia', 32);
INSERT INTO City (cityID, cityName, stateID)
Values (3100, 'Freedom', 32);
INSERT INTO City (cityID, cityName, stateID)
Values (3101, 'Freehold', 32);
INSERT INTO City (cityID, cityName, stateID)
Values (3102, 'Freeport', 32);
INSERT INTO City (cityID, cityName, stateID)
Values (3103, 'Freeville', 32);
INSERT INTO City (cityID, cityName, stateID)
Values (3104, 'Fremont Center', 32);
INSERT INTO City (cityID, cityName, stateID)
Values (3105, 'Fresh Meadows', 32);
INSERT INTO City (cityID, cityName, stateID)
Values (3106, 'Frewsburg', 32);
INSERT INTO City (cityID, cityName, stateID)
Values (3107, 'Friendship', 32);
INSERT INTO City (cityID, cityName, stateID)
Values (3108, 'Fulton', 32);
INSERT INTO City (cityID, cityName, stateID)
Values (3109, 'Fultonham', 32);
INSERT INTO City (cityID, cityName, stateID)
Values (3110, 'Fultonville', 32);
INSERT INTO City (cityID, cityName, stateID)
Values (3111, 'Gabriels', 32);
INSERT INTO City (cityID, cityName, stateID)
Values (3112, 'Gainesville', 32);
INSERT INTO City (cityID, cityName, stateID)
Values (3113, 'Gallupville', 32);
INSERT INTO City (cityID, cityName, stateID)
Values (3114, 'Galway', 32);
INSERT INTO City (cityID, cityName, stateID)
Values (3115, 'Gansevoort', 32);
INSERT INTO City (cityID, cityName, stateID)
Values (3116, 'Garden City', 32);
INSERT INTO City (cityID, cityName, stateID)
Values (3117, 'Gardiner', 32);
INSERT INTO City (cityID, cityName, stateID)
Values (3118, 'Garnerville', 32);
INSERT INTO City (cityID, cityName, stateID)
Values (3119, 'Garrattsville', 32);
INSERT INTO City (cityID, cityName, stateID)
Values (3120, 'Garrison', 32);
INSERT INTO City (cityID, cityName, stateID)
Values (3121, 'Gasport', 32);
INSERT INTO City (cityID, cityName, stateID)
Values (3122, 'Geneseo', 32);
INSERT INTO City (cityID, cityName, stateID)
Values (3123, 'Geneva', 32);
INSERT INTO City (cityID, cityName, stateID)
Values (3124, 'Genoa', 32);
INSERT INTO City (cityID, cityName, stateID)
Values (3125, 'Georgetown', 32);
INSERT INTO City (cityID, cityName, stateID)
Values (3126, 'Germantown', 32);
INSERT INTO City (cityID, cityName, stateID)
Values (3127, 'Gerry', 32);
INSERT INTO City (cityID, cityName, stateID)
Values (3128, 'Getzville', 32);
INSERT INTO City (cityID, cityName, stateID)
Values (3129, 'Ghent', 32);
INSERT INTO City (cityID, cityName, stateID)
Values (3130, 'Gilbertsville', 32);
INSERT INTO City (cityID, cityName, stateID)
Values (3131, 'Gilboa', 32);
INSERT INTO City (cityID, cityName, stateID)
Values (3132, 'Glasco', 32);
INSERT INTO City (cityID, cityName, stateID)
Values (3133, 'Glen Aubrey', 32);
INSERT INTO City (cityID, cityName, stateID)
Values (3134, 'Glen Cove', 32);
INSERT INTO City (cityID, cityName, stateID)
Values (3135, 'Glen Head', 32);
INSERT INTO City (cityID, cityName, stateID)
Values (3136, 'Glen Oaks', 32);
INSERT INTO City (cityID, cityName, stateID)
Values (3137, 'Glen Spey', 32);
INSERT INTO City (cityID, cityName, stateID)
Values (3138, 'Glen Wild', 32);
INSERT INTO City (cityID, cityName, stateID)
Values (3139, 'Glenfield', 32);
INSERT INTO City (cityID, cityName, stateID)
Values (3140, 'Glenford', 32);
INSERT INTO City (cityID, cityName, stateID)
Values (3141, 'Glenham', 32);
INSERT INTO City (cityID, cityName, stateID)
Values (3142, 'Glenmont', 32);
INSERT INTO City (cityID, cityName, stateID)
Values (3143, 'Glens Falls', 32);
INSERT INTO City (cityID, cityName, stateID)
Values (3144, 'Glenwood', 32);
INSERT INTO City (cityID, cityName, stateID)
Values (3145, 'Glenwood Landing', 32);
INSERT INTO City (cityID, cityName, stateID)
Values (3146, 'Gloversville', 32);
INSERT INTO City (cityID, cityName, stateID)
Values (3147, 'Goldens Bridge', 32);
INSERT INTO City (cityID, cityName, stateID)
Values (3148, 'Gorham', 32);
INSERT INTO City (cityID, cityName, stateID)
Values (3149, 'Goshen', 32);
INSERT INTO City (cityID, cityName, stateID)
Values (3150, 'Gouverneur', 32);
INSERT INTO City (cityID, cityName, stateID)
Values (3151, 'Gowanda', 32);
INSERT INTO City (cityID, cityName, stateID)
Values (3152, 'Grafton', 32);
INSERT INTO City (cityID, cityName, stateID)
Values (3153, 'Grahamsville', 32);
INSERT INTO City (cityID, cityName, stateID)
Values (3154, 'Grand Gorge', 32);
INSERT INTO City (cityID, cityName, stateID)
Values (3155, 'Grand Island', 32);
INSERT INTO City (cityID, cityName, stateID)
Values (3156, 'Granite Springs', 32);
INSERT INTO City (cityID, cityName, stateID)
Values (3157, 'Granville', 32);
INSERT INTO City (cityID, cityName, stateID)
Values (3158, 'Great Bend', 32);
INSERT INTO City (cityID, cityName, stateID)
Values (3159, 'Great Neck', 32);
INSERT INTO City (cityID, cityName, stateID)
Values (3160, 'Great River', 32);
INSERT INTO City (cityID, cityName, stateID)
Values (3161, 'Great Valley', 32);
INSERT INTO City (cityID, cityName, stateID)
Values (3162, 'Greene', 32);
INSERT INTO City (cityID, cityName, stateID)
Values (3163, 'Greenfield Center', 32);
INSERT INTO City (cityID, cityName, stateID)
Values (3164, 'Greenfield Park', 32);
INSERT INTO City (cityID, cityName, stateID)
Values (3165, 'Greenhurst', 32);
INSERT INTO City (cityID, cityName, stateID)
Values (3166, 'Greenlawn', 32);
INSERT INTO City (cityID, cityName, stateID)
Values (3167, 'Greenport', 32);
INSERT INTO City (cityID, cityName, stateID)
Values (3168, 'Greenvale', 32);
INSERT INTO City (cityID, cityName, stateID)
Values (3169, 'Greenville', 32);
INSERT INTO City (cityID, cityName, stateID)
Values (3170, 'Greenwich', 32);
INSERT INTO City (cityID, cityName, stateID)
Values (3171, 'Greenwood', 32);
INSERT INTO City (cityID, cityName, stateID)
Values (3172, 'Greenwood Lake', 32);
INSERT INTO City (cityID, cityName, stateID)
Values (3173, 'Greig', 32);
INSERT INTO City (cityID, cityName, stateID)
Values (3174, 'Groton', 32);
INSERT INTO City (cityID, cityName, stateID)
Values (3175, 'Groveland', 32);
INSERT INTO City (cityID, cityName, stateID)
Values (3176, 'Guilderland', 32);
INSERT INTO City (cityID, cityName, stateID)
Values (3177, 'Guilderland Center', 32);
INSERT INTO City (cityID, cityName, stateID)
Values (3178, 'Guilford', 32);
INSERT INTO City (cityID, cityName, stateID)
Values (3179, 'Hadley', 32);
INSERT INTO City (cityID, cityName, stateID)
Values (3180, 'Hagaman', 32);
INSERT INTO City (cityID, cityName, stateID)
Values (3181, 'Hague', 32);
INSERT INTO City (cityID, cityName, stateID)
Values (3182, 'Hailesboro', 32);
INSERT INTO City (cityID, cityName, stateID)
Values (3183, 'Haines Falls', 32);
INSERT INTO City (cityID, cityName, stateID)
Values (3184, 'Halcottsville', 32);
INSERT INTO City (cityID, cityName, stateID)
Values (3185, 'Hall', 32);
INSERT INTO City (cityID, cityName, stateID)
Values (3186, 'Hamburg', 32);
INSERT INTO City (cityID, cityName, stateID)
Values (3187, 'Hamden', 32);
INSERT INTO City (cityID, cityName, stateID)
Values (3188, 'Hamilton', 32);
INSERT INTO City (cityID, cityName, stateID)
Values (3189, 'Hamlin', 32);
INSERT INTO City (cityID, cityName, stateID)
Values (3190, 'Hammond', 32);
INSERT INTO City (cityID, cityName, stateID)
Values (3191, 'Hammondsport', 32);
INSERT INTO City (cityID, cityName, stateID)
Values (3192, 'Hampton', 32);
INSERT INTO City (cityID, cityName, stateID)
Values (3193, 'Hampton Bays', 32);
INSERT INTO City (cityID, cityName, stateID)
Values (3194, 'Hancock', 32);
INSERT INTO City (cityID, cityName, stateID)
Values (3195, 'Hankins', 32);
INSERT INTO City (cityID, cityName, stateID)
Values (3196, 'Hannacroix', 32);
INSERT INTO City (cityID, cityName, stateID)
Values (3197, 'Hannawa Falls', 32);
INSERT INTO City (cityID, cityName, stateID)
Values (3198, 'Hannibal', 32);
INSERT INTO City (cityID, cityName, stateID)
Values (3199, 'Harford', 32);
INSERT INTO City (cityID, cityName, stateID)
Values (3200, 'Harpersfield', 32);
INSERT INTO City (cityID, cityName, stateID)
Values (3201, 'Harpursville', 32);
INSERT INTO City (cityID, cityName, stateID)
Values (3202, 'Harriman', 32);
INSERT INTO City (cityID, cityName, stateID)
Values (3203, 'Harris', 32);
INSERT INTO City (cityID, cityName, stateID)
Values (3204, 'Harrison', 32);
INSERT INTO City (cityID, cityName, stateID)
Values (3205, 'Harrisville', 32);
INSERT INTO City (cityID, cityName, stateID)
Values (3206, 'Hartford', 32);
INSERT INTO City (cityID, cityName, stateID)
Values (3207, 'Hartsdale', 32);
INSERT INTO City (cityID, cityName, stateID)
Values (3208, 'Hartwick', 32);
INSERT INTO City (cityID, cityName, stateID)
Values (3209, 'Hastings', 32);
INSERT INTO City (cityID, cityName, stateID)
Values (3210, 'Hastings On Hudson', 32);
INSERT INTO City (cityID, cityName, stateID)
Values (3211, 'Hauppauge', 32);
INSERT INTO City (cityID, cityName, stateID)
Values (3212, 'Haverstraw', 32);
INSERT INTO City (cityID, cityName, stateID)
Values (3213, 'Hawthorne', 32);
INSERT INTO City (cityID, cityName, stateID)
Values (3214, 'Hector', 32);
INSERT INTO City (cityID, cityName, stateID)
Values (3215, 'Helena', 32);
INSERT INTO City (cityID, cityName, stateID)
Values (3216, 'Hemlock', 32);
INSERT INTO City (cityID, cityName, stateID)
Values (3217, 'Hempstead', 32);
INSERT INTO City (cityID, cityName, stateID)
Values (3218, 'Henderson', 32);
INSERT INTO City (cityID, cityName, stateID)
Values (3219, 'Henderson Harbor', 32);
INSERT INTO City (cityID, cityName, stateID)
Values (3220, 'Henrietta', 32);
INSERT INTO City (cityID, cityName, stateID)
Values (3221, 'Hensonville', 32);
INSERT INTO City (cityID, cityName, stateID)
Values (3222, 'Herkimer', 32);
INSERT INTO City (cityID, cityName, stateID)
Values (3223, 'Hermon', 32);
INSERT INTO City (cityID, cityName, stateID)
Values (3224, 'Heuvelton', 32);
INSERT INTO City (cityID, cityName, stateID)
Values (3225, 'Hewlett', 32);
INSERT INTO City (cityID, cityName, stateID)
Values (3226, 'Hicksville', 32);
INSERT INTO City (cityID, cityName, stateID)
Values (3227, 'High Falls', 32);
INSERT INTO City (cityID, cityName, stateID)
Values (3228, 'Highland', 32);
INSERT INTO City (cityID, cityName, stateID)
Values (3229, 'Highland Falls', 32);
INSERT INTO City (cityID, cityName, stateID)
Values (3230, 'Highland Lake', 32);
INSERT INTO City (cityID, cityName, stateID)
Values (3231, 'Highland Mills', 32);
INSERT INTO City (cityID, cityName, stateID)
Values (3232, 'Highmount', 32);
INSERT INTO City (cityID, cityName, stateID)
Values (3233, 'Hillburn', 32);
INSERT INTO City (cityID, cityName, stateID)
Values (3234, 'Hillsdale', 32);
INSERT INTO City (cityID, cityName, stateID)
Values (3235, 'Hilton', 32);
INSERT INTO City (cityID, cityName, stateID)
Values (3236, 'Himrod', 32);
INSERT INTO City (cityID, cityName, stateID)
Values (3237, 'Hinckley', 32);
INSERT INTO City (cityID, cityName, stateID)
Values (3238, 'Hinsdale', 32);
INSERT INTO City (cityID, cityName, stateID)
Values (3239, 'Hobart', 32);
INSERT INTO City (cityID, cityName, stateID)
Values (3240, 'Hoffmeister', 32);
INSERT INTO City (cityID, cityName, stateID)
Values (3241, 'Hogansburg', 32);
INSERT INTO City (cityID, cityName, stateID)
Values (3242, 'Holbrook', 32);
INSERT INTO City (cityID, cityName, stateID)
Values (3243, 'Holland', 32);
INSERT INTO City (cityID, cityName, stateID)
Values (3244, 'Holland Patent', 32);
INSERT INTO City (cityID, cityName, stateID)
Values (3245, 'Holley', 32);
INSERT INTO City (cityID, cityName, stateID)
Values (3246, 'Hollis', 32);
INSERT INTO City (cityID, cityName, stateID)
Values (3247, 'Hollowville', 32);
INSERT INTO City (cityID, cityName, stateID)
Values (3248, 'Holmes', 32);
INSERT INTO City (cityID, cityName, stateID)
Values (3249, 'Holtsville', 32);
INSERT INTO City (cityID, cityName, stateID)
Values (3250, 'Homer', 32);
INSERT INTO City (cityID, cityName, stateID)
Values (3251, 'Honeoye', 32);
INSERT INTO City (cityID, cityName, stateID)
Values (3252, 'Honeoye Falls', 32);
INSERT INTO City (cityID, cityName, stateID)
Values (3253, 'Hoosick', 32);
INSERT INTO City (cityID, cityName, stateID)
Values (3254, 'Hoosick Falls', 32);
INSERT INTO City (cityID, cityName, stateID)
Values (3255, 'Hopewell Junction', 32);
INSERT INTO City (cityID, cityName, stateID)
Values (3256, 'Hornell', 32);
INSERT INTO City (cityID, cityName, stateID)
Values (3257, 'Horseheads', 32);
INSERT INTO City (cityID, cityName, stateID)
Values (3258, 'Hortonville', 32);
INSERT INTO City (cityID, cityName, stateID)
Values (3259, 'Houghton', 32);
INSERT INTO City (cityID, cityName, stateID)
Values (3260, 'Howard Beach', 32);
INSERT INTO City (cityID, cityName, stateID)
Values (3261, 'Howells', 32);
INSERT INTO City (cityID, cityName, stateID)
Values (3262, 'Howes Cave', 32);
INSERT INTO City (cityID, cityName, stateID)
Values (3263, 'Hubbardsville', 32);
INSERT INTO City (cityID, cityName, stateID)
Values (3264, 'Hudson', 32);
INSERT INTO City (cityID, cityName, stateID)
Values (3265, 'Hudson Falls', 32);
INSERT INTO City (cityID, cityName, stateID)
Values (3266, 'Hughsonville', 32);
INSERT INTO City (cityID, cityName, stateID)
Values (3267, 'Huguenot', 32);
INSERT INTO City (cityID, cityName, stateID)
Values (3268, 'Huletts Landing', 32);
INSERT INTO City (cityID, cityName, stateID)
Values (3269, 'Hume', 32);
INSERT INTO City (cityID, cityName, stateID)
Values (3270, 'Hunt', 32);
INSERT INTO City (cityID, cityName, stateID)
Values (3271, 'Hunter', 32);
INSERT INTO City (cityID, cityName, stateID)
Values (3272, 'Huntington', 32);
INSERT INTO City (cityID, cityName, stateID)
Values (3273, 'Huntington Station', 32);
INSERT INTO City (cityID, cityName, stateID)
Values (3274, 'Hurley', 32);
INSERT INTO City (cityID, cityName, stateID)
Values (3275, 'Hurleyville', 32);
INSERT INTO City (cityID, cityName, stateID)
Values (3276, 'Hyde Park', 32);
INSERT INTO City (cityID, cityName, stateID)
Values (3277, 'Ilion', 32);
INSERT INTO City (cityID, cityName, stateID)
Values (3278, 'Indian Lake', 32);
INSERT INTO City (cityID, cityName, stateID)
Values (3279, 'Inlet', 32);
INSERT INTO City (cityID, cityName, stateID)
Values (3280, 'Interlaken', 32);
INSERT INTO City (cityID, cityName, stateID)
Values (3281, 'Inwood', 32);
INSERT INTO City (cityID, cityName, stateID)
Values (3282, 'Ionia', 32);
INSERT INTO City (cityID, cityName, stateID)
Values (3283, 'Irving', 32);
INSERT INTO City (cityID, cityName, stateID)
Values (3284, 'Irvington', 32);
INSERT INTO City (cityID, cityName, stateID)
Values (3285, 'Island Park', 32);
INSERT INTO City (cityID, cityName, stateID)
Values (3286, 'Islandia', 32);
INSERT INTO City (cityID, cityName, stateID)
Values (3287, 'Islip', 32);
INSERT INTO City (cityID, cityName, stateID)
Values (3288, 'Islip Terrace', 32);
INSERT INTO City (cityID, cityName, stateID)
Values (3289, 'Ithaca', 32);
INSERT INTO City (cityID, cityName, stateID)
Values (3290, 'Jackson Heights', 32);
INSERT INTO City (cityID, cityName, stateID)
Values (3291, 'Jacksonville', 32);
INSERT INTO City (cityID, cityName, stateID)
Values (3292, 'Jamaica', 32);
INSERT INTO City (cityID, cityName, stateID)
Values (3293, 'Jamesport', 32);
INSERT INTO City (cityID, cityName, stateID)
Values (3294, 'Jamestown', 32);
INSERT INTO City (cityID, cityName, stateID)
Values (3295, 'Jamesville', 32);
INSERT INTO City (cityID, cityName, stateID)
Values (3296, 'Jasper', 32);
INSERT INTO City (cityID, cityName, stateID)
Values (3297, 'Java Center', 32);
INSERT INTO City (cityID, cityName, stateID)
Values (3298, 'Java Village', 32);
INSERT INTO City (cityID, cityName, stateID)
Values (3299, 'Jay', 32);
INSERT INTO City (cityID, cityName, stateID)
Values (3300, 'Jefferson', 32);
INSERT INTO City (cityID, cityName, stateID)
Values (3301, 'Jefferson Valley', 32);
INSERT INTO City (cityID, cityName, stateID)
Values (3302, 'Jeffersonville', 32);
INSERT INTO City (cityID, cityName, stateID)
Values (3303, 'Jericho', 32);
INSERT INTO City (cityID, cityName, stateID)
Values (3304, 'Jewett', 32);
INSERT INTO City (cityID, cityName, stateID)
Values (3305, 'Johnsburg', 32);
INSERT INTO City (cityID, cityName, stateID)
Values (3306, 'Johnson', 32);
INSERT INTO City (cityID, cityName, stateID)
Values (3307, 'Johnson City', 32);
INSERT INTO City (cityID, cityName, stateID)
Values (3308, 'Johnsonville', 32);
INSERT INTO City (cityID, cityName, stateID)
Values (3309, 'Johnstown', 32);
INSERT INTO City (cityID, cityName, stateID)
Values (3310, 'Jordan', 32);
INSERT INTO City (cityID, cityName, stateID)
Values (3311, 'Jordanville', 32);
INSERT INTO City (cityID, cityName, stateID)
Values (3312, 'Kanona', 32);
INSERT INTO City (cityID, cityName, stateID)
Values (3313, 'Katonah', 32);
INSERT INTO City (cityID, cityName, stateID)
Values (3314, 'Kattskill Bay', 32);
INSERT INTO City (cityID, cityName, stateID)
Values (3315, 'Kauneonga Lake', 32);
INSERT INTO City (cityID, cityName, stateID)
Values (3316, 'Keene', 32);
INSERT INTO City (cityID, cityName, stateID)
Values (3317, 'Keene Valley', 32);
INSERT INTO City (cityID, cityName, stateID)
Values (3318, 'Keeseville', 32);
INSERT INTO City (cityID, cityName, stateID)
Values (3319, 'Kendall', 32);
INSERT INTO City (cityID, cityName, stateID)
Values (3320, 'Kennedy', 32);
INSERT INTO City (cityID, cityName, stateID)
Values (3321, 'Kenoza Lake', 32);
INSERT INTO City (cityID, cityName, stateID)
Values (3322, 'Kent', 32);
INSERT INTO City (cityID, cityName, stateID)
Values (3323, 'Kerhonkson', 32);
INSERT INTO City (cityID, cityName, stateID)
Values (3324, 'Keuka Park', 32);
INSERT INTO City (cityID, cityName, stateID)
Values (3325, 'Kew Gardens', 32);
INSERT INTO City (cityID, cityName, stateID)
Values (3326, 'Kiamesha Lake', 32);
INSERT INTO City (cityID, cityName, stateID)
Values (3327, 'Kill Buck', 32);
INSERT INTO City (cityID, cityName, stateID)
Values (3328, 'Killawog', 32);
INSERT INTO City (cityID, cityName, stateID)
Values (3329, 'Kinderhook', 32);
INSERT INTO City (cityID, cityName, stateID)
Values (3330, 'King Ferry', 32);
INSERT INTO City (cityID, cityName, stateID)
Values (3331, 'Kings Park', 32);
INSERT INTO City (cityID, cityName, stateID)
Values (3332, 'Kingston', 32);
INSERT INTO City (cityID, cityName, stateID)
Values (3333, 'Kirkville', 32);
INSERT INTO City (cityID, cityName, stateID)
Values (3334, 'Kirkwood', 32);
INSERT INTO City (cityID, cityName, stateID)
Values (3335, 'Knowlesville', 32);
INSERT INTO City (cityID, cityName, stateID)
Values (3336, 'Knox', 32);
INSERT INTO City (cityID, cityName, stateID)
Values (3337, 'Knoxboro', 32);
INSERT INTO City (cityID, cityName, stateID)
Values (3338, 'La Fargeville', 32);
INSERT INTO City (cityID, cityName, stateID)
Values (3339, 'La Fayette', 32);
INSERT INTO City (cityID, cityName, stateID)
Values (3340, 'Lacona', 32);
INSERT INTO City (cityID, cityName, stateID)
Values (3341, 'Lagrangeville', 32);
INSERT INTO City (cityID, cityName, stateID)
Values (3342, 'Lake Clear', 32);
INSERT INTO City (cityID, cityName, stateID)
Values (3343, 'Lake George', 32);
INSERT INTO City (cityID, cityName, stateID)
Values (3344, 'Lake Grove', 32);
INSERT INTO City (cityID, cityName, stateID)
Values (3345, 'Lake Hill', 32);
INSERT INTO City (cityID, cityName, stateID)
Values (3346, 'Lake Huntington', 32);
INSERT INTO City (cityID, cityName, stateID)
Values (3347, 'Lake Katrine', 32);
INSERT INTO City (cityID, cityName, stateID)
Values (3348, 'Lake Luzerne', 32);
INSERT INTO City (cityID, cityName, stateID)
Values (3349, 'Lake Peekskill', 32);
INSERT INTO City (cityID, cityName, stateID)
Values (3350, 'Lake Placid', 32);
INSERT INTO City (cityID, cityName, stateID)
Values (3351, 'Lake Pleasant', 32);
INSERT INTO City (cityID, cityName, stateID)
Values (3352, 'Lake View', 32);
INSERT INTO City (cityID, cityName, stateID)
Values (3353, 'Lakemont', 32);
INSERT INTO City (cityID, cityName, stateID)
Values (3354, 'Lakeville', 32);
INSERT INTO City (cityID, cityName, stateID)
Values (3355, 'Lakewood', 32);
INSERT INTO City (cityID, cityName, stateID)
Values (3356, 'Lancaster', 32);
INSERT INTO City (cityID, cityName, stateID)
Values (3357, 'Lanesville', 32);
INSERT INTO City (cityID, cityName, stateID)
Values (3358, 'Lansing', 32);
INSERT INTO City (cityID, cityName, stateID)
Values (3359, 'Larchmont', 32);
INSERT INTO City (cityID, cityName, stateID)
Values (3360, 'Latham', 32);
INSERT INTO City (cityID, cityName, stateID)
Values (3361, 'Laurel', 32);
INSERT INTO City (cityID, cityName, stateID)
Values (3362, 'Laurens', 32);
INSERT INTO City (cityID, cityName, stateID)
Values (3363, 'Lawrence', 32);
INSERT INTO City (cityID, cityName, stateID)
Values (3364, 'Lawrenceville', 32);
INSERT INTO City (cityID, cityName, stateID)
Values (3365, 'Lawtons', 32);
INSERT INTO City (cityID, cityName, stateID)
Values (3366, 'Le Roy', 32);
INSERT INTO City (cityID, cityName, stateID)
Values (3367, 'Lee Center', 32);
INSERT INTO City (cityID, cityName, stateID)
Values (3368, 'Leeds', 32);
INSERT INTO City (cityID, cityName, stateID)
Values (3369, 'Leicester', 32);
INSERT INTO City (cityID, cityName, stateID)
Values (3370, 'Leon', 32);
INSERT INTO City (cityID, cityName, stateID)
Values (3371, 'Leonardsville', 32);
INSERT INTO City (cityID, cityName, stateID)
Values (3372, 'Levittown', 32);
INSERT INTO City (cityID, cityName, stateID)
Values (3373, 'Lewis', 32);
INSERT INTO City (cityID, cityName, stateID)
Values (3374, 'Lewiston', 32);
INSERT INTO City (cityID, cityName, stateID)
Values (3375, 'Lexington', 32);
INSERT INTO City (cityID, cityName, stateID)
Values (3376, 'Liberty', 32);
INSERT INTO City (cityID, cityName, stateID)
Values (3377, 'Lily Dale', 32);
INSERT INTO City (cityID, cityName, stateID)
Values (3378, 'Lima', 32);
INSERT INTO City (cityID, cityName, stateID)
Values (3379, 'Limerick', 32);
INSERT INTO City (cityID, cityName, stateID)
Values (3380, 'Limestone', 32);
INSERT INTO City (cityID, cityName, stateID)
Values (3381, 'Lincolndale', 32);
INSERT INTO City (cityID, cityName, stateID)
Values (3382, 'Lindenhurst', 32);
INSERT INTO City (cityID, cityName, stateID)
Values (3383, 'Lindley', 32);
INSERT INTO City (cityID, cityName, stateID)
Values (3384, 'Linwood', 32);
INSERT INTO City (cityID, cityName, stateID)
Values (3385, 'Lisbon', 32);
INSERT INTO City (cityID, cityName, stateID)
Values (3386, 'Lisle', 32);
INSERT INTO City (cityID, cityName, stateID)
Values (3387, 'Little Falls', 32);
INSERT INTO City (cityID, cityName, stateID)
Values (3388, 'Little Genesee', 32);
INSERT INTO City (cityID, cityName, stateID)
Values (3389, 'Little Neck', 32);
INSERT INTO City (cityID, cityName, stateID)
Values (3390, 'Little Valley', 32);
INSERT INTO City (cityID, cityName, stateID)
Values (3391, 'Little York', 32);
INSERT INTO City (cityID, cityName, stateID)
Values (3392, 'Liverpool', 32);
INSERT INTO City (cityID, cityName, stateID)
Values (3393, 'Livingston', 32);
INSERT INTO City (cityID, cityName, stateID)
Values (3394, 'Livingston Manor', 32);
INSERT INTO City (cityID, cityName, stateID)
Values (3395, 'Livonia', 32);
INSERT INTO City (cityID, cityName, stateID)
Values (3396, 'Livonia Center', 32);
INSERT INTO City (cityID, cityName, stateID)
Values (3397, 'Loch Sheldrake', 32);
INSERT INTO City (cityID, cityName, stateID)
Values (3398, 'Locke', 32);
INSERT INTO City (cityID, cityName, stateID)
Values (3399, 'Lockport', 32);
INSERT INTO City (cityID, cityName, stateID)
Values (3400, 'Lockwood', 32);
INSERT INTO City (cityID, cityName, stateID)
Values (3401, 'Locust Valley', 32);
INSERT INTO City (cityID, cityName, stateID)
Values (3402, 'Lodi', 32);
INSERT INTO City (cityID, cityName, stateID)
Values (3403, 'Long Beach', 32);
INSERT INTO City (cityID, cityName, stateID)
Values (3404, 'Long Eddy', 32);
INSERT INTO City (cityID, cityName, stateID)
Values (3405, 'Long Island City', 32);
INSERT INTO City (cityID, cityName, stateID)
Values (3406, 'Long Lake', 32);
INSERT INTO City (cityID, cityName, stateID)
Values (3407, 'Lorraine', 32);
INSERT INTO City (cityID, cityName, stateID)
Values (3408, 'Lowman', 32);
INSERT INTO City (cityID, cityName, stateID)
Values (3409, 'Lowville', 32);
INSERT INTO City (cityID, cityName, stateID)
Values (3410, 'Lycoming', 32);
INSERT INTO City (cityID, cityName, stateID)
Values (3411, 'Lynbrook', 32);
INSERT INTO City (cityID, cityName, stateID)
Values (3412, 'Lyndonville', 32);
INSERT INTO City (cityID, cityName, stateID)
Values (3413, 'Lyon Mountain', 32);
INSERT INTO City (cityID, cityName, stateID)
Values (3414, 'Lyons', 32);
INSERT INTO City (cityID, cityName, stateID)
Values (3415, 'Lyons Falls', 32);
INSERT INTO City (cityID, cityName, stateID)
Values (3416, 'Macedon', 32);
INSERT INTO City (cityID, cityName, stateID)
Values (3417, 'Machias', 32);
INSERT INTO City (cityID, cityName, stateID)
Values (3418, 'Madison', 32);
INSERT INTO City (cityID, cityName, stateID)
Values (3419, 'Madrid', 32);
INSERT INTO City (cityID, cityName, stateID)
Values (3420, 'Mahopac', 32);
INSERT INTO City (cityID, cityName, stateID)
Values (3421, 'Mahopac Falls', 32);
INSERT INTO City (cityID, cityName, stateID)
Values (3422, 'Maine', 32);
INSERT INTO City (cityID, cityName, stateID)
Values (3423, 'Malden Bridge', 32);
INSERT INTO City (cityID, cityName, stateID)
Values (3424, 'Malden On Hudson', 32);
INSERT INTO City (cityID, cityName, stateID)
Values (3425, 'Mallory', 32);
INSERT INTO City (cityID, cityName, stateID)
Values (3426, 'Malone', 32);
INSERT INTO City (cityID, cityName, stateID)
Values (3427, 'Malverne', 32);
INSERT INTO City (cityID, cityName, stateID)
Values (3428, 'Mamaroneck', 32);
INSERT INTO City (cityID, cityName, stateID)
Values (3429, 'Manchester', 32);
INSERT INTO City (cityID, cityName, stateID)
Values (3430, 'Manhasset', 32);
INSERT INTO City (cityID, cityName, stateID)
Values (3431, 'Manlius', 32);
INSERT INTO City (cityID, cityName, stateID)
Values (3432, 'Mannsville', 32);
INSERT INTO City (cityID, cityName, stateID)
Values (3433, 'Manorville', 32);
INSERT INTO City (cityID, cityName, stateID)
Values (3434, 'Maple Springs', 32);
INSERT INTO City (cityID, cityName, stateID)
Values (3435, 'Maple View', 32);
INSERT INTO City (cityID, cityName, stateID)
Values (3436, 'Maplecrest', 32);
INSERT INTO City (cityID, cityName, stateID)
Values (3437, 'Marathon', 32);
INSERT INTO City (cityID, cityName, stateID)
Values (3438, 'Marcellus', 32);
INSERT INTO City (cityID, cityName, stateID)
Values (3439, 'Marcy', 32);
INSERT INTO City (cityID, cityName, stateID)
Values (3440, 'Margaretville', 32);
INSERT INTO City (cityID, cityName, stateID)
Values (3441, 'Marietta', 32);
INSERT INTO City (cityID, cityName, stateID)
Values (3442, 'Marilla', 32);
INSERT INTO City (cityID, cityName, stateID)
Values (3443, 'Marion', 32);
INSERT INTO City (cityID, cityName, stateID)
Values (3444, 'Marlboro', 32);
INSERT INTO City (cityID, cityName, stateID)
Values (3445, 'Martinsburg', 32);
INSERT INTO City (cityID, cityName, stateID)
Values (3446, 'Martville', 32);
INSERT INTO City (cityID, cityName, stateID)
Values (3447, 'Maryknoll', 32);
INSERT INTO City (cityID, cityName, stateID)
Values (3448, 'Maryland', 32);
INSERT INTO City (cityID, cityName, stateID)
Values (3449, 'Masonville', 32);
INSERT INTO City (cityID, cityName, stateID)
Values (3450, 'Maspeth', 32);
INSERT INTO City (cityID, cityName, stateID)
Values (3451, 'Massapequa', 32);
INSERT INTO City (cityID, cityName, stateID)
Values (3452, 'Massapequa Park', 32);
INSERT INTO City (cityID, cityName, stateID)
Values (3453, 'Massena', 32);
INSERT INTO City (cityID, cityName, stateID)
Values (3454, 'Mastic', 32);
INSERT INTO City (cityID, cityName, stateID)
Values (3455, 'Mastic Beach', 32);
INSERT INTO City (cityID, cityName, stateID)
Values (3456, 'Mattituck', 32);
INSERT INTO City (cityID, cityName, stateID)
Values (3457, 'Maybrook', 32);
INSERT INTO City (cityID, cityName, stateID)
Values (3458, 'Mayfield', 32);
INSERT INTO City (cityID, cityName, stateID)
Values (3459, 'Mayville', 32);
INSERT INTO City (cityID, cityName, stateID)
Values (3460, 'Mc Connellsville', 32);
INSERT INTO City (cityID, cityName, stateID)
Values (3461, 'Mc Donough', 32);
INSERT INTO City (cityID, cityName, stateID)
Values (3462, 'Mc Graw', 32);
INSERT INTO City (cityID, cityName, stateID)
Values (3463, 'Mc Lean', 32);
INSERT INTO City (cityID, cityName, stateID)
Values (3464, 'Mechanicville', 32);
INSERT INTO City (cityID, cityName, stateID)
Values (3465, 'Mecklenburg', 32);
INSERT INTO City (cityID, cityName, stateID)
Values (3466, 'Medford', 32);
INSERT INTO City (cityID, cityName, stateID)
Values (3467, 'Medina', 32);
INSERT INTO City (cityID, cityName, stateID)
Values (3468, 'Medusa', 32);
INSERT INTO City (cityID, cityName, stateID)
Values (3469, 'Mellenville', 32);
INSERT INTO City (cityID, cityName, stateID)
Values (3470, 'Melrose', 32);
INSERT INTO City (cityID, cityName, stateID)
Values (3471, 'Melville', 32);
INSERT INTO City (cityID, cityName, stateID)
Values (3472, 'Memphis', 32);
INSERT INTO City (cityID, cityName, stateID)
Values (3473, 'Mendon', 32);
INSERT INTO City (cityID, cityName, stateID)
Values (3474, 'Meridale', 32);
INSERT INTO City (cityID, cityName, stateID)
Values (3475, 'Meridian', 32);
INSERT INTO City (cityID, cityName, stateID)
Values (3476, 'Merrick', 32);
INSERT INTO City (cityID, cityName, stateID)
Values (3477, 'Mexico', 32);
INSERT INTO City (cityID, cityName, stateID)
Values (3478, 'Middle Falls', 32);
INSERT INTO City (cityID, cityName, stateID)
Values (3479, 'Middle Granville', 32);
INSERT INTO City (cityID, cityName, stateID)
Values (3480, 'Middle Grove', 32);
INSERT INTO City (cityID, cityName, stateID)
Values (3481, 'Middle Island', 32);
INSERT INTO City (cityID, cityName, stateID)
Values (3482, 'Middle Village', 32);
INSERT INTO City (cityID, cityName, stateID)
Values (3483, 'Middleburgh', 32);
INSERT INTO City (cityID, cityName, stateID)
Values (3484, 'Middleport', 32);
INSERT INTO City (cityID, cityName, stateID)
Values (3485, 'Middlesex', 32);
INSERT INTO City (cityID, cityName, stateID)
Values (3486, 'Middletown', 32);
INSERT INTO City (cityID, cityName, stateID)
Values (3487, 'Middleville', 32);
INSERT INTO City (cityID, cityName, stateID)
Values (3488, 'Milford', 32);
INSERT INTO City (cityID, cityName, stateID)
Values (3489, 'Mill Neck', 32);
INSERT INTO City (cityID, cityName, stateID)
Values (3490, 'Millbrook', 32);
INSERT INTO City (cityID, cityName, stateID)
Values (3491, 'Miller Place', 32);
INSERT INTO City (cityID, cityName, stateID)
Values (3492, 'Millerton', 32);
INSERT INTO City (cityID, cityName, stateID)
Values (3493, 'Millport', 32);
INSERT INTO City (cityID, cityName, stateID)
Values (3494, 'Millwood', 32);
INSERT INTO City (cityID, cityName, stateID)
Values (3495, 'Milton', 32);
INSERT INTO City (cityID, cityName, stateID)
Values (3496, 'Mineola', 32);
INSERT INTO City (cityID, cityName, stateID)
Values (3497, 'Minerva', 32);
INSERT INTO City (cityID, cityName, stateID)
Values (3498, 'Minetto', 32);
INSERT INTO City (cityID, cityName, stateID)
Values (3499, 'Mineville', 32);
INSERT INTO City (cityID, cityName, stateID)
Values (3500, 'Minoa', 32);
INSERT INTO City (cityID, cityName, stateID)
Values (3501, 'Model City', 32);
INSERT INTO City (cityID, cityName, stateID)
Values (3502, 'Modena', 32);
INSERT INTO City (cityID, cityName, stateID)
Values (3503, 'Mohawk', 32);
INSERT INTO City (cityID, cityName, stateID)
Values (3504, 'Mohegan Lake', 32);
INSERT INTO City (cityID, cityName, stateID)
Values (3505, 'Moira', 32);
INSERT INTO City (cityID, cityName, stateID)
Values (3506, 'Mongaup Valley', 32);
INSERT INTO City (cityID, cityName, stateID)
Values (3507, 'Monroe', 32);
INSERT INTO City (cityID, cityName, stateID)
Values (3508, 'Monsey', 32);
INSERT INTO City (cityID, cityName, stateID)
Values (3509, 'Montauk', 32);
INSERT INTO City (cityID, cityName, stateID)
Values (3510, 'Montezuma', 32);
INSERT INTO City (cityID, cityName, stateID)
Values (3511, 'Montgomery', 32);
INSERT INTO City (cityID, cityName, stateID)
Values (3512, 'Monticello', 32);
INSERT INTO City (cityID, cityName, stateID)
Values (3513, 'Montour Falls', 32);
INSERT INTO City (cityID, cityName, stateID)
Values (3514, 'Montrose', 32);
INSERT INTO City (cityID, cityName, stateID)
Values (3515, 'Mooers', 32);
INSERT INTO City (cityID, cityName, stateID)
Values (3516, 'Mooers Forks', 32);
INSERT INTO City (cityID, cityName, stateID)
Values (3517, 'Moravia', 32);
INSERT INTO City (cityID, cityName, stateID)
Values (3518, 'Moriah', 32);
INSERT INTO City (cityID, cityName, stateID)
Values (3519, 'Moriah Center', 32);
INSERT INTO City (cityID, cityName, stateID)
Values (3520, 'Moriches', 32);
INSERT INTO City (cityID, cityName, stateID)
Values (3521, 'Morris', 32);
INSERT INTO City (cityID, cityName, stateID)
Values (3522, 'Morrisonville', 32);
INSERT INTO City (cityID, cityName, stateID)
Values (3523, 'Morristown', 32);
INSERT INTO City (cityID, cityName, stateID)
Values (3524, 'Morrisville', 32);
INSERT INTO City (cityID, cityName, stateID)
Values (3525, 'Morton', 32);
INSERT INTO City (cityID, cityName, stateID)
Values (3526, 'Mottville', 32);
INSERT INTO City (cityID, cityName, stateID)
Values (3527, 'Mount Kisco', 32);
INSERT INTO City (cityID, cityName, stateID)
Values (3528, 'Mount Marion', 32);
INSERT INTO City (cityID, cityName, stateID)
Values (3529, 'Mount Morris', 32);
INSERT INTO City (cityID, cityName, stateID)
Values (3530, 'Mount Sinai', 32);
INSERT INTO City (cityID, cityName, stateID)
Values (3531, 'Mount Tremper', 32);
INSERT INTO City (cityID, cityName, stateID)
Values (3532, 'Mount Upton', 32);
INSERT INTO City (cityID, cityName, stateID)
Values (3533, 'Mount Vernon', 32);
INSERT INTO City (cityID, cityName, stateID)
Values (3534, 'Mount Vision', 32);
INSERT INTO City (cityID, cityName, stateID)
Values (3535, 'Mountain Dale', 32);
INSERT INTO City (cityID, cityName, stateID)
Values (3536, 'Mountainville', 32);
INSERT INTO City (cityID, cityName, stateID)
Values (3537, 'Mumford', 32);
INSERT INTO City (cityID, cityName, stateID)
Values (3538, 'Munnsville', 32);
INSERT INTO City (cityID, cityName, stateID)
Values (3539, 'Nanuet', 32);
INSERT INTO City (cityID, cityName, stateID)
Values (3540, 'Napanoch', 32);
INSERT INTO City (cityID, cityName, stateID)
Values (3541, 'Naples', 32);
INSERT INTO City (cityID, cityName, stateID)
Values (3542, 'Narrowsburg', 32);
INSERT INTO City (cityID, cityName, stateID)
Values (3543, 'Nassau', 32);
INSERT INTO City (cityID, cityName, stateID)
Values (3544, 'Natural Bridge', 32);
INSERT INTO City (cityID, cityName, stateID)
Values (3545, 'Nedrow', 32);
INSERT INTO City (cityID, cityName, stateID)
Values (3546, 'Nelliston', 32);
INSERT INTO City (cityID, cityName, stateID)
Values (3547, 'Nesconset', 32);
INSERT INTO City (cityID, cityName, stateID)
Values (3548, 'Neversink', 32);
INSERT INTO City (cityID, cityName, stateID)
Values (3549, 'New Baltimore', 32);
INSERT INTO City (cityID, cityName, stateID)
Values (3550, 'New Berlin', 32);
INSERT INTO City (cityID, cityName, stateID)
Values (3551, 'New City', 32);
INSERT INTO City (cityID, cityName, stateID)
Values (3552, 'New Hampton', 32);
INSERT INTO City (cityID, cityName, stateID)
Values (3553, 'New Hartford', 32);
INSERT INTO City (cityID, cityName, stateID)
Values (3554, 'New Haven', 32);
INSERT INTO City (cityID, cityName, stateID)
Values (3555, 'New Hyde Park', 32);
INSERT INTO City (cityID, cityName, stateID)
Values (3556, 'New Kingston', 32);
INSERT INTO City (cityID, cityName, stateID)
Values (3557, 'New Lebanon', 32);
INSERT INTO City (cityID, cityName, stateID)
Values (3558, 'New Lisbon', 32);
INSERT INTO City (cityID, cityName, stateID)
Values (3559, 'New Milford', 32);
INSERT INTO City (cityID, cityName, stateID)
Values (3560, 'New Paltz', 32);
INSERT INTO City (cityID, cityName, stateID)
Values (3561, 'New Rochelle', 32);
INSERT INTO City (cityID, cityName, stateID)
Values (3562, 'New Russia', 32);
INSERT INTO City (cityID, cityName, stateID)
Values (3563, 'New Suffolk', 32);
INSERT INTO City (cityID, cityName, stateID)
Values (3564, 'New Windsor', 32);
INSERT INTO City (cityID, cityName, stateID)
Values (3565, 'New Woodstock', 32);
INSERT INTO City (cityID, cityName, stateID)
Values (3566, 'New York', 32);
INSERT INTO City (cityID, cityName, stateID)
Values (3567, 'New York Mills', 32);
INSERT INTO City (cityID, cityName, stateID)
Values (3568, 'Newark', 32);
INSERT INTO City (cityID, cityName, stateID)
Values (3569, 'Newark Valley', 32);
INSERT INTO City (cityID, cityName, stateID)
Values (3570, 'Newburgh', 32);
INSERT INTO City (cityID, cityName, stateID)
Values (3571, 'Newcomb', 32);
INSERT INTO City (cityID, cityName, stateID)
Values (3572, 'Newfane', 32);
INSERT INTO City (cityID, cityName, stateID)
Values (3573, 'Newfield', 32);
INSERT INTO City (cityID, cityName, stateID)
Values (3574, 'Newport', 32);
INSERT INTO City (cityID, cityName, stateID)
Values (3575, 'Newton Falls', 32);
INSERT INTO City (cityID, cityName, stateID)
Values (3576, 'Newtonville', 32);
INSERT INTO City (cityID, cityName, stateID)
Values (3577, 'Niagara Falls', 32);
INSERT INTO City (cityID, cityName, stateID)
Values (3578, 'Niagara University', 32);
INSERT INTO City (cityID, cityName, stateID)
Values (3579, 'Nichols', 32);
INSERT INTO City (cityID, cityName, stateID)
Values (3580, 'Nicholville', 32);
INSERT INTO City (cityID, cityName, stateID)
Values (3581, 'Nineveh', 32);
INSERT INTO City (cityID, cityName, stateID)
Values (3582, 'Niobe', 32);
INSERT INTO City (cityID, cityName, stateID)
Values (3583, 'Niverville', 32);
INSERT INTO City (cityID, cityName, stateID)
Values (3584, 'Norfolk', 32);
INSERT INTO City (cityID, cityName, stateID)
Values (3585, 'North Babylon', 32);
INSERT INTO City (cityID, cityName, stateID)
Values (3586, 'North Bangor', 32);
INSERT INTO City (cityID, cityName, stateID)
Values (3587, 'North Bay', 32);
INSERT INTO City (cityID, cityName, stateID)
Values (3588, 'North Blenheim', 32);
INSERT INTO City (cityID, cityName, stateID)
Values (3589, 'North Boston', 32);
INSERT INTO City (cityID, cityName, stateID)
Values (3590, 'North Branch', 32);
INSERT INTO City (cityID, cityName, stateID)
Values (3591, 'North Brookfield', 32);
INSERT INTO City (cityID, cityName, stateID)
Values (3592, 'North Chatham', 32);
INSERT INTO City (cityID, cityName, stateID)
Values (3593, 'North Chili', 32);
INSERT INTO City (cityID, cityName, stateID)
Values (3594, 'North Collins', 32);
INSERT INTO City (cityID, cityName, stateID)
Values (3595, 'North Creek', 32);
INSERT INTO City (cityID, cityName, stateID)
Values (3596, 'North Evans', 32);
INSERT INTO City (cityID, cityName, stateID)
Values (3597, 'North Granville', 32);
INSERT INTO City (cityID, cityName, stateID)
Values (3598, 'North Greece', 32);
INSERT INTO City (cityID, cityName, stateID)
Values (3599, 'North Hoosick', 32);
INSERT INTO City (cityID, cityName, stateID)
Values (3600, 'North Hudson', 32);
INSERT INTO City (cityID, cityName, stateID)
Values (3601, 'North Java', 32);
INSERT INTO City (cityID, cityName, stateID)
Values (3602, 'North Lawrence', 32);
INSERT INTO City (cityID, cityName, stateID)
Values (3603, 'North Norwich', 32);
INSERT INTO City (cityID, cityName, stateID)
Values (3604, 'North Pitcher', 32);
INSERT INTO City (cityID, cityName, stateID)
Values (3605, 'North River', 32);
INSERT INTO City (cityID, cityName, stateID)
Values (3606, 'North Rose', 32);
INSERT INTO City (cityID, cityName, stateID)
Values (3607, 'North Salem', 32);
INSERT INTO City (cityID, cityName, stateID)
Values (3608, 'North Tonawanda', 32);
INSERT INTO City (cityID, cityName, stateID)
Values (3609, 'Northport', 32);
INSERT INTO City (cityID, cityName, stateID)
Values (3610, 'Northville', 32);
INSERT INTO City (cityID, cityName, stateID)
Values (3611, 'Norwich', 32);
INSERT INTO City (cityID, cityName, stateID)
Values (3612, 'Norwood', 32);
INSERT INTO City (cityID, cityName, stateID)
Values (3613, 'Nunda', 32);
INSERT INTO City (cityID, cityName, stateID)
Values (3614, 'Nyack', 32);
INSERT INTO City (cityID, cityName, stateID)
Values (3615, 'Oak Hill', 32);
INSERT INTO City (cityID, cityName, stateID)
Values (3616, 'Oakdale', 32);
INSERT INTO City (cityID, cityName, stateID)
Values (3617, 'Oakfield', 32);
INSERT INTO City (cityID, cityName, stateID)
Values (3618, 'Oakland Gardens', 32);
INSERT INTO City (cityID, cityName, stateID)
Values (3619, 'Oaks Corners', 32);
INSERT INTO City (cityID, cityName, stateID)
Values (3620, 'Obernburg', 32);
INSERT INTO City (cityID, cityName, stateID)
Values (3621, 'Ocean Beach', 32);
INSERT INTO City (cityID, cityName, stateID)
Values (3622, 'Oceanside', 32);
INSERT INTO City (cityID, cityName, stateID)
Values (3623, 'Odessa', 32);
INSERT INTO City (cityID, cityName, stateID)
Values (3624, 'Ogdensburg', 32);
INSERT INTO City (cityID, cityName, stateID)
Values (3625, 'Olcott', 32);
INSERT INTO City (cityID, cityName, stateID)
Values (3626, 'Old Bethpage', 32);
INSERT INTO City (cityID, cityName, stateID)
Values (3627, 'Old Chatham', 32);
INSERT INTO City (cityID, cityName, stateID)
Values (3628, 'Old Forge', 32);
INSERT INTO City (cityID, cityName, stateID)
Values (3629, 'Old Westbury', 32);
INSERT INTO City (cityID, cityName, stateID)
Values (3630, 'Olean', 32);
INSERT INTO City (cityID, cityName, stateID)
Values (3631, 'Olivebridge', 32);
INSERT INTO City (cityID, cityName, stateID)
Values (3632, 'Olmstedville', 32);
INSERT INTO City (cityID, cityName, stateID)
Values (3633, 'Oneida', 32);
INSERT INTO City (cityID, cityName, stateID)
Values (3634, 'Oneonta', 32);
INSERT INTO City (cityID, cityName, stateID)
Values (3635, 'Ontario', 32);
INSERT INTO City (cityID, cityName, stateID)
Values (3636, 'Ontario Center', 32);
INSERT INTO City (cityID, cityName, stateID)
Values (3637, 'Orangeburg', 32);
INSERT INTO City (cityID, cityName, stateID)
Values (3638, 'Orchard Park', 32);
INSERT INTO City (cityID, cityName, stateID)
Values (3639, 'Orient', 32);
INSERT INTO City (cityID, cityName, stateID)
Values (3640, 'Oriskany', 32);
INSERT INTO City (cityID, cityName, stateID)
Values (3641, 'Oriskany Falls', 32);
INSERT INTO City (cityID, cityName, stateID)
Values (3642, 'Orwell', 32);
INSERT INTO City (cityID, cityName, stateID)
Values (3643, 'Ossining', 32);
INSERT INTO City (cityID, cityName, stateID)
Values (3644, 'Oswegatchie', 32);
INSERT INTO City (cityID, cityName, stateID)
Values (3645, 'Oswego', 32);
INSERT INTO City (cityID, cityName, stateID)
Values (3646, 'Otego', 32);
INSERT INTO City (cityID, cityName, stateID)
Values (3647, 'Otisville', 32);
INSERT INTO City (cityID, cityName, stateID)
Values (3648, 'Otto', 32);
INSERT INTO City (cityID, cityName, stateID)
Values (3649, 'Ouaquaga', 32);
INSERT INTO City (cityID, cityName, stateID)
Values (3650, 'Ovid', 32);
INSERT INTO City (cityID, cityName, stateID)
Values (3651, 'Owego', 32);
INSERT INTO City (cityID, cityName, stateID)
Values (3652, 'Owls Head', 32);
INSERT INTO City (cityID, cityName, stateID)
Values (3653, 'Oxbow', 32);
INSERT INTO City (cityID, cityName, stateID)
Values (3654, 'Oxford', 32);
INSERT INTO City (cityID, cityName, stateID)
Values (3655, 'Oyster Bay', 32);
INSERT INTO City (cityID, cityName, stateID)
Values (3656, 'Ozone Park', 32);
INSERT INTO City (cityID, cityName, stateID)
Values (3657, 'Painted Post', 32);
INSERT INTO City (cityID, cityName, stateID)
Values (3658, 'Palatine Bridge', 32);
INSERT INTO City (cityID, cityName, stateID)
Values (3659, 'Palenville', 32);
INSERT INTO City (cityID, cityName, stateID)
Values (3660, 'Palisades', 32);
INSERT INTO City (cityID, cityName, stateID)
Values (3661, 'Palmyra', 32);
INSERT INTO City (cityID, cityName, stateID)
Values (3662, 'Panama', 32);
INSERT INTO City (cityID, cityName, stateID)
Values (3663, 'Paradox', 32);
INSERT INTO City (cityID, cityName, stateID)
Values (3664, 'Parish', 32);
INSERT INTO City (cityID, cityName, stateID)
Values (3665, 'Parishville', 32);
INSERT INTO City (cityID, cityName, stateID)
Values (3666, 'Parksville', 32);
INSERT INTO City (cityID, cityName, stateID)
Values (3667, 'Patchogue', 32);
INSERT INTO City (cityID, cityName, stateID)
Values (3668, 'Patterson', 32);
INSERT INTO City (cityID, cityName, stateID)
Values (3669, 'Pattersonville', 32);
INSERT INTO City (cityID, cityName, stateID)
Values (3670, 'Paul Smiths', 32);
INSERT INTO City (cityID, cityName, stateID)
Values (3671, 'Pavilion', 32);
INSERT INTO City (cityID, cityName, stateID)
Values (3672, 'Pawling', 32);
INSERT INTO City (cityID, cityName, stateID)
Values (3673, 'Pearl River', 32);
INSERT INTO City (cityID, cityName, stateID)
Values (3674, 'Peconic', 32);
INSERT INTO City (cityID, cityName, stateID)
Values (3675, 'Peekskill', 32);
INSERT INTO City (cityID, cityName, stateID)
Values (3676, 'Pelham', 32);
INSERT INTO City (cityID, cityName, stateID)
Values (3677, 'Penfield', 32);
INSERT INTO City (cityID, cityName, stateID)
Values (3678, 'Penn Yan', 32);
INSERT INTO City (cityID, cityName, stateID)
Values (3679, 'Pennellville', 32);
INSERT INTO City (cityID, cityName, stateID)
Values (3680, 'Perkinsville', 32);
INSERT INTO City (cityID, cityName, stateID)
Values (3681, 'Perry', 32);
INSERT INTO City (cityID, cityName, stateID)
Values (3682, 'Perrysburg', 32);
INSERT INTO City (cityID, cityName, stateID)
Values (3683, 'Peru', 32);
INSERT INTO City (cityID, cityName, stateID)
Values (3684, 'Peterboro', 32);
INSERT INTO City (cityID, cityName, stateID)
Values (3685, 'Petersburg', 32);
INSERT INTO City (cityID, cityName, stateID)
Values (3686, 'Phelps', 32);
INSERT INTO City (cityID, cityName, stateID)
Values (3687, 'Philadelphia', 32);
INSERT INTO City (cityID, cityName, stateID)
Values (3688, 'Phillipsport', 32);
INSERT INTO City (cityID, cityName, stateID)
Values (3689, 'Philmont', 32);
INSERT INTO City (cityID, cityName, stateID)
Values (3690, 'Phoenicia', 32);
INSERT INTO City (cityID, cityName, stateID)
Values (3691, 'Phoenix', 32);
INSERT INTO City (cityID, cityName, stateID)
Values (3692, 'Piercefield', 32);
INSERT INTO City (cityID, cityName, stateID)
Values (3693, 'Piermont', 32);
INSERT INTO City (cityID, cityName, stateID)
Values (3694, 'Pierrepont Manor', 32);
INSERT INTO City (cityID, cityName, stateID)
Values (3695, 'Piffard', 32);
INSERT INTO City (cityID, cityName, stateID)
Values (3696, 'Pike', 32);
INSERT INTO City (cityID, cityName, stateID)
Values (3697, 'Pine Bush', 32);
INSERT INTO City (cityID, cityName, stateID)
Values (3698, 'Pine City', 32);
INSERT INTO City (cityID, cityName, stateID)
Values (3699, 'Pine Hill', 32);
INSERT INTO City (cityID, cityName, stateID)
Values (3700, 'Pine Island', 32);
INSERT INTO City (cityID, cityName, stateID)
Values (3701, 'Pine Plains', 32);
INSERT INTO City (cityID, cityName, stateID)
Values (3702, 'Pine Valley', 32);
INSERT INTO City (cityID, cityName, stateID)
Values (3703, 'Piseco', 32);
INSERT INTO City (cityID, cityName, stateID)
Values (3704, 'Pitcher', 32);
INSERT INTO City (cityID, cityName, stateID)
Values (3705, 'Pittsford', 32);
INSERT INTO City (cityID, cityName, stateID)
Values (3706, 'Plainview', 32);
INSERT INTO City (cityID, cityName, stateID)
Values (3707, 'Plainville', 32);
INSERT INTO City (cityID, cityName, stateID)
Values (3708, 'Plattekill', 32);
INSERT INTO City (cityID, cityName, stateID)
Values (3709, 'Plattsburgh', 32);
INSERT INTO City (cityID, cityName, stateID)
Values (3710, 'Pleasant Valley', 32);
INSERT INTO City (cityID, cityName, stateID)
Values (3711, 'Pleasantville', 32);
INSERT INTO City (cityID, cityName, stateID)
Values (3712, 'Plessis', 32);
INSERT INTO City (cityID, cityName, stateID)
Values (3713, 'Plymouth', 32);
INSERT INTO City (cityID, cityName, stateID)
Values (3714, 'Poestenkill', 32);
INSERT INTO City (cityID, cityName, stateID)
Values (3715, 'Point Lookout', 32);
INSERT INTO City (cityID, cityName, stateID)
Values (3716, 'Poland', 32);
INSERT INTO City (cityID, cityName, stateID)
Values (3717, 'Pomona', 32);
INSERT INTO City (cityID, cityName, stateID)
Values (3718, 'Pompey', 32);
INSERT INTO City (cityID, cityName, stateID)
Values (3719, 'Pond Eddy', 32);
INSERT INTO City (cityID, cityName, stateID)
Values (3720, 'Poplar Ridge', 32);
INSERT INTO City (cityID, cityName, stateID)
Values (3721, 'Port Byron', 32);
INSERT INTO City (cityID, cityName, stateID)
Values (3722, 'Port Chester', 32);
INSERT INTO City (cityID, cityName, stateID)
Values (3723, 'Port Crane', 32);
INSERT INTO City (cityID, cityName, stateID)
Values (3724, 'Port Ewen', 32);
INSERT INTO City (cityID, cityName, stateID)
Values (3725, 'Port Gibson', 32);
INSERT INTO City (cityID, cityName, stateID)
Values (3726, 'Port Henry', 32);
INSERT INTO City (cityID, cityName, stateID)
Values (3727, 'Port Jefferson', 32);
INSERT INTO City (cityID, cityName, stateID)
Values (3728, 'Port Jefferson Station', 32);
INSERT INTO City (cityID, cityName, stateID)
Values (3729, 'Port Jervis', 32);
INSERT INTO City (cityID, cityName, stateID)
Values (3730, 'Port Kent', 32);
INSERT INTO City (cityID, cityName, stateID)
Values (3731, 'Port Leyden', 32);
INSERT INTO City (cityID, cityName, stateID)
Values (3732, 'Port Washington', 32);
INSERT INTO City (cityID, cityName, stateID)
Values (3733, 'Portageville', 32);
INSERT INTO City (cityID, cityName, stateID)
Values (3734, 'Porter Corners', 32);
INSERT INTO City (cityID, cityName, stateID)
Values (3735, 'Portland', 32);
INSERT INTO City (cityID, cityName, stateID)
Values (3736, 'Portlandville', 32);
INSERT INTO City (cityID, cityName, stateID)
Values (3737, 'Portville', 32);
INSERT INTO City (cityID, cityName, stateID)
Values (3738, 'Potsdam', 32);
INSERT INTO City (cityID, cityName, stateID)
Values (3739, 'Pottersville', 32);
INSERT INTO City (cityID, cityName, stateID)
Values (3740, 'Poughkeepsie', 32);
INSERT INTO City (cityID, cityName, stateID)
Values (3741, 'Poughquag', 32);
INSERT INTO City (cityID, cityName, stateID)
Values (3742, 'Pound Ridge', 32);
INSERT INTO City (cityID, cityName, stateID)
Values (3743, 'Prattsburgh', 32);
INSERT INTO City (cityID, cityName, stateID)
Values (3744, 'Prattsville', 32);
INSERT INTO City (cityID, cityName, stateID)
Values (3745, 'Preble', 32);
INSERT INTO City (cityID, cityName, stateID)
Values (3746, 'Preston Hollow', 32);
INSERT INTO City (cityID, cityName, stateID)
Values (3747, 'Prospect', 32);
INSERT INTO City (cityID, cityName, stateID)
Values (3748, 'Pulaski', 32);
INSERT INTO City (cityID, cityName, stateID)
Values (3749, 'Pulteney', 32);
INSERT INTO City (cityID, cityName, stateID)
Values (3750, 'Pultneyville', 32);
INSERT INTO City (cityID, cityName, stateID)
Values (3751, 'Purchase', 32);
INSERT INTO City (cityID, cityName, stateID)
Values (3752, 'Purdys', 32);
INSERT INTO City (cityID, cityName, stateID)
Values (3753, 'Purling', 32);
INSERT INTO City (cityID, cityName, stateID)
Values (3754, 'Putnam Station', 32);
INSERT INTO City (cityID, cityName, stateID)
Values (3755, 'Putnam Valley', 32);
INSERT INTO City (cityID, cityName, stateID)
Values (3756, 'Pyrites', 32);
INSERT INTO City (cityID, cityName, stateID)
Values (3757, 'Quaker Street', 32);
INSERT INTO City (cityID, cityName, stateID)
Values (3758, 'Queens Village', 32);
INSERT INTO City (cityID, cityName, stateID)
Values (3759, 'Queensbury', 32);
INSERT INTO City (cityID, cityName, stateID)
Values (3760, 'Quogue', 32);
INSERT INTO City (cityID, cityName, stateID)
Values (3761, 'Rainbow Lake', 32);
INSERT INTO City (cityID, cityName, stateID)
Values (3762, 'Randolph', 32);
INSERT INTO City (cityID, cityName, stateID)
Values (3763, 'Ransomville', 32);
INSERT INTO City (cityID, cityName, stateID)
Values (3764, 'Raquette Lake', 32);
INSERT INTO City (cityID, cityName, stateID)
Values (3765, 'Ravena', 32);
INSERT INTO City (cityID, cityName, stateID)
Values (3766, 'Ray Brook', 32);
INSERT INTO City (cityID, cityName, stateID)
Values (3767, 'Raymondville', 32);
INSERT INTO City (cityID, cityName, stateID)
Values (3768, 'Reading Center', 32);
INSERT INTO City (cityID, cityName, stateID)
Values (3769, 'Red Creek', 32);
INSERT INTO City (cityID, cityName, stateID)
Values (3770, 'Red Hook', 32);
INSERT INTO City (cityID, cityName, stateID)
Values (3771, 'Redfield', 32);
INSERT INTO City (cityID, cityName, stateID)
Values (3772, 'Redford', 32);
INSERT INTO City (cityID, cityName, stateID)
Values (3773, 'Redwood', 32);
INSERT INTO City (cityID, cityName, stateID)
Values (3774, 'Rego Park', 32);
INSERT INTO City (cityID, cityName, stateID)
Values (3775, 'Remsen', 32);
INSERT INTO City (cityID, cityName, stateID)
Values (3776, 'Remsenburg', 32);
INSERT INTO City (cityID, cityName, stateID)
Values (3777, 'Rensselaer', 32);
INSERT INTO City (cityID, cityName, stateID)
Values (3778, 'Rensselaer Falls', 32);
INSERT INTO City (cityID, cityName, stateID)
Values (3779, 'Rensselaerville', 32);
INSERT INTO City (cityID, cityName, stateID)
Values (3780, 'Retsof', 32);
INSERT INTO City (cityID, cityName, stateID)
Values (3781, 'Rexford', 32);
INSERT INTO City (cityID, cityName, stateID)
Values (3782, 'Rexville', 32);
INSERT INTO City (cityID, cityName, stateID)
Values (3783, 'Rhinebeck', 32);
INSERT INTO City (cityID, cityName, stateID)
Values (3784, 'Rhinecliff', 32);
INSERT INTO City (cityID, cityName, stateID)
Values (3785, 'Richburg', 32);
INSERT INTO City (cityID, cityName, stateID)
Values (3786, 'Richfield Springs', 32);
INSERT INTO City (cityID, cityName, stateID)
Values (3787, 'Richford', 32);
INSERT INTO City (cityID, cityName, stateID)
Values (3788, 'Richland', 32);
INSERT INTO City (cityID, cityName, stateID)
Values (3789, 'Richmond Hill', 32);
INSERT INTO City (cityID, cityName, stateID)
Values (3790, 'Richmondville', 32);
INSERT INTO City (cityID, cityName, stateID)
Values (3791, 'Richville', 32);
INSERT INTO City (cityID, cityName, stateID)
Values (3792, 'Ridge', 32);
INSERT INTO City (cityID, cityName, stateID)
Values (3793, 'Ridgewood', 32);
INSERT INTO City (cityID, cityName, stateID)
Values (3794, 'Rifton', 32);
INSERT INTO City (cityID, cityName, stateID)
Values (3795, 'Riparius', 32);
INSERT INTO City (cityID, cityName, stateID)
Values (3796, 'Ripley', 32);
INSERT INTO City (cityID, cityName, stateID)
Values (3797, 'Riverhead', 32);
INSERT INTO City (cityID, cityName, stateID)
Values (3798, 'Rochester', 32);
INSERT INTO City (cityID, cityName, stateID)
Values (3799, 'Rock City Falls', 32);
INSERT INTO City (cityID, cityName, stateID)
Values (3800, 'Rock Hill', 32);
INSERT INTO City (cityID, cityName, stateID)
Values (3801, 'Rock Stream', 32);
INSERT INTO City (cityID, cityName, stateID)
Values (3802, 'Rock Tavern', 32);
INSERT INTO City (cityID, cityName, stateID)
Values (3803, 'Rockaway Park', 32);
INSERT INTO City (cityID, cityName, stateID)
Values (3804, 'Rockville Centre', 32);
INSERT INTO City (cityID, cityName, stateID)
Values (3805, 'Rocky Point', 32);
INSERT INTO City (cityID, cityName, stateID)
Values (3806, 'Rodman', 32);
INSERT INTO City (cityID, cityName, stateID)
Values (3807, 'Rome', 32);
INSERT INTO City (cityID, cityName, stateID)
Values (3808, 'Romulus', 32);
INSERT INTO City (cityID, cityName, stateID)
Values (3809, 'Ronkonkoma', 32);
INSERT INTO City (cityID, cityName, stateID)
Values (3810, 'Roosevelt', 32);
INSERT INTO City (cityID, cityName, stateID)
Values (3811, 'Rooseveltown', 32);
INSERT INTO City (cityID, cityName, stateID)
Values (3812, 'Roscoe', 32);
INSERT INTO City (cityID, cityName, stateID)
Values (3813, 'Rose', 32);
INSERT INTO City (cityID, cityName, stateID)
Values (3814, 'Roseboom', 32);
INSERT INTO City (cityID, cityName, stateID)
Values (3815, 'Rosedale', 32);
INSERT INTO City (cityID, cityName, stateID)
Values (3816, 'Rosendale', 32);
INSERT INTO City (cityID, cityName, stateID)
Values (3817, 'Roslyn', 32);
INSERT INTO City (cityID, cityName, stateID)
Values (3818, 'Roslyn Heights', 32);
INSERT INTO City (cityID, cityName, stateID)
Values (3819, 'Rotterdam Junction', 32);
INSERT INTO City (cityID, cityName, stateID)
Values (3820, 'Round Lake', 32);
INSERT INTO City (cityID, cityName, stateID)
Values (3821, 'Round Top', 32);
INSERT INTO City (cityID, cityName, stateID)
Values (3822, 'Rouses Point', 32);
INSERT INTO City (cityID, cityName, stateID)
Values (3823, 'Roxbury', 32);
INSERT INTO City (cityID, cityName, stateID)
Values (3824, 'Ruby', 32);
INSERT INTO City (cityID, cityName, stateID)
Values (3825, 'Rush', 32);
INSERT INTO City (cityID, cityName, stateID)
Values (3826, 'Rushford', 32);
INSERT INTO City (cityID, cityName, stateID)
Values (3827, 'Rushville', 32);
INSERT INTO City (cityID, cityName, stateID)
Values (3828, 'Russell', 32);
INSERT INTO City (cityID, cityName, stateID)
Values (3829, 'Rye', 32);
INSERT INTO City (cityID, cityName, stateID)
Values (3830, 'Sabael', 32);
INSERT INTO City (cityID, cityName, stateID)
Values (3831, 'Sackets Harbor', 32);
INSERT INTO City (cityID, cityName, stateID)
Values (3832, 'Sag Harbor', 32);
INSERT INTO City (cityID, cityName, stateID)
Values (3833, 'Sagaponack', 32);
INSERT INTO City (cityID, cityName, stateID)
Values (3834, 'Saint Albans', 32);
INSERT INTO City (cityID, cityName, stateID)
Values (3835, 'Saint Bonaventure', 32);
INSERT INTO City (cityID, cityName, stateID)
Values (3836, 'Saint James', 32);
INSERT INTO City (cityID, cityName, stateID)
Values (3837, 'Saint Johnsville', 32);
INSERT INTO City (cityID, cityName, stateID)
Values (3838, 'Saint Regis Falls', 32);
INSERT INTO City (cityID, cityName, stateID)
Values (3839, 'Salamanca', 32);
INSERT INTO City (cityID, cityName, stateID)
Values (3840, 'Salem', 32);
INSERT INTO City (cityID, cityName, stateID)
Values (3841, 'Salisbury Center', 32);
INSERT INTO City (cityID, cityName, stateID)
Values (3842, 'Salisbury Mills', 32);
INSERT INTO City (cityID, cityName, stateID)
Values (3843, 'Salt Point', 32);
INSERT INTO City (cityID, cityName, stateID)
Values (3844, 'Sanborn', 32);
INSERT INTO City (cityID, cityName, stateID)
Values (3845, 'Sand Lake', 32);
INSERT INTO City (cityID, cityName, stateID)
Values (3846, 'Sandusky', 32);
INSERT INTO City (cityID, cityName, stateID)
Values (3847, 'Sandy Creek', 32);
INSERT INTO City (cityID, cityName, stateID)
Values (3848, 'Sangerfield', 32);
INSERT INTO City (cityID, cityName, stateID)
Values (3849, 'Saranac', 32);
INSERT INTO City (cityID, cityName, stateID)
Values (3850, 'Saranac Lake', 32);
INSERT INTO City (cityID, cityName, stateID)
Values (3851, 'Saratoga Springs', 32);
INSERT INTO City (cityID, cityName, stateID)
Values (3852, 'Sardinia', 32);
INSERT INTO City (cityID, cityName, stateID)
Values (3853, 'Saugerties', 32);
INSERT INTO City (cityID, cityName, stateID)
Values (3854, 'Sauquoit', 32);
INSERT INTO City (cityID, cityName, stateID)
Values (3855, 'Savannah', 32);
INSERT INTO City (cityID, cityName, stateID)
Values (3856, 'Savona', 32);
INSERT INTO City (cityID, cityName, stateID)
Values (3857, 'Sayville', 32);
INSERT INTO City (cityID, cityName, stateID)
Values (3858, 'Scarsdale', 32);
INSERT INTO City (cityID, cityName, stateID)
Values (3859, 'Schaghticoke', 32);
INSERT INTO City (cityID, cityName, stateID)
Values (3860, 'Schenectady', 32);
INSERT INTO City (cityID, cityName, stateID)
Values (3861, 'Schenevus', 32);
INSERT INTO City (cityID, cityName, stateID)
Values (3862, 'Schodack Landing', 32);
INSERT INTO City (cityID, cityName, stateID)
Values (3863, 'Schoharie', 32);
INSERT INTO City (cityID, cityName, stateID)
Values (3864, 'Schroon Lake', 32);
INSERT INTO City (cityID, cityName, stateID)
Values (3865, 'Schuyler Falls', 32);
INSERT INTO City (cityID, cityName, stateID)
Values (3866, 'Schuyler Lake', 32);
INSERT INTO City (cityID, cityName, stateID)
Values (3867, 'Schuylerville', 32);
INSERT INTO City (cityID, cityName, stateID)
Values (3868, 'Scio', 32);
INSERT INTO City (cityID, cityName, stateID)
Values (3869, 'Scipio Center', 32);
INSERT INTO City (cityID, cityName, stateID)
Values (3870, 'Scottsburg', 32);
INSERT INTO City (cityID, cityName, stateID)
Values (3871, 'Scottsville', 32);
INSERT INTO City (cityID, cityName, stateID)
Values (3872, 'Sea Cliff', 32);
INSERT INTO City (cityID, cityName, stateID)
Values (3873, 'Seaford', 32);
INSERT INTO City (cityID, cityName, stateID)
Values (3874, 'Selden', 32);
INSERT INTO City (cityID, cityName, stateID)
Values (3875, 'Selkirk', 32);
INSERT INTO City (cityID, cityName, stateID)
Values (3876, 'Seneca Castle', 32);
INSERT INTO City (cityID, cityName, stateID)
Values (3877, 'Seneca Falls', 32);
INSERT INTO City (cityID, cityName, stateID)
Values (3878, 'Severance', 32);
INSERT INTO City (cityID, cityName, stateID)
Values (3879, 'Shandaken', 32);
INSERT INTO City (cityID, cityName, stateID)
Values (3880, 'Sharon Springs', 32);
INSERT INTO City (cityID, cityName, stateID)
Values (3881, 'Shelter Island', 32);
INSERT INTO City (cityID, cityName, stateID)
Values (3882, 'Shelter Island Heights', 32);
INSERT INTO City (cityID, cityName, stateID)
Values (3883, 'Shenorock', 32);
INSERT INTO City (cityID, cityName, stateID)
Values (3884, 'Sherburne', 32);
INSERT INTO City (cityID, cityName, stateID)
Values (3885, 'Sheridan', 32);
INSERT INTO City (cityID, cityName, stateID)
Values (3886, 'Sherman', 32);
INSERT INTO City (cityID, cityName, stateID)
Values (3887, 'Sherrill', 32);
INSERT INTO City (cityID, cityName, stateID)
Values (3888, 'Shinhopple', 32);
INSERT INTO City (cityID, cityName, stateID)
Values (3889, 'Shirley', 32);
INSERT INTO City (cityID, cityName, stateID)
Values (3890, 'Shokan', 32);
INSERT INTO City (cityID, cityName, stateID)
Values (3891, 'Shoreham', 32);
INSERT INTO City (cityID, cityName, stateID)
Values (3892, 'Shortsville', 32);
INSERT INTO City (cityID, cityName, stateID)
Values (3893, 'Shrub Oak', 32);
INSERT INTO City (cityID, cityName, stateID)
Values (3894, 'Shushan', 32);
INSERT INTO City (cityID, cityName, stateID)
Values (3895, 'Sidney', 32);
INSERT INTO City (cityID, cityName, stateID)
Values (3896, 'Sidney Center', 32);
INSERT INTO City (cityID, cityName, stateID)
Values (3897, 'Silver Bay', 32);
INSERT INTO City (cityID, cityName, stateID)
Values (3898, 'Silver Creek', 32);
INSERT INTO City (cityID, cityName, stateID)
Values (3899, 'Silver Lake', 32);
INSERT INTO City (cityID, cityName, stateID)
Values (3900, 'Silver Springs', 32);
INSERT INTO City (cityID, cityName, stateID)
Values (3901, 'Sinclairville', 32);
INSERT INTO City (cityID, cityName, stateID)
Values (3902, 'Skaneateles', 32);
INSERT INTO City (cityID, cityName, stateID)
Values (3903, 'Skaneateles Falls', 32);
INSERT INTO City (cityID, cityName, stateID)
Values (3904, 'Slate Hill', 32);
INSERT INTO City (cityID, cityName, stateID)
Values (3905, 'Slaterville Springs', 32);
INSERT INTO City (cityID, cityName, stateID)
Values (3906, 'Slingerlands', 32);
INSERT INTO City (cityID, cityName, stateID)
Values (3907, 'Sloansville', 32);
INSERT INTO City (cityID, cityName, stateID)
Values (3908, 'Sloatsburg', 32);
INSERT INTO City (cityID, cityName, stateID)
Values (3909, 'Smallwood', 32);
INSERT INTO City (cityID, cityName, stateID)
Values (3910, 'Smithboro', 32);
INSERT INTO City (cityID, cityName, stateID)
Values (3911, 'Smithtown', 32);
INSERT INTO City (cityID, cityName, stateID)
Values (3912, 'Smithville Flats', 32);
INSERT INTO City (cityID, cityName, stateID)
Values (3913, 'Smyrna', 32);
INSERT INTO City (cityID, cityName, stateID)
Values (3914, 'Sodus', 32);
INSERT INTO City (cityID, cityName, stateID)
Values (3915, 'Sodus Point', 32);
INSERT INTO City (cityID, cityName, stateID)
Values (3916, 'Solsville', 32);
INSERT INTO City (cityID, cityName, stateID)
Values (3917, 'Somers', 32);
INSERT INTO City (cityID, cityName, stateID)
Values (3918, 'Sonyea', 32);
INSERT INTO City (cityID, cityName, stateID)
Values (3919, 'Sound Beach', 32);
INSERT INTO City (cityID, cityName, stateID)
Values (3920, 'South Bethlehem', 32);
INSERT INTO City (cityID, cityName, stateID)
Values (3921, 'South Butler', 32);
INSERT INTO City (cityID, cityName, stateID)
Values (3922, 'South Byron', 32);
INSERT INTO City (cityID, cityName, stateID)
Values (3923, 'South Cairo', 32);
INSERT INTO City (cityID, cityName, stateID)
Values (3924, 'South Colton', 32);
INSERT INTO City (cityID, cityName, stateID)
Values (3925, 'South Dayton', 32);
INSERT INTO City (cityID, cityName, stateID)
Values (3926, 'South Fallsburg', 32);
INSERT INTO City (cityID, cityName, stateID)
Values (3927, 'South Glens Falls', 32);
INSERT INTO City (cityID, cityName, stateID)
Values (3928, 'South Jamesport', 32);
INSERT INTO City (cityID, cityName, stateID)
Values (3929, 'South Kortright', 32);
INSERT INTO City (cityID, cityName, stateID)
Values (3930, 'South Lima', 32);
INSERT INTO City (cityID, cityName, stateID)
Values (3931, 'South New Berlin', 32);
INSERT INTO City (cityID, cityName, stateID)
Values (3932, 'South Otselic', 32);
INSERT INTO City (cityID, cityName, stateID)
Values (3933, 'South Ozone Park', 32);
INSERT INTO City (cityID, cityName, stateID)
Values (3934, 'South Plymouth', 32);
INSERT INTO City (cityID, cityName, stateID)
Values (3935, 'South Richmond Hill', 32);
INSERT INTO City (cityID, cityName, stateID)
Values (3936, 'South Salem', 32);
INSERT INTO City (cityID, cityName, stateID)
Values (3937, 'South Wales', 32);
INSERT INTO City (cityID, cityName, stateID)
Values (3938, 'Southampton', 32);
INSERT INTO City (cityID, cityName, stateID)
Values (3939, 'Southfields', 32);
INSERT INTO City (cityID, cityName, stateID)
Values (3940, 'Southold', 32);
INSERT INTO City (cityID, cityName, stateID)
Values (3941, 'Sparkill', 32);
INSERT INTO City (cityID, cityName, stateID)
Values (3942, 'Sparrow Bush', 32);
INSERT INTO City (cityID, cityName, stateID)
Values (3943, 'Speculator', 32);
INSERT INTO City (cityID, cityName, stateID)
Values (3944, 'Spencer', 32);
INSERT INTO City (cityID, cityName, stateID)
Values (3945, 'Spencerport', 32);
INSERT INTO City (cityID, cityName, stateID)
Values (3946, 'Spencertown', 32);
INSERT INTO City (cityID, cityName, stateID)
Values (3947, 'Speonk', 32);
INSERT INTO City (cityID, cityName, stateID)
Values (3948, 'Sprakers', 32);
INSERT INTO City (cityID, cityName, stateID)
Values (3949, 'Spring Brook', 32);
INSERT INTO City (cityID, cityName, stateID)
Values (3950, 'Spring Glen', 32);
INSERT INTO City (cityID, cityName, stateID)
Values (3951, 'Spring Valley', 32);
INSERT INTO City (cityID, cityName, stateID)
Values (3952, 'Springfield Center', 32);
INSERT INTO City (cityID, cityName, stateID)
Values (3953, 'Springfield Gardens', 32);
INSERT INTO City (cityID, cityName, stateID)
Values (3954, 'Springville', 32);
INSERT INTO City (cityID, cityName, stateID)
Values (3955, 'Springwater', 32);
INSERT INTO City (cityID, cityName, stateID)
Values (3956, 'Staatsburg', 32);
INSERT INTO City (cityID, cityName, stateID)
Values (3957, 'Stafford', 32);
INSERT INTO City (cityID, cityName, stateID)
Values (3958, 'Stamford', 32);
INSERT INTO City (cityID, cityName, stateID)
Values (3959, 'Stanfordville', 32);
INSERT INTO City (cityID, cityName, stateID)
Values (3960, 'Stanley', 32);
INSERT INTO City (cityID, cityName, stateID)
Values (3961, 'Star Lake', 32);
INSERT INTO City (cityID, cityName, stateID)
Values (3962, 'Staten Island', 32);
INSERT INTO City (cityID, cityName, stateID)
Values (3963, 'Steamburg', 32);
INSERT INTO City (cityID, cityName, stateID)
Values (3964, 'Stella Niagara', 32);
INSERT INTO City (cityID, cityName, stateID)
Values (3965, 'Stephentown', 32);
INSERT INTO City (cityID, cityName, stateID)
Values (3966, 'Sterling', 32);
INSERT INTO City (cityID, cityName, stateID)
Values (3967, 'Sterling Forest', 32);
INSERT INTO City (cityID, cityName, stateID)
Values (3968, 'Stillwater', 32);
INSERT INTO City (cityID, cityName, stateID)
Values (3969, 'Stittville', 32);
INSERT INTO City (cityID, cityName, stateID)
Values (3970, 'Stockton', 32);
INSERT INTO City (cityID, cityName, stateID)
Values (3971, 'Stone Ridge', 32);
INSERT INTO City (cityID, cityName, stateID)
Values (3972, 'Stony Brook', 32);
INSERT INTO City (cityID, cityName, stateID)
Values (3973, 'Stony Creek', 32);
INSERT INTO City (cityID, cityName, stateID)
Values (3974, 'Stony Point', 32);
INSERT INTO City (cityID, cityName, stateID)
Values (3975, 'Stormville', 32);
INSERT INTO City (cityID, cityName, stateID)
Values (3976, 'Stottville', 32);
INSERT INTO City (cityID, cityName, stateID)
Values (3977, 'Stow', 32);
INSERT INTO City (cityID, cityName, stateID)
Values (3978, 'Stratford', 32);
INSERT INTO City (cityID, cityName, stateID)
Values (3979, 'Strykersville', 32);
INSERT INTO City (cityID, cityName, stateID)
Values (3980, 'Stuyvesant', 32);
INSERT INTO City (cityID, cityName, stateID)
Values (3981, 'Stuyvesant Falls', 32);
INSERT INTO City (cityID, cityName, stateID)
Values (3982, 'Suffern', 32);
INSERT INTO City (cityID, cityName, stateID)
Values (3983, 'Sugar Loaf', 32);
INSERT INTO City (cityID, cityName, stateID)
Values (3984, 'Summit', 32);
INSERT INTO City (cityID, cityName, stateID)
Values (3985, 'Summitville', 32);
INSERT INTO City (cityID, cityName, stateID)
Values (3986, 'Sunnyside', 32);
INSERT INTO City (cityID, cityName, stateID)
Values (3987, 'Surprise', 32);
INSERT INTO City (cityID, cityName, stateID)
Values (3988, 'Swain', 32);
INSERT INTO City (cityID, cityName, stateID)
Values (3989, 'Swan Lake', 32);
INSERT INTO City (cityID, cityName, stateID)
Values (3990, 'Sylvan Beach', 32);
INSERT INTO City (cityID, cityName, stateID)
Values (3991, 'Syosset', 32);
INSERT INTO City (cityID, cityName, stateID)
Values (3992, 'Syracuse', 32);
INSERT INTO City (cityID, cityName, stateID)
Values (3993, 'Taberg', 32);
INSERT INTO City (cityID, cityName, stateID)
Values (3994, 'Tallman', 32);
INSERT INTO City (cityID, cityName, stateID)
Values (3995, 'Tannersville', 32);
INSERT INTO City (cityID, cityName, stateID)
Values (3996, 'Tappan', 32);
INSERT INTO City (cityID, cityName, stateID)
Values (3997, 'Tarrytown', 32);
INSERT INTO City (cityID, cityName, stateID)
Values (3998, 'Thendara', 32);
INSERT INTO City (cityID, cityName, stateID)
Values (3999, 'Theresa', 32);
INSERT INTO City (cityID, cityName, stateID)
Values (4000, 'Thiells', 32);
INSERT INTO City (cityID, cityName, stateID)
Values (4001, 'Thompson Ridge', 32);
INSERT INTO City (cityID, cityName, stateID)
Values (4002, 'Thompsonville', 32);
INSERT INTO City (cityID, cityName, stateID)
Values (4003, 'Thornwood', 32);
INSERT INTO City (cityID, cityName, stateID)
Values (4004, 'Thousand Island Park', 32);
INSERT INTO City (cityID, cityName, stateID)
Values (4005, 'Three Mile Bay', 32);
INSERT INTO City (cityID, cityName, stateID)
Values (4006, 'Ticonderoga', 32);
INSERT INTO City (cityID, cityName, stateID)
Values (4007, 'Tillson', 32);
INSERT INTO City (cityID, cityName, stateID)
Values (4008, 'Tioga Center', 32);
INSERT INTO City (cityID, cityName, stateID)
Values (4009, 'Tivoli', 32);
INSERT INTO City (cityID, cityName, stateID)
Values (4010, 'Tomkins Cove', 32);
INSERT INTO City (cityID, cityName, stateID)
Values (4011, 'Tonawanda', 32);
INSERT INTO City (cityID, cityName, stateID)
Values (4012, 'Treadwell', 32);
INSERT INTO City (cityID, cityName, stateID)
Values (4013, 'Tribes Hill', 32);
INSERT INTO City (cityID, cityName, stateID)
Values (4014, 'Troupsburg', 32);
INSERT INTO City (cityID, cityName, stateID)
Values (4015, 'Trout Creek', 32);
INSERT INTO City (cityID, cityName, stateID)
Values (4016, 'Troy', 32);
INSERT INTO City (cityID, cityName, stateID)
Values (4017, 'Trumansburg', 32);
INSERT INTO City (cityID, cityName, stateID)
Values (4018, 'Truxton', 32);
INSERT INTO City (cityID, cityName, stateID)
Values (4019, 'Tuckahoe', 32);
INSERT INTO City (cityID, cityName, stateID)
Values (4020, 'Tully', 32);
INSERT INTO City (cityID, cityName, stateID)
Values (4021, 'Tunnel', 32);
INSERT INTO City (cityID, cityName, stateID)
Values (4022, 'Tupper Lake', 32);
INSERT INTO City (cityID, cityName, stateID)
Values (4023, 'Turin', 32);
INSERT INTO City (cityID, cityName, stateID)
Values (4024, 'Tuxedo Park', 32);
INSERT INTO City (cityID, cityName, stateID)
Values (4025, 'Tyrone', 32);
INSERT INTO City (cityID, cityName, stateID)
Values (4026, 'Ulster Park', 32);
INSERT INTO City (cityID, cityName, stateID)
Values (4027, 'Unadilla', 32);
INSERT INTO City (cityID, cityName, stateID)
Values (4028, 'Union Hill', 32);
INSERT INTO City (cityID, cityName, stateID)
Values (4029, 'Union Springs', 32);
INSERT INTO City (cityID, cityName, stateID)
Values (4030, 'Uniondale', 32);
INSERT INTO City (cityID, cityName, stateID)
Values (4031, 'Unionville', 32);
INSERT INTO City (cityID, cityName, stateID)
Values (4032, 'Upper Jay', 32);
INSERT INTO City (cityID, cityName, stateID)
Values (4033, 'Upton', 32);
INSERT INTO City (cityID, cityName, stateID)
Values (4034, 'Utica', 32);
INSERT INTO City (cityID, cityName, stateID)
Values (4035, 'Vails Gate', 32);
INSERT INTO City (cityID, cityName, stateID)
Values (4036, 'Valatie', 32);
INSERT INTO City (cityID, cityName, stateID)
Values (4037, 'Valhalla', 32);
INSERT INTO City (cityID, cityName, stateID)
Values (4038, 'Valley Cottage', 32);
INSERT INTO City (cityID, cityName, stateID)
Values (4039, 'Valley Falls', 32);
INSERT INTO City (cityID, cityName, stateID)
Values (4040, 'Valley Stream', 32);
INSERT INTO City (cityID, cityName, stateID)
Values (4041, 'Van Buren Point', 32);
INSERT INTO City (cityID, cityName, stateID)
Values (4042, 'Van Etten', 32);
INSERT INTO City (cityID, cityName, stateID)
Values (4043, 'Van Hornesville', 32);
INSERT INTO City (cityID, cityName, stateID)
Values (4044, 'Varysburg', 32);
INSERT INTO City (cityID, cityName, stateID)
Values (4045, 'Verbank', 32);
INSERT INTO City (cityID, cityName, stateID)
Values (4046, 'Vermontville', 32);
INSERT INTO City (cityID, cityName, stateID)
Values (4047, 'Vernon', 32);
INSERT INTO City (cityID, cityName, stateID)
Values (4048, 'Vernon Center', 32);
INSERT INTO City (cityID, cityName, stateID)
Values (4049, 'Verona', 32);
INSERT INTO City (cityID, cityName, stateID)
Values (4050, 'Verona Beach', 32);
INSERT INTO City (cityID, cityName, stateID)
Values (4051, 'Verplanck', 32);
INSERT INTO City (cityID, cityName, stateID)
Values (4052, 'Versailles', 32);
INSERT INTO City (cityID, cityName, stateID)
Values (4053, 'Vestal', 32);
INSERT INTO City (cityID, cityName, stateID)
Values (4054, 'Victor', 32);
INSERT INTO City (cityID, cityName, stateID)
Values (4055, 'Victory Mills', 32);
INSERT INTO City (cityID, cityName, stateID)
Values (4056, 'Voorheesville', 32);
INSERT INTO City (cityID, cityName, stateID)
Values (4057, 'Waccabuc', 32);
INSERT INTO City (cityID, cityName, stateID)
Values (4058, 'Waddington', 32);
INSERT INTO City (cityID, cityName, stateID)
Values (4059, 'Wading River', 32);
INSERT INTO City (cityID, cityName, stateID)
Values (4060, 'Wainscott', 32);
INSERT INTO City (cityID, cityName, stateID)
Values (4061, 'Walden', 32);
INSERT INTO City (cityID, cityName, stateID)
Values (4062, 'Wales Center', 32);
INSERT INTO City (cityID, cityName, stateID)
Values (4063, 'Walker Valley', 32);
INSERT INTO City (cityID, cityName, stateID)
Values (4064, 'Wallkill', 32);
INSERT INTO City (cityID, cityName, stateID)
Values (4065, 'Walton', 32);
INSERT INTO City (cityID, cityName, stateID)
Values (4066, 'Walworth', 32);
INSERT INTO City (cityID, cityName, stateID)
Values (4067, 'Wampsville', 32);
INSERT INTO City (cityID, cityName, stateID)
Values (4068, 'Wanakena', 32);
INSERT INTO City (cityID, cityName, stateID)
Values (4069, 'Wantagh', 32);
INSERT INTO City (cityID, cityName, stateID)
Values (4070, 'Wappingers Falls', 32);
INSERT INTO City (cityID, cityName, stateID)
Values (4071, 'Warners', 32);
INSERT INTO City (cityID, cityName, stateID)
Values (4072, 'Warnerville', 32);
INSERT INTO City (cityID, cityName, stateID)
Values (4073, 'Warrensburg', 32);
INSERT INTO City (cityID, cityName, stateID)
Values (4074, 'Warsaw', 32);
INSERT INTO City (cityID, cityName, stateID)
Values (4075, 'Warwick', 32);
INSERT INTO City (cityID, cityName, stateID)
Values (4076, 'Washington Mills', 32);
INSERT INTO City (cityID, cityName, stateID)
Values (4077, 'Washingtonville', 32);
INSERT INTO City (cityID, cityName, stateID)
Values (4078, 'Wassaic', 32);
INSERT INTO City (cityID, cityName, stateID)
Values (4079, 'Water Mill', 32);
INSERT INTO City (cityID, cityName, stateID)
Values (4080, 'Waterford', 32);
INSERT INTO City (cityID, cityName, stateID)
Values (4081, 'Waterloo', 32);
INSERT INTO City (cityID, cityName, stateID)
Values (4082, 'Waterport', 32);
INSERT INTO City (cityID, cityName, stateID)
Values (4083, 'Watertown', 32);
INSERT INTO City (cityID, cityName, stateID)
Values (4084, 'Waterville', 32);
INSERT INTO City (cityID, cityName, stateID)
Values (4085, 'Watervliet', 32);
INSERT INTO City (cityID, cityName, stateID)
Values (4086, 'Watkins Glen', 32);
INSERT INTO City (cityID, cityName, stateID)
Values (4087, 'Waverly', 32);
INSERT INTO City (cityID, cityName, stateID)
Values (4088, 'Wawarsing', 32);
INSERT INTO City (cityID, cityName, stateID)
Values (4089, 'Wayland', 32);
INSERT INTO City (cityID, cityName, stateID)
Values (4090, 'Wayne', 32);
INSERT INTO City (cityID, cityName, stateID)
Values (4091, 'Webster', 32);
INSERT INTO City (cityID, cityName, stateID)
Values (4092, 'Weedsport', 32);
INSERT INTO City (cityID, cityName, stateID)
Values (4093, 'Wellesley Island', 32);
INSERT INTO City (cityID, cityName, stateID)
Values (4094, 'Wells', 32);
INSERT INTO City (cityID, cityName, stateID)
Values (4095, 'Wells Bridge', 32);
INSERT INTO City (cityID, cityName, stateID)
Values (4096, 'Wellsburg', 32);
INSERT INTO City (cityID, cityName, stateID)
Values (4097, 'Wellsville', 32);
INSERT INTO City (cityID, cityName, stateID)
Values (4098, 'West Babylon', 32);
INSERT INTO City (cityID, cityName, stateID)
Values (4099, 'West Bloomfield', 32);
INSERT INTO City (cityID, cityName, stateID)
Values (4100, 'West Burlington', 32);
INSERT INTO City (cityID, cityName, stateID)
Values (4101, 'West Camp', 32);
INSERT INTO City (cityID, cityName, stateID)
Values (4102, 'West Chazy', 32);
INSERT INTO City (cityID, cityName, stateID)
Values (4103, 'West Clarksville', 32);
INSERT INTO City (cityID, cityName, stateID)
Values (4104, 'West Copake', 32);
INSERT INTO City (cityID, cityName, stateID)
Values (4105, 'West Coxsackie', 32);
INSERT INTO City (cityID, cityName, stateID)
Values (4106, 'West Davenport', 32);
INSERT INTO City (cityID, cityName, stateID)
Values (4107, 'West Eaton', 32);
INSERT INTO City (cityID, cityName, stateID)
Values (4108, 'West Edmeston', 32);
INSERT INTO City (cityID, cityName, stateID)
Values (4109, 'West Falls', 32);
INSERT INTO City (cityID, cityName, stateID)
Values (4110, 'West Fulton', 32);
INSERT INTO City (cityID, cityName, stateID)
Values (4111, 'West Harrison', 32);
INSERT INTO City (cityID, cityName, stateID)
Values (4112, 'West Haverstraw', 32);
INSERT INTO City (cityID, cityName, stateID)
Values (4113, 'West Hempstead', 32);
INSERT INTO City (cityID, cityName, stateID)
Values (4114, 'West Henrietta', 32);
INSERT INTO City (cityID, cityName, stateID)
Values (4115, 'West Hurley', 32);
INSERT INTO City (cityID, cityName, stateID)
Values (4116, 'West Islip', 32);
INSERT INTO City (cityID, cityName, stateID)
Values (4117, 'West Kill', 32);
INSERT INTO City (cityID, cityName, stateID)
Values (4118, 'West Lebanon', 32);
INSERT INTO City (cityID, cityName, stateID)
Values (4119, 'West Leyden', 32);
INSERT INTO City (cityID, cityName, stateID)
Values (4120, 'West Monroe', 32);
INSERT INTO City (cityID, cityName, stateID)
Values (4121, 'West Nyack', 32);
INSERT INTO City (cityID, cityName, stateID)
Values (4122, 'West Oneonta', 32);
INSERT INTO City (cityID, cityName, stateID)
Values (4123, 'West Park', 32);
INSERT INTO City (cityID, cityName, stateID)
Values (4124, 'West Point', 32);
INSERT INTO City (cityID, cityName, stateID)
Values (4125, 'West Sand Lake', 32);
INSERT INTO City (cityID, cityName, stateID)
Values (4126, 'West Sayville', 32);
INSERT INTO City (cityID, cityName, stateID)
Values (4127, 'West Shokan', 32);
INSERT INTO City (cityID, cityName, stateID)
Values (4128, 'West Stockholm', 32);
INSERT INTO City (cityID, cityName, stateID)
Values (4129, 'West Valley', 32);
INSERT INTO City (cityID, cityName, stateID)
Values (4130, 'West Winfield', 32);
INSERT INTO City (cityID, cityName, stateID)
Values (4131, 'Westbrookville', 32);
INSERT INTO City (cityID, cityName, stateID)
Values (4132, 'Westbury', 32);
INSERT INTO City (cityID, cityName, stateID)
Values (4133, 'Westdale', 32);
INSERT INTO City (cityID, cityName, stateID)
Values (4134, 'Westerlo', 32);
INSERT INTO City (cityID, cityName, stateID)
Values (4135, 'Westernville', 32);
INSERT INTO City (cityID, cityName, stateID)
Values (4136, 'Westfield', 32);
INSERT INTO City (cityID, cityName, stateID)
Values (4137, 'Westford', 32);
INSERT INTO City (cityID, cityName, stateID)
Values (4138, 'Westhampton', 32);
INSERT INTO City (cityID, cityName, stateID)
Values (4139, 'Westhampton Beach', 32);
INSERT INTO City (cityID, cityName, stateID)
Values (4140, 'Westmoreland', 32);
INSERT INTO City (cityID, cityName, stateID)
Values (4141, 'Westons Mills', 32);
INSERT INTO City (cityID, cityName, stateID)
Values (4142, 'Westport', 32);
INSERT INTO City (cityID, cityName, stateID)
Values (4143, 'Westtown', 32);
INSERT INTO City (cityID, cityName, stateID)
Values (4144, 'Wevertown', 32);
INSERT INTO City (cityID, cityName, stateID)
Values (4145, 'Whippleville', 32);
INSERT INTO City (cityID, cityName, stateID)
Values (4146, 'White Lake', 32);
INSERT INTO City (cityID, cityName, stateID)
Values (4147, 'White Plains', 32);
INSERT INTO City (cityID, cityName, stateID)
Values (4148, 'White Sulphur Springs', 32);
INSERT INTO City (cityID, cityName, stateID)
Values (4149, 'Whitehall', 32);
INSERT INTO City (cityID, cityName, stateID)
Values (4150, 'Whitesboro', 32);
INSERT INTO City (cityID, cityName, stateID)
Values (4151, 'Whitestone', 32);
INSERT INTO City (cityID, cityName, stateID)
Values (4152, 'Whitesville', 32);
INSERT INTO City (cityID, cityName, stateID)
Values (4153, 'Whitney Point', 32);
INSERT INTO City (cityID, cityName, stateID)
Values (4154, 'Willard', 32);
INSERT INTO City (cityID, cityName, stateID)
Values (4155, 'Willet', 32);
INSERT INTO City (cityID, cityName, stateID)
Values (4156, 'Williamson', 32);
INSERT INTO City (cityID, cityName, stateID)
Values (4157, 'Williamstown', 32);
INSERT INTO City (cityID, cityName, stateID)
Values (4158, 'Williston Park', 32);
INSERT INTO City (cityID, cityName, stateID)
Values (4159, 'Willow', 32);
INSERT INTO City (cityID, cityName, stateID)
Values (4160, 'Willsboro', 32);
INSERT INTO City (cityID, cityName, stateID)
Values (4161, 'Willseyville', 32);
INSERT INTO City (cityID, cityName, stateID)
Values (4162, 'Wilmington', 32);
INSERT INTO City (cityID, cityName, stateID)
Values (4163, 'Wilson', 32);
INSERT INTO City (cityID, cityName, stateID)
Values (4164, 'Windham', 32);
INSERT INTO City (cityID, cityName, stateID)
Values (4165, 'Windsor', 32);
INSERT INTO City (cityID, cityName, stateID)
Values (4166, 'Wingdale', 32);
INSERT INTO City (cityID, cityName, stateID)
Values (4167, 'Winthrop', 32);
INSERT INTO City (cityID, cityName, stateID)
Values (4168, 'Witherbee', 32);
INSERT INTO City (cityID, cityName, stateID)
Values (4169, 'Wolcott', 32);
INSERT INTO City (cityID, cityName, stateID)
Values (4170, 'Woodbourne', 32);
INSERT INTO City (cityID, cityName, stateID)
Values (4171, 'Woodbury', 32);
INSERT INTO City (cityID, cityName, stateID)
Values (4172, 'Woodgate', 32);
INSERT INTO City (cityID, cityName, stateID)
Values (4173, 'Woodhaven', 32);
INSERT INTO City (cityID, cityName, stateID)
Values (4174, 'Woodhull', 32);
INSERT INTO City (cityID, cityName, stateID)
Values (4175, 'Woodmere', 32);
INSERT INTO City (cityID, cityName, stateID)
Values (4176, 'Woodridge', 32);
INSERT INTO City (cityID, cityName, stateID)
Values (4177, 'Woodside', 32);
INSERT INTO City (cityID, cityName, stateID)
Values (4178, 'Woodstock', 32);
INSERT INTO City (cityID, cityName, stateID)
Values (4179, 'Worcester', 32);
INSERT INTO City (cityID, cityName, stateID)
Values (4180, 'Wurtsboro', 32);
INSERT INTO City (cityID, cityName, stateID)
Values (4181, 'Wyandanch', 32);
INSERT INTO City (cityID, cityName, stateID)
Values (4182, 'Wynantskill', 32);
INSERT INTO City (cityID, cityName, stateID)
Values (4183, 'Wyoming', 32);
INSERT INTO City (cityID, cityName, stateID)
Values (4184, 'Yaphank', 32);
INSERT INTO City (cityID, cityName, stateID)
Values (4185, 'Yonkers', 32);
INSERT INTO City (cityID, cityName, stateID)
Values (4186, 'York', 32);
INSERT INTO City (cityID, cityName, stateID)
Values (4187, 'Yorkshire', 32);
INSERT INTO City (cityID, cityName, stateID)
Values (4188, 'Yorktown Heights', 32);
INSERT INTO City (cityID, cityName, stateID)
Values (4189, 'Yorkville', 32);
INSERT INTO City (cityID, cityName, stateID)
Values (4190, 'Youngstown', 32);
INSERT INTO City (cityID, cityName, stateID)
Values (4191, 'Youngsville', 32);
INSERT INTO City (cityID, cityName, stateID)
Values (4192, 'Yulan', 32);
INSERT INTO City (cityID, cityName, stateID)
Values (4193, 'Aberdeen', 35);
INSERT INTO City (cityID, cityName, stateID)
Values (4194, 'Ada', 35);
INSERT INTO City (cityID, cityName, stateID)
Values (4195, 'Adamsville', 35);
INSERT INTO City (cityID, cityName, stateID)
Values (4196, 'Addyston', 35);
INSERT INTO City (cityID, cityName, stateID)
Values (4197, 'Adelphi', 35);
INSERT INTO City (cityID, cityName, stateID)
Values (4198, 'Adena', 35);
INSERT INTO City (cityID, cityName, stateID)
Values (4199, 'Akron', 35);
INSERT INTO City (cityID, cityName, stateID)
Values (4200, 'Albany', 35);
INSERT INTO City (cityID, cityName, stateID)
Values (4201, 'Alexandria', 35);
INSERT INTO City (cityID, cityName, stateID)
Values (4202, 'Alger', 35);
INSERT INTO City (cityID, cityName, stateID)
Values (4203, 'Alledonia', 35);
INSERT INTO City (cityID, cityName, stateID)
Values (4204, 'Alliance', 35);
INSERT INTO City (cityID, cityName, stateID)
Values (4205, 'Alpha', 35);
INSERT INTO City (cityID, cityName, stateID)
Values (4206, 'Alvada', 35);
INSERT INTO City (cityID, cityName, stateID)
Values (4207, 'Alvordton', 35);
INSERT INTO City (cityID, cityName, stateID)
Values (4208, 'Amanda', 35);
INSERT INTO City (cityID, cityName, stateID)
Values (4209, 'Amelia', 35);
INSERT INTO City (cityID, cityName, stateID)
Values (4210, 'Amesville', 35);
INSERT INTO City (cityID, cityName, stateID)
Values (4211, 'Amherst', 35);
INSERT INTO City (cityID, cityName, stateID)
Values (4212, 'Amlin', 35);
INSERT INTO City (cityID, cityName, stateID)
Values (4213, 'Amsterdam', 35);
INSERT INTO City (cityID, cityName, stateID)
Values (4214, 'Andover', 35);
INSERT INTO City (cityID, cityName, stateID)
Values (4215, 'Anna', 35);
INSERT INTO City (cityID, cityName, stateID)
Values (4216, 'Ansonia', 35);
INSERT INTO City (cityID, cityName, stateID)
Values (4217, 'Antwerp', 35);
INSERT INTO City (cityID, cityName, stateID)
Values (4218, 'Apple Creek', 35);
INSERT INTO City (cityID, cityName, stateID)
Values (4219, 'Arcadia', 35);
INSERT INTO City (cityID, cityName, stateID)
Values (4220, 'Arcanum', 35);
INSERT INTO City (cityID, cityName, stateID)
Values (4221, 'Archbold', 35);
INSERT INTO City (cityID, cityName, stateID)
Values (4222, 'Arlington', 35);
INSERT INTO City (cityID, cityName, stateID)
Values (4223, 'Ashland', 35);
INSERT INTO City (cityID, cityName, stateID)
Values (4224, 'Ashley', 35);
INSERT INTO City (cityID, cityName, stateID)
Values (4225, 'Ashtabula', 35);
INSERT INTO City (cityID, cityName, stateID)
Values (4226, 'Ashville', 35);
INSERT INTO City (cityID, cityName, stateID)
Values (4227, 'Athens', 35);
INSERT INTO City (cityID, cityName, stateID)
Values (4228, 'Attica', 35);
INSERT INTO City (cityID, cityName, stateID)
Values (4229, 'Atwater', 35);
INSERT INTO City (cityID, cityName, stateID)
Values (4230, 'Augusta', 35);
INSERT INTO City (cityID, cityName, stateID)
Values (4231, 'Aurora', 35);
INSERT INTO City (cityID, cityName, stateID)
Values (4232, 'Austinburg', 35);
INSERT INTO City (cityID, cityName, stateID)
Values (4233, 'Ava', 35);
INSERT INTO City (cityID, cityName, stateID)
Values (4234, 'Avon', 35);
INSERT INTO City (cityID, cityName, stateID)
Values (4235, 'Avon Lake', 35);
INSERT INTO City (cityID, cityName, stateID)
Values (4236, 'Bainbridge', 35);
INSERT INTO City (cityID, cityName, stateID)
Values (4237, 'Bakersville', 35);
INSERT INTO City (cityID, cityName, stateID)
Values (4238, 'Baltic', 35);
INSERT INTO City (cityID, cityName, stateID)
Values (4239, 'Baltimore', 35);
INSERT INTO City (cityID, cityName, stateID)
Values (4240, 'Bannock', 35);
INSERT INTO City (cityID, cityName, stateID)
Values (4241, 'Barberton', 35);
INSERT INTO City (cityID, cityName, stateID)
Values (4242, 'Barlow', 35);
INSERT INTO City (cityID, cityName, stateID)
Values (4243, 'Barnesville', 35);
INSERT INTO City (cityID, cityName, stateID)
Values (4244, 'Bartlett', 35);
INSERT INTO City (cityID, cityName, stateID)
Values (4245, 'Barton', 35);
INSERT INTO City (cityID, cityName, stateID)
Values (4246, 'Bascom', 35);
INSERT INTO City (cityID, cityName, stateID)
Values (4247, 'Batavia', 35);
INSERT INTO City (cityID, cityName, stateID)
Values (4248, 'Bath', 35);
INSERT INTO City (cityID, cityName, stateID)
Values (4249, 'Bay Village', 35);
INSERT INTO City (cityID, cityName, stateID)
Values (4250, 'Beach City', 35);
INSERT INTO City (cityID, cityName, stateID)
Values (4251, 'Beachwood', 35);
INSERT INTO City (cityID, cityName, stateID)
Values (4252, 'Beallsville', 35);
INSERT INTO City (cityID, cityName, stateID)
Values (4253, 'Beaver', 35);
INSERT INTO City (cityID, cityName, stateID)
Values (4254, 'Beaverdam', 35);
INSERT INTO City (cityID, cityName, stateID)
Values (4255, 'Bedford', 35);
INSERT INTO City (cityID, cityName, stateID)
Values (4256, 'Bellaire', 35);
INSERT INTO City (cityID, cityName, stateID)
Values (4257, 'Bellbrook', 35);
INSERT INTO City (cityID, cityName, stateID)
Values (4258, 'Belle Center', 35);
INSERT INTO City (cityID, cityName, stateID)
Values (4259, 'Belle Valley', 35);
INSERT INTO City (cityID, cityName, stateID)
Values (4260, 'Bellefontaine', 35);
INSERT INTO City (cityID, cityName, stateID)
Values (4261, 'Bellevue', 35);
INSERT INTO City (cityID, cityName, stateID)
Values (4262, 'Bellville', 35);
INSERT INTO City (cityID, cityName, stateID)
Values (4263, 'Belmont', 35);
INSERT INTO City (cityID, cityName, stateID)
Values (4264, 'Belmore', 35);
INSERT INTO City (cityID, cityName, stateID)
Values (4265, 'Beloit', 35);
INSERT INTO City (cityID, cityName, stateID)
Values (4266, 'Belpre', 35);
INSERT INTO City (cityID, cityName, stateID)
Values (4267, 'Benton Ridge', 35);
INSERT INTO City (cityID, cityName, stateID)
Values (4268, 'Bentonville', 35);
INSERT INTO City (cityID, cityName, stateID)
Values (4269, 'Berea', 35);
INSERT INTO City (cityID, cityName, stateID)
Values (4270, 'Bergholz', 35);
INSERT INTO City (cityID, cityName, stateID)
Values (4271, 'Berkey', 35);
INSERT INTO City (cityID, cityName, stateID)
Values (4272, 'Berlin', 35);
INSERT INTO City (cityID, cityName, stateID)
Values (4273, 'Berlin Center', 35);
INSERT INTO City (cityID, cityName, stateID)
Values (4274, 'Berlin Heights', 35);
INSERT INTO City (cityID, cityName, stateID)
Values (4275, 'Bethel', 35);
INSERT INTO City (cityID, cityName, stateID)
Values (4276, 'Bethesda', 35);
INSERT INTO City (cityID, cityName, stateID)
Values (4277, 'Bettsville', 35);
INSERT INTO City (cityID, cityName, stateID)
Values (4278, 'Beverly', 35);
INSERT INTO City (cityID, cityName, stateID)
Values (4279, 'Bidwell', 35);
INSERT INTO City (cityID, cityName, stateID)
Values (4280, 'Big Prairie', 35);
INSERT INTO City (cityID, cityName, stateID)
Values (4281, 'Birmingham', 35);
INSERT INTO City (cityID, cityName, stateID)
Values (4282, 'Blacklick', 35);
INSERT INTO City (cityID, cityName, stateID)
Values (4283, 'Bladensburg', 35);
INSERT INTO City (cityID, cityName, stateID)
Values (4284, 'Blaine', 35);
INSERT INTO City (cityID, cityName, stateID)
Values (4285, 'Blakeslee', 35);
INSERT INTO City (cityID, cityName, stateID)
Values (4286, 'Blanchester', 35);
INSERT INTO City (cityID, cityName, stateID)
Values (4287, 'Blissfield', 35);
INSERT INTO City (cityID, cityName, stateID)
Values (4288, 'Bloomdale', 35);
INSERT INTO City (cityID, cityName, stateID)
Values (4289, 'Bloomingburg', 35);
INSERT INTO City (cityID, cityName, stateID)
Values (4290, 'Bloomingdale', 35);
INSERT INTO City (cityID, cityName, stateID)
Values (4291, 'Bloomville', 35);
INSERT INTO City (cityID, cityName, stateID)
Values (4292, 'Blue Creek', 35);
INSERT INTO City (cityID, cityName, stateID)
Values (4293, 'Blue Rock', 35);
INSERT INTO City (cityID, cityName, stateID)
Values (4294, 'Bluffton', 35);
INSERT INTO City (cityID, cityName, stateID)
Values (4295, 'Bolivar', 35);
INSERT INTO City (cityID, cityName, stateID)
Values (4296, 'Botkins', 35);
INSERT INTO City (cityID, cityName, stateID)
Values (4297, 'Bourneville', 35);
INSERT INTO City (cityID, cityName, stateID)
Values (4298, 'Bowerston', 35);
INSERT INTO City (cityID, cityName, stateID)
Values (4299, 'Bowersville', 35);
INSERT INTO City (cityID, cityName, stateID)
Values (4300, 'Bowling Green', 35);
INSERT INTO City (cityID, cityName, stateID)
Values (4301, 'Bradford', 35);
INSERT INTO City (cityID, cityName, stateID)
Values (4302, 'Bradner', 35);
INSERT INTO City (cityID, cityName, stateID)
Values (4303, 'Brady Lake', 35);
INSERT INTO City (cityID, cityName, stateID)
Values (4304, 'Brecksville', 35);
INSERT INTO City (cityID, cityName, stateID)
Values (4305, 'Brewster', 35);
INSERT INTO City (cityID, cityName, stateID)
Values (4306, 'Brice', 35);
INSERT INTO City (cityID, cityName, stateID)
Values (4307, 'Bridgeport', 35);
INSERT INTO City (cityID, cityName, stateID)
Values (4308, 'Brilliant', 35);
INSERT INTO City (cityID, cityName, stateID)
Values (4309, 'Brinkhaven', 35);
INSERT INTO City (cityID, cityName, stateID)
Values (4310, 'Bristolville', 35);
INSERT INTO City (cityID, cityName, stateID)
Values (4311, 'Broadview Heights', 35);
INSERT INTO City (cityID, cityName, stateID)
Values (4312, 'Broadway', 35);
INSERT INTO City (cityID, cityName, stateID)
Values (4313, 'Brook Park', 35);
INSERT INTO City (cityID, cityName, stateID)
Values (4314, 'Brookfield', 35);
INSERT INTO City (cityID, cityName, stateID)
Values (4315, 'Brookville', 35);
INSERT INTO City (cityID, cityName, stateID)
Values (4316, 'Brownsville', 35);
INSERT INTO City (cityID, cityName, stateID)
Values (4317, 'Brunswick', 35);
INSERT INTO City (cityID, cityName, stateID)
Values (4318, 'Bryan', 35);
INSERT INTO City (cityID, cityName, stateID)
Values (4319, 'Buchtel', 35);
INSERT INTO City (cityID, cityName, stateID)
Values (4320, 'Buckeye Lake', 35);
INSERT INTO City (cityID, cityName, stateID)
Values (4321, 'Buckland', 35);
INSERT INTO City (cityID, cityName, stateID)
Values (4322, 'Bucyrus', 35);
INSERT INTO City (cityID, cityName, stateID)
Values (4323, 'Buffalo', 35);
INSERT INTO City (cityID, cityName, stateID)
Values (4324, 'Buford', 35);
INSERT INTO City (cityID, cityName, stateID)
Values (4325, 'Burbank', 35);
INSERT INTO City (cityID, cityName, stateID)
Values (4326, 'Burghill', 35);
INSERT INTO City (cityID, cityName, stateID)
Values (4327, 'Burgoon', 35);
INSERT INTO City (cityID, cityName, stateID)
Values (4328, 'Burkettsville', 35);
INSERT INTO City (cityID, cityName, stateID)
Values (4329, 'Burton', 35);
INSERT INTO City (cityID, cityName, stateID)
Values (4330, 'Butler', 35);
INSERT INTO City (cityID, cityName, stateID)
Values (4331, 'Byesville', 35);
INSERT INTO City (cityID, cityName, stateID)
Values (4332, 'Cable', 35);
INSERT INTO City (cityID, cityName, stateID)
Values (4333, 'Cadiz', 35);
INSERT INTO City (cityID, cityName, stateID)
Values (4334, 'Cairo', 35);
INSERT INTO City (cityID, cityName, stateID)
Values (4335, 'Caldwell', 35);
INSERT INTO City (cityID, cityName, stateID)
Values (4336, 'Caledonia', 35);
INSERT INTO City (cityID, cityName, stateID)
Values (4337, 'Cambridge', 35);
INSERT INTO City (cityID, cityName, stateID)
Values (4338, 'Camden', 35);
INSERT INTO City (cityID, cityName, stateID)
Values (4339, 'Cameron', 35);
INSERT INTO City (cityID, cityName, stateID)
Values (4340, 'Camp Dennison', 35);
INSERT INTO City (cityID, cityName, stateID)
Values (4341, 'Campbell', 35);
INSERT INTO City (cityID, cityName, stateID)
Values (4342, 'Canal Fulton', 35);
INSERT INTO City (cityID, cityName, stateID)
Values (4343, 'Canal Winchester', 35);
INSERT INTO City (cityID, cityName, stateID)
Values (4344, 'Canfield', 35);
INSERT INTO City (cityID, cityName, stateID)
Values (4345, 'Canton', 35);
INSERT INTO City (cityID, cityName, stateID)
Values (4346, 'Carbon Hill', 35);
INSERT INTO City (cityID, cityName, stateID)
Values (4347, 'Carbondale', 35);
INSERT INTO City (cityID, cityName, stateID)
Values (4348, 'Cardington', 35);
INSERT INTO City (cityID, cityName, stateID)
Values (4349, 'Carey', 35);
INSERT INTO City (cityID, cityName, stateID)
Values (4350, 'Carroll', 35);
INSERT INTO City (cityID, cityName, stateID)
Values (4351, 'Carrollton', 35);
INSERT INTO City (cityID, cityName, stateID)
Values (4352, 'Casstown', 35);
INSERT INTO City (cityID, cityName, stateID)
Values (4353, 'Castalia', 35);
INSERT INTO City (cityID, cityName, stateID)
Values (4354, 'Catawba', 35);
INSERT INTO City (cityID, cityName, stateID)
Values (4355, 'Cecil', 35);
INSERT INTO City (cityID, cityName, stateID)
Values (4356, 'Cedarville', 35);
INSERT INTO City (cityID, cityName, stateID)
Values (4357, 'Celina', 35);
INSERT INTO City (cityID, cityName, stateID)
Values (4358, 'Centerburg', 35);
INSERT INTO City (cityID, cityName, stateID)
Values (4359, 'Chagrin Falls', 35);
INSERT INTO City (cityID, cityName, stateID)
Values (4360, 'Chandlersville', 35);
INSERT INTO City (cityID, cityName, stateID)
Values (4361, 'Chardon', 35);
INSERT INTO City (cityID, cityName, stateID)
Values (4362, 'Charm', 35);
INSERT INTO City (cityID, cityName, stateID)
Values (4363, 'Chatfield', 35);
INSERT INTO City (cityID, cityName, stateID)
Values (4364, 'Chauncey', 35);
INSERT INTO City (cityID, cityName, stateID)
Values (4365, 'Cherry Fork', 35);
INSERT INTO City (cityID, cityName, stateID)
Values (4366, 'Chesapeake', 35);
INSERT INTO City (cityID, cityName, stateID)
Values (4367, 'Cheshire', 35);
INSERT INTO City (cityID, cityName, stateID)
Values (4368, 'Chester', 35);
INSERT INTO City (cityID, cityName, stateID)
Values (4369, 'Chesterhill', 35);
INSERT INTO City (cityID, cityName, stateID)
Values (4370, 'Chesterland', 35);
INSERT INTO City (cityID, cityName, stateID)
Values (4371, 'Chesterville', 35);
INSERT INTO City (cityID, cityName, stateID)
Values (4372, 'Chickasaw', 35);
INSERT INTO City (cityID, cityName, stateID)
Values (4373, 'Chillicothe', 35);
INSERT INTO City (cityID, cityName, stateID)
Values (4374, 'Chilo', 35);
INSERT INTO City (cityID, cityName, stateID)
Values (4375, 'Chippewa Lake', 35);
INSERT INTO City (cityID, cityName, stateID)
Values (4376, 'Christiansburg', 35);
INSERT INTO City (cityID, cityName, stateID)
Values (4377, 'Cincinnati', 35);
INSERT INTO City (cityID, cityName, stateID)
Values (4378, 'Circleville', 35);
INSERT INTO City (cityID, cityName, stateID)
Values (4379, 'Clarington', 35);
INSERT INTO City (cityID, cityName, stateID)
Values (4380, 'Clarksburg', 35);
INSERT INTO City (cityID, cityName, stateID)
Values (4381, 'Clarksville', 35);
INSERT INTO City (cityID, cityName, stateID)
Values (4382, 'Clay Center', 35);
INSERT INTO City (cityID, cityName, stateID)
Values (4383, 'Clayton', 35);
INSERT INTO City (cityID, cityName, stateID)
Values (4384, 'Cleveland', 35);
INSERT INTO City (cityID, cityName, stateID)
Values (4385, 'Cleves', 35);
INSERT INTO City (cityID, cityName, stateID)
Values (4386, 'Clifton', 35);
INSERT INTO City (cityID, cityName, stateID)
Values (4387, 'Clinton', 35);
INSERT INTO City (cityID, cityName, stateID)
Values (4388, 'Cloverdale', 35);
INSERT INTO City (cityID, cityName, stateID)
Values (4389, 'Clyde', 35);
INSERT INTO City (cityID, cityName, stateID)
Values (4390, 'Coal Run', 35);
INSERT INTO City (cityID, cityName, stateID)
Values (4391, 'Coalton', 35);
INSERT INTO City (cityID, cityName, stateID)
Values (4392, 'Coldwater', 35);
INSERT INTO City (cityID, cityName, stateID)
Values (4393, 'Colerain', 35);
INSERT INTO City (cityID, cityName, stateID)
Values (4394, 'College Corner', 35);
INSERT INTO City (cityID, cityName, stateID)
Values (4395, 'Collins', 35);
INSERT INTO City (cityID, cityName, stateID)
Values (4396, 'Collinsville', 35);
INSERT INTO City (cityID, cityName, stateID)
Values (4397, 'Colton', 35);
INSERT INTO City (cityID, cityName, stateID)
Values (4398, 'Columbia Station', 35);
INSERT INTO City (cityID, cityName, stateID)
Values (4399, 'Columbiana', 35);
INSERT INTO City (cityID, cityName, stateID)
Values (4400, 'Columbus', 35);
INSERT INTO City (cityID, cityName, stateID)
Values (4401, 'Columbus Grove', 35);
INSERT INTO City (cityID, cityName, stateID)
Values (4402, 'Commercial Point', 35);
INSERT INTO City (cityID, cityName, stateID)
Values (4403, 'Conesville', 35);
INSERT INTO City (cityID, cityName, stateID)
Values (4404, 'Conneaut', 35);
INSERT INTO City (cityID, cityName, stateID)
Values (4405, 'Conover', 35);
INSERT INTO City (cityID, cityName, stateID)
Values (4406, 'Continental', 35);
INSERT INTO City (cityID, cityName, stateID)
Values (4407, 'Convoy', 35);
INSERT INTO City (cityID, cityName, stateID)
Values (4408, 'Coolville', 35);
INSERT INTO City (cityID, cityName, stateID)
Values (4409, 'Corning', 35);
INSERT INTO City (cityID, cityName, stateID)
Values (4410, 'Cortland', 35);
INSERT INTO City (cityID, cityName, stateID)
Values (4411, 'Coshocton', 35);
INSERT INTO City (cityID, cityName, stateID)
Values (4412, 'Covington', 35);
INSERT INTO City (cityID, cityName, stateID)
Values (4413, 'Creola', 35);
INSERT INTO City (cityID, cityName, stateID)
Values (4414, 'Crestline', 35);
INSERT INTO City (cityID, cityName, stateID)
Values (4415, 'Creston', 35);
INSERT INTO City (cityID, cityName, stateID)
Values (4416, 'Crooksville', 35);
INSERT INTO City (cityID, cityName, stateID)
Values (4417, 'Croton', 35);
INSERT INTO City (cityID, cityName, stateID)
Values (4418, 'Crown City', 35);
INSERT INTO City (cityID, cityName, stateID)
Values (4419, 'Cuba', 35);
INSERT INTO City (cityID, cityName, stateID)
Values (4420, 'Cumberland', 35);
INSERT INTO City (cityID, cityName, stateID)
Values (4421, 'Curtice', 35);
INSERT INTO City (cityID, cityName, stateID)
Values (4422, 'Custar', 35);
INSERT INTO City (cityID, cityName, stateID)
Values (4423, 'Cutler', 35);
INSERT INTO City (cityID, cityName, stateID)
Values (4424, 'Cuyahoga Falls', 35);
INSERT INTO City (cityID, cityName, stateID)
Values (4425, 'Cygnet', 35);
INSERT INTO City (cityID, cityName, stateID)
Values (4426, 'Cynthiana', 35);
INSERT INTO City (cityID, cityName, stateID)
Values (4427, 'Dalton', 35);
INSERT INTO City (cityID, cityName, stateID)
Values (4428, 'Damascus', 35);
INSERT INTO City (cityID, cityName, stateID)
Values (4429, 'Danville', 35);
INSERT INTO City (cityID, cityName, stateID)
Values (4430, 'Dayton', 35);
INSERT INTO City (cityID, cityName, stateID)
Values (4431, 'De Graff', 35);
INSERT INTO City (cityID, cityName, stateID)
Values (4432, 'Decatur', 35);
INSERT INTO City (cityID, cityName, stateID)
Values (4433, 'Deerfield', 35);
INSERT INTO City (cityID, cityName, stateID)
Values (4434, 'Deersville', 35);
INSERT INTO City (cityID, cityName, stateID)
Values (4435, 'Defiance', 35);
INSERT INTO City (cityID, cityName, stateID)
Values (4436, 'Delaware', 35);
INSERT INTO City (cityID, cityName, stateID)
Values (4437, 'Dellroy', 35);
INSERT INTO City (cityID, cityName, stateID)
Values (4438, 'Delphos', 35);
INSERT INTO City (cityID, cityName, stateID)
Values (4439, 'Delta', 35);
INSERT INTO City (cityID, cityName, stateID)
Values (4440, 'Dennison', 35);
INSERT INTO City (cityID, cityName, stateID)
Values (4441, 'Derby', 35);
INSERT INTO City (cityID, cityName, stateID)
Values (4442, 'Derwent', 35);
INSERT INTO City (cityID, cityName, stateID)
Values (4443, 'Deshler', 35);
INSERT INTO City (cityID, cityName, stateID)
Values (4444, 'Dexter City', 35);
INSERT INTO City (cityID, cityName, stateID)
Values (4445, 'Diamond', 35);
INSERT INTO City (cityID, cityName, stateID)
Values (4446, 'Dillonvale', 35);
INSERT INTO City (cityID, cityName, stateID)
Values (4447, 'Dola', 35);
INSERT INTO City (cityID, cityName, stateID)
Values (4448, 'Donnelsville', 35);
INSERT INTO City (cityID, cityName, stateID)
Values (4449, 'Dorset', 35);
INSERT INTO City (cityID, cityName, stateID)
Values (4450, 'Dover', 35);
INSERT INTO City (cityID, cityName, stateID)
Values (4451, 'Doylestown', 35);
INSERT INTO City (cityID, cityName, stateID)
Values (4452, 'Dresden', 35);
INSERT INTO City (cityID, cityName, stateID)
Values (4453, 'Dublin', 35);
INSERT INTO City (cityID, cityName, stateID)
Values (4454, 'Dunbridge', 35);
INSERT INTO City (cityID, cityName, stateID)
Values (4455, 'Duncan Falls', 35);
INSERT INTO City (cityID, cityName, stateID)
Values (4456, 'Dundee', 35);
INSERT INTO City (cityID, cityName, stateID)
Values (4457, 'Dunkirk', 35);
INSERT INTO City (cityID, cityName, stateID)
Values (4458, 'Dupont', 35);
INSERT INTO City (cityID, cityName, stateID)
Values (4459, 'East Canton', 35);
INSERT INTO City (cityID, cityName, stateID)
Values (4460, 'East Claridon', 35);
INSERT INTO City (cityID, cityName, stateID)
Values (4461, 'East Fultonham', 35);
INSERT INTO City (cityID, cityName, stateID)
Values (4462, 'East Liberty', 35);
INSERT INTO City (cityID, cityName, stateID)
Values (4463, 'East Liverpool', 35);
INSERT INTO City (cityID, cityName, stateID)
Values (4464, 'East Palestine', 35);
INSERT INTO City (cityID, cityName, stateID)
Values (4465, 'East Rochester', 35);
INSERT INTO City (cityID, cityName, stateID)
Values (4466, 'East Sparta', 35);
INSERT INTO City (cityID, cityName, stateID)
Values (4467, 'East Springfield', 35);
INSERT INTO City (cityID, cityName, stateID)
Values (4468, 'Eastlake', 35);
INSERT INTO City (cityID, cityName, stateID)
Values (4469, 'Eaton', 35);
INSERT INTO City (cityID, cityName, stateID)
Values (4470, 'Edgerton', 35);
INSERT INTO City (cityID, cityName, stateID)
Values (4471, 'Edison', 35);
INSERT INTO City (cityID, cityName, stateID)
Values (4472, 'Edon', 35);
INSERT INTO City (cityID, cityName, stateID)
Values (4473, 'Eldorado', 35);
INSERT INTO City (cityID, cityName, stateID)
Values (4474, 'Elgin', 35);
INSERT INTO City (cityID, cityName, stateID)
Values (4475, 'Elkton', 35);
INSERT INTO City (cityID, cityName, stateID)
Values (4476, 'Ellsworth', 35);
INSERT INTO City (cityID, cityName, stateID)
Values (4477, 'Elmore', 35);
INSERT INTO City (cityID, cityName, stateID)
Values (4478, 'Elyria', 35);
INSERT INTO City (cityID, cityName, stateID)
Values (4479, 'Empire', 35);
INSERT INTO City (cityID, cityName, stateID)
Values (4480, 'Englewood', 35);
INSERT INTO City (cityID, cityName, stateID)
Values (4481, 'Enon', 35);
INSERT INTO City (cityID, cityName, stateID)
Values (4482, 'Etna', 35);
INSERT INTO City (cityID, cityName, stateID)
Values (4483, 'Euclid', 35);
INSERT INTO City (cityID, cityName, stateID)
Values (4484, 'Evansport', 35);
INSERT INTO City (cityID, cityName, stateID)
Values (4485, 'Fairborn', 35);
INSERT INTO City (cityID, cityName, stateID)
Values (4486, 'Fairfield', 35);
INSERT INTO City (cityID, cityName, stateID)
Values (4487, 'Fairlawn', 35);
INSERT INTO City (cityID, cityName, stateID)
Values (4488, 'Fairpoint', 35);
INSERT INTO City (cityID, cityName, stateID)
Values (4489, 'Fairview', 35);
INSERT INTO City (cityID, cityName, stateID)
Values (4490, 'Farmdale', 35);
INSERT INTO City (cityID, cityName, stateID)
Values (4491, 'Farmer', 35);
INSERT INTO City (cityID, cityName, stateID)
Values (4492, 'Farmersville', 35);
INSERT INTO City (cityID, cityName, stateID)
Values (4493, 'Fayette', 35);
INSERT INTO City (cityID, cityName, stateID)
Values (4494, 'Fayetteville', 35);
INSERT INTO City (cityID, cityName, stateID)
Values (4495, 'Feesburg', 35);
INSERT INTO City (cityID, cityName, stateID)
Values (4496, 'Felicity', 35);
INSERT INTO City (cityID, cityName, stateID)
Values (4497, 'Findlay', 35);
INSERT INTO City (cityID, cityName, stateID)
Values (4498, 'Flat Rock', 35);
INSERT INTO City (cityID, cityName, stateID)
Values (4499, 'Fleming', 35);
INSERT INTO City (cityID, cityName, stateID)
Values (4500, 'Fletcher', 35);
INSERT INTO City (cityID, cityName, stateID)
Values (4501, 'Flushing', 35);
INSERT INTO City (cityID, cityName, stateID)
Values (4502, 'Forest', 35);
INSERT INTO City (cityID, cityName, stateID)
Values (4503, 'Fort Jennings', 35);
INSERT INTO City (cityID, cityName, stateID)
Values (4504, 'Fort Loramie', 35);
INSERT INTO City (cityID, cityName, stateID)
Values (4505, 'Fort Recovery', 35);
INSERT INTO City (cityID, cityName, stateID)
Values (4506, 'Fostoria', 35);
INSERT INTO City (cityID, cityName, stateID)
Values (4507, 'Fowler', 35);
INSERT INTO City (cityID, cityName, stateID)
Values (4508, 'Frankfort', 35);
INSERT INTO City (cityID, cityName, stateID)
Values (4509, 'Franklin', 35);
INSERT INTO City (cityID, cityName, stateID)
Values (4510, 'Franklin Furnace', 35);
INSERT INTO City (cityID, cityName, stateID)
Values (4511, 'Frazeysburg', 35);
INSERT INTO City (cityID, cityName, stateID)
Values (4512, 'Fredericksburg', 35);
INSERT INTO City (cityID, cityName, stateID)
Values (4513, 'Fredericktown', 35);
INSERT INTO City (cityID, cityName, stateID)
Values (4514, 'Freeport', 35);
INSERT INTO City (cityID, cityName, stateID)
Values (4515, 'Fremont', 35);
INSERT INTO City (cityID, cityName, stateID)
Values (4516, 'Fresno', 35);
INSERT INTO City (cityID, cityName, stateID)
Values (4517, 'Friendship', 35);
INSERT INTO City (cityID, cityName, stateID)
Values (4518, 'Fulton', 35);
INSERT INTO City (cityID, cityName, stateID)
Values (4519, 'Fultonham', 35);
INSERT INTO City (cityID, cityName, stateID)
Values (4520, 'Galena', 35);
INSERT INTO City (cityID, cityName, stateID)
Values (4521, 'Galion', 35);
INSERT INTO City (cityID, cityName, stateID)
Values (4522, 'Gallipolis', 35);
INSERT INTO City (cityID, cityName, stateID)
Values (4523, 'Galloway', 35);
INSERT INTO City (cityID, cityName, stateID)
Values (4524, 'Gambier', 35);
INSERT INTO City (cityID, cityName, stateID)
Values (4525, 'Garrettsville', 35);
INSERT INTO City (cityID, cityName, stateID)
Values (4526, 'Gates Mills', 35);
INSERT INTO City (cityID, cityName, stateID)
Values (4527, 'Geneva', 35);
INSERT INTO City (cityID, cityName, stateID)
Values (4528, 'Genoa', 35);
INSERT INTO City (cityID, cityName, stateID)
Values (4529, 'Georgetown', 35);
INSERT INTO City (cityID, cityName, stateID)
Values (4530, 'Germantown', 35);
INSERT INTO City (cityID, cityName, stateID)
Values (4531, 'Gettysburg', 35);
INSERT INTO City (cityID, cityName, stateID)
Values (4532, 'Gibsonburg', 35);
INSERT INTO City (cityID, cityName, stateID)
Values (4533, 'Girard', 35);
INSERT INTO City (cityID, cityName, stateID)
Values (4534, 'Glandorf', 35);
INSERT INTO City (cityID, cityName, stateID)
Values (4535, 'Glencoe', 35);
INSERT INTO City (cityID, cityName, stateID)
Values (4536, 'Glenford', 35);
INSERT INTO City (cityID, cityName, stateID)
Values (4537, 'Glenmont', 35);
INSERT INTO City (cityID, cityName, stateID)
Values (4538, 'Glouster', 35);
INSERT INTO City (cityID, cityName, stateID)
Values (4539, 'Gnadenhutten', 35);
INSERT INTO City (cityID, cityName, stateID)
Values (4540, 'Gomer', 35);
INSERT INTO City (cityID, cityName, stateID)
Values (4541, 'Goshen', 35);
INSERT INTO City (cityID, cityName, stateID)
Values (4542, 'Grafton', 35);
INSERT INTO City (cityID, cityName, stateID)
Values (4543, 'Grand Rapids', 35);
INSERT INTO City (cityID, cityName, stateID)
Values (4544, 'Grand River', 35);
INSERT INTO City (cityID, cityName, stateID)
Values (4545, 'Granville', 35);
INSERT INTO City (cityID, cityName, stateID)
Values (4546, 'Gratiot', 35);
INSERT INTO City (cityID, cityName, stateID)
Values (4547, 'Gratis', 35);
INSERT INTO City (cityID, cityName, stateID)
Values (4548, 'Graysville', 35);
INSERT INTO City (cityID, cityName, stateID)
Values (4549, 'Graytown', 35);
INSERT INTO City (cityID, cityName, stateID)
Values (4550, 'Green', 35);
INSERT INTO City (cityID, cityName, stateID)
Values (4551, 'Green Camp', 35);
INSERT INTO City (cityID, cityName, stateID)
Values (4552, 'Green Springs', 35);
INSERT INTO City (cityID, cityName, stateID)
Values (4553, 'Greenfield', 35);
INSERT INTO City (cityID, cityName, stateID)
Values (4554, 'Greenford', 35);
INSERT INTO City (cityID, cityName, stateID)
Values (4555, 'Greentown', 35);
INSERT INTO City (cityID, cityName, stateID)
Values (4556, 'Greenville', 35);
INSERT INTO City (cityID, cityName, stateID)
Values (4557, 'Greenwich', 35);
INSERT INTO City (cityID, cityName, stateID)
Values (4558, 'Grelton', 35);
INSERT INTO City (cityID, cityName, stateID)
Values (4559, 'Grove City', 35);
INSERT INTO City (cityID, cityName, stateID)
Values (4560, 'Groveport', 35);
INSERT INTO City (cityID, cityName, stateID)
Values (4561, 'Grover Hill', 35);
INSERT INTO City (cityID, cityName, stateID)
Values (4562, 'Guysville', 35);
INSERT INTO City (cityID, cityName, stateID)
Values (4563, 'Gypsum', 35);
INSERT INTO City (cityID, cityName, stateID)
Values (4564, 'Hallsville', 35);
INSERT INTO City (cityID, cityName, stateID)
Values (4565, 'Hamden', 35);
INSERT INTO City (cityID, cityName, stateID)
Values (4566, 'Hamersville', 35);
INSERT INTO City (cityID, cityName, stateID)
Values (4567, 'Hamilton', 35);
INSERT INTO City (cityID, cityName, stateID)
Values (4568, 'Hamler', 35);
INSERT INTO City (cityID, cityName, stateID)
Values (4569, 'Hammondsville', 35);
INSERT INTO City (cityID, cityName, stateID)
Values (4570, 'Hannibal', 35);
INSERT INTO City (cityID, cityName, stateID)
Values (4571, 'Hanoverton', 35);
INSERT INTO City (cityID, cityName, stateID)
Values (4572, 'Harbor View', 35);
INSERT INTO City (cityID, cityName, stateID)
Values (4573, 'Harlem Springs', 35);
INSERT INTO City (cityID, cityName, stateID)
Values (4574, 'Harpster', 35);
INSERT INTO City (cityID, cityName, stateID)
Values (4575, 'Harrisburg', 35);
INSERT INTO City (cityID, cityName, stateID)
Values (4576, 'Harrison', 35);
INSERT INTO City (cityID, cityName, stateID)
Values (4577, 'Harrisville', 35);
INSERT INTO City (cityID, cityName, stateID)
Values (4578, 'Harrod', 35);
INSERT INTO City (cityID, cityName, stateID)
Values (4579, 'Hartford', 35);
INSERT INTO City (cityID, cityName, stateID)
Values (4580, 'Hartville', 35);
INSERT INTO City (cityID, cityName, stateID)
Values (4581, 'Harveysburg', 35);
INSERT INTO City (cityID, cityName, stateID)
Values (4582, 'Haskins', 35);
INSERT INTO City (cityID, cityName, stateID)
Values (4583, 'Haverhill', 35);
INSERT INTO City (cityID, cityName, stateID)
Values (4584, 'Haviland', 35);
INSERT INTO City (cityID, cityName, stateID)
Values (4585, 'Haydenville', 35);
INSERT INTO City (cityID, cityName, stateID)
Values (4586, 'Hayesville', 35);
INSERT INTO City (cityID, cityName, stateID)
Values (4587, 'Heath', 35);
INSERT INTO City (cityID, cityName, stateID)
Values (4588, 'Hebron', 35);
INSERT INTO City (cityID, cityName, stateID)
Values (4589, 'Helena', 35);
INSERT INTO City (cityID, cityName, stateID)
Values (4590, 'Hicksville', 35);
INSERT INTO City (cityID, cityName, stateID)
Values (4591, 'Hideaway Hls', 35);
INSERT INTO City (cityID, cityName, stateID)
Values (4592, 'Higginsport', 35);
INSERT INTO City (cityID, cityName, stateID)
Values (4593, 'Highland', 35);
INSERT INTO City (cityID, cityName, stateID)
Values (4594, 'Hilliard', 35);
INSERT INTO City (cityID, cityName, stateID)
Values (4595, 'Hillsboro', 35);
INSERT INTO City (cityID, cityName, stateID)
Values (4596, 'Hinckley', 35);
INSERT INTO City (cityID, cityName, stateID)
Values (4597, 'Hiram', 35);
INSERT INTO City (cityID, cityName, stateID)
Values (4598, 'Hockingport', 35);
INSERT INTO City (cityID, cityName, stateID)
Values (4599, 'Holgate', 35);
INSERT INTO City (cityID, cityName, stateID)
Values (4600, 'Holland', 35);
INSERT INTO City (cityID, cityName, stateID)
Values (4601, 'Hollansburg', 35);
INSERT INTO City (cityID, cityName, stateID)
Values (4602, 'Holloway', 35);
INSERT INTO City (cityID, cityName, stateID)
Values (4603, 'Holmesville', 35);
INSERT INTO City (cityID, cityName, stateID)
Values (4604, 'Homer', 35);
INSERT INTO City (cityID, cityName, stateID)
Values (4605, 'Homerville', 35);
INSERT INTO City (cityID, cityName, stateID)
Values (4606, 'Homeworth', 35);
INSERT INTO City (cityID, cityName, stateID)
Values (4607, 'Hooven', 35);
INSERT INTO City (cityID, cityName, stateID)
Values (4608, 'Hopedale', 35);
INSERT INTO City (cityID, cityName, stateID)
Values (4609, 'Hopewell', 35);
INSERT INTO City (cityID, cityName, stateID)
Values (4610, 'Houston', 35);
INSERT INTO City (cityID, cityName, stateID)
Values (4611, 'Howard', 35);
INSERT INTO City (cityID, cityName, stateID)
Values (4612, 'Hoytville', 35);
INSERT INTO City (cityID, cityName, stateID)
Values (4613, 'Hubbard', 35);
INSERT INTO City (cityID, cityName, stateID)
Values (4614, 'Hudson', 35);
INSERT INTO City (cityID, cityName, stateID)
Values (4615, 'Huntsburg', 35);
INSERT INTO City (cityID, cityName, stateID)
Values (4616, 'Huntsville', 35);
INSERT INTO City (cityID, cityName, stateID)
Values (4617, 'Huron', 35);
INSERT INTO City (cityID, cityName, stateID)
Values (4618, 'Iberia', 35);
INSERT INTO City (cityID, cityName, stateID)
Values (4619, 'Independence', 35);
INSERT INTO City (cityID, cityName, stateID)
Values (4620, 'Irondale', 35);
INSERT INTO City (cityID, cityName, stateID)
Values (4621, 'Ironton', 35);
INSERT INTO City (cityID, cityName, stateID)
Values (4622, 'Irwin', 35);
INSERT INTO City (cityID, cityName, stateID)
Values (4623, 'Isle Saint George', 35);
INSERT INTO City (cityID, cityName, stateID)
Values (4624, 'Jackson', 35);
INSERT INTO City (cityID, cityName, stateID)
Values (4625, 'Jackson Center', 35);
INSERT INTO City (cityID, cityName, stateID)
Values (4626, 'Jacksontown', 35);
INSERT INTO City (cityID, cityName, stateID)
Values (4627, 'Jacksonville', 35);
INSERT INTO City (cityID, cityName, stateID)
Values (4628, 'Jacobsburg', 35);
INSERT INTO City (cityID, cityName, stateID)
Values (4629, 'Jamestown', 35);
INSERT INTO City (cityID, cityName, stateID)
Values (4630, 'Jasper', 35);
INSERT INTO City (cityID, cityName, stateID)
Values (4631, 'Jefferson', 35);
INSERT INTO City (cityID, cityName, stateID)
Values (4632, 'Jeffersonville', 35);
INSERT INTO City (cityID, cityName, stateID)
Values (4633, 'Jenera', 35);
INSERT INTO City (cityID, cityName, stateID)
Values (4634, 'Jeromesville', 35);
INSERT INTO City (cityID, cityName, stateID)
Values (4635, 'Jerry City', 35);
INSERT INTO City (cityID, cityName, stateID)
Values (4636, 'Jerusalem', 35);
INSERT INTO City (cityID, cityName, stateID)
Values (4637, 'Jewell', 35);
INSERT INTO City (cityID, cityName, stateID)
Values (4638, 'Jewett', 35);
INSERT INTO City (cityID, cityName, stateID)
Values (4639, 'Johnstown', 35);
INSERT INTO City (cityID, cityName, stateID)
Values (4640, 'Junction City', 35);
INSERT INTO City (cityID, cityName, stateID)
Values (4641, 'Kalida', 35);
INSERT INTO City (cityID, cityName, stateID)
Values (4642, 'Kansas', 35);
INSERT INTO City (cityID, cityName, stateID)
Values (4643, 'Keene', 35);
INSERT INTO City (cityID, cityName, stateID)
Values (4644, 'Kelleys Island', 35);
INSERT INTO City (cityID, cityName, stateID)
Values (4645, 'Kensington', 35);
INSERT INTO City (cityID, cityName, stateID)
Values (4646, 'Kent', 35);
INSERT INTO City (cityID, cityName, stateID)
Values (4647, 'Kenton', 35);
INSERT INTO City (cityID, cityName, stateID)
Values (4648, 'Kerr', 35);
INSERT INTO City (cityID, cityName, stateID)
Values (4649, 'Kettlersville', 35);
INSERT INTO City (cityID, cityName, stateID)
Values (4650, 'Kidron', 35);
INSERT INTO City (cityID, cityName, stateID)
Values (4651, 'Kilbourne', 35);
INSERT INTO City (cityID, cityName, stateID)
Values (4652, 'Killbuck', 35);
INSERT INTO City (cityID, cityName, stateID)
Values (4653, 'Kimbolton', 35);
INSERT INTO City (cityID, cityName, stateID)
Values (4654, 'Kings Mills', 35);
INSERT INTO City (cityID, cityName, stateID)
Values (4655, 'Kingston', 35);
INSERT INTO City (cityID, cityName, stateID)
Values (4656, 'Kingsville', 35);
INSERT INTO City (cityID, cityName, stateID)
Values (4657, 'Kinsman', 35);
INSERT INTO City (cityID, cityName, stateID)
Values (4658, 'Kipling', 35);
INSERT INTO City (cityID, cityName, stateID)
Values (4659, 'Kipton', 35);
INSERT INTO City (cityID, cityName, stateID)
Values (4660, 'Kirby', 35);
INSERT INTO City (cityID, cityName, stateID)
Values (4661, 'Kirkersville', 35);
INSERT INTO City (cityID, cityName, stateID)
Values (4662, 'Kitts Hill', 35);
INSERT INTO City (cityID, cityName, stateID)
Values (4663, 'Kunkle', 35);
INSERT INTO City (cityID, cityName, stateID)
Values (4664, 'La Rue', 35);
INSERT INTO City (cityID, cityName, stateID)
Values (4665, 'Lacarne', 35);
INSERT INTO City (cityID, cityName, stateID)
Values (4666, 'Lafayette', 35);
INSERT INTO City (cityID, cityName, stateID)
Values (4667, 'Lafferty', 35);
INSERT INTO City (cityID, cityName, stateID)
Values (4668, 'Lagrange', 35);
INSERT INTO City (cityID, cityName, stateID)
Values (4669, 'Laings', 35);
INSERT INTO City (cityID, cityName, stateID)
Values (4670, 'Lake Milton', 35);
INSERT INTO City (cityID, cityName, stateID)
Values (4671, 'Lakemore', 35);
INSERT INTO City (cityID, cityName, stateID)
Values (4672, 'Lakeside Marblehead', 35);
INSERT INTO City (cityID, cityName, stateID)
Values (4673, 'Lakeview', 35);
INSERT INTO City (cityID, cityName, stateID)
Values (4674, 'Lakeville', 35);
INSERT INTO City (cityID, cityName, stateID)
Values (4675, 'Lakewood', 35);
INSERT INTO City (cityID, cityName, stateID)
Values (4676, 'Lancaster', 35);
INSERT INTO City (cityID, cityName, stateID)
Values (4677, 'Langsville', 35);
INSERT INTO City (cityID, cityName, stateID)
Values (4678, 'Lansing', 35);
INSERT INTO City (cityID, cityName, stateID)
Values (4679, 'Latham', 35);
INSERT INTO City (cityID, cityName, stateID)
Values (4680, 'Latty', 35);
INSERT INTO City (cityID, cityName, stateID)
Values (4681, 'Laura', 35);
INSERT INTO City (cityID, cityName, stateID)
Values (4682, 'Laurelville', 35);
INSERT INTO City (cityID, cityName, stateID)
Values (4683, 'Leavittsburg', 35);
INSERT INTO City (cityID, cityName, stateID)
Values (4684, 'Lebanon', 35);
INSERT INTO City (cityID, cityName, stateID)
Values (4685, 'Lees Creek', 35);
INSERT INTO City (cityID, cityName, stateID)
Values (4686, 'Leesburg', 35);
INSERT INTO City (cityID, cityName, stateID)
Values (4687, 'Leesville', 35);
INSERT INTO City (cityID, cityName, stateID)
Values (4688, 'Leetonia', 35);
INSERT INTO City (cityID, cityName, stateID)
Values (4689, 'Leipsic', 35);
INSERT INTO City (cityID, cityName, stateID)
Values (4690, 'Lemoyne', 35);
INSERT INTO City (cityID, cityName, stateID)
Values (4691, 'Lewis Center', 35);
INSERT INTO City (cityID, cityName, stateID)
Values (4692, 'Lewisburg', 35);
INSERT INTO City (cityID, cityName, stateID)
Values (4693, 'Lewistown', 35);
INSERT INTO City (cityID, cityName, stateID)
Values (4694, 'Lewisville', 35);
INSERT INTO City (cityID, cityName, stateID)
Values (4695, 'Liberty Center', 35);
INSERT INTO City (cityID, cityName, stateID)
Values (4696, 'Lima', 35);
INSERT INTO City (cityID, cityName, stateID)
Values (4697, 'Limaville', 35);
INSERT INTO City (cityID, cityName, stateID)
Values (4698, 'Lindsey', 35);
INSERT INTO City (cityID, cityName, stateID)
Values (4699, 'Lisbon', 35);
INSERT INTO City (cityID, cityName, stateID)
Values (4700, 'Litchfield', 35);
INSERT INTO City (cityID, cityName, stateID)
Values (4701, 'Lithopolis', 35);
INSERT INTO City (cityID, cityName, stateID)
Values (4702, 'Little Hocking', 35);
INSERT INTO City (cityID, cityName, stateID)
Values (4703, 'Lockbourne', 35);
INSERT INTO City (cityID, cityName, stateID)
Values (4704, 'Lodi', 35);
INSERT INTO City (cityID, cityName, stateID)
Values (4705, 'Logan', 35);
INSERT INTO City (cityID, cityName, stateID)
Values (4706, 'London', 35);
INSERT INTO City (cityID, cityName, stateID)
Values (4707, 'Londonderry', 35);
INSERT INTO City (cityID, cityName, stateID)
Values (4708, 'Long Bottom', 35);
INSERT INTO City (cityID, cityName, stateID)
Values (4709, 'Lorain', 35);
INSERT INTO City (cityID, cityName, stateID)
Values (4710, 'Lore City', 35);
INSERT INTO City (cityID, cityName, stateID)
Values (4711, 'Loudonville', 35);
INSERT INTO City (cityID, cityName, stateID)
Values (4712, 'Louisville', 35);
INSERT INTO City (cityID, cityName, stateID)
Values (4713, 'Loveland', 35);
INSERT INTO City (cityID, cityName, stateID)
Values (4714, 'Lowell', 35);
INSERT INTO City (cityID, cityName, stateID)
Values (4715, 'Lowellville', 35);
INSERT INTO City (cityID, cityName, stateID)
Values (4716, 'Lower Salem', 35);
INSERT INTO City (cityID, cityName, stateID)
Values (4717, 'Lucas', 35);
INSERT INTO City (cityID, cityName, stateID)
Values (4718, 'Lucasville', 35);
INSERT INTO City (cityID, cityName, stateID)
Values (4719, 'Luckey', 35);
INSERT INTO City (cityID, cityName, stateID)
Values (4720, 'Ludlow Falls', 35);
INSERT INTO City (cityID, cityName, stateID)
Values (4721, 'Lynchburg', 35);
INSERT INTO City (cityID, cityName, stateID)
Values (4722, 'Lynx', 35);
INSERT INTO City (cityID, cityName, stateID)
Values (4723, 'Lyons', 35);
INSERT INTO City (cityID, cityName, stateID)
Values (4724, 'Macedonia', 35);
INSERT INTO City (cityID, cityName, stateID)
Values (4725, 'Macksburg', 35);
INSERT INTO City (cityID, cityName, stateID)
Values (4726, 'Madison', 35);
INSERT INTO City (cityID, cityName, stateID)
Values (4727, 'Magnetic Springs', 35);
INSERT INTO City (cityID, cityName, stateID)
Values (4728, 'Magnolia', 35);
INSERT INTO City (cityID, cityName, stateID)
Values (4729, 'Maineville', 35);
INSERT INTO City (cityID, cityName, stateID)
Values (4730, 'Malaga', 35);
INSERT INTO City (cityID, cityName, stateID)
Values (4731, 'Malinta', 35);
INSERT INTO City (cityID, cityName, stateID)
Values (4732, 'Malta', 35);
INSERT INTO City (cityID, cityName, stateID)
Values (4733, 'Malvern', 35);
INSERT INTO City (cityID, cityName, stateID)
Values (4734, 'Manchester', 35);
INSERT INTO City (cityID, cityName, stateID)
Values (4735, 'Mansfield', 35);
INSERT INTO City (cityID, cityName, stateID)
Values (4736, 'Mantua', 35);
INSERT INTO City (cityID, cityName, stateID)
Values (4737, 'Maple Heights', 35);
INSERT INTO City (cityID, cityName, stateID)
Values (4738, 'Maplewood', 35);
INSERT INTO City (cityID, cityName, stateID)
Values (4739, 'Marathon', 35);
INSERT INTO City (cityID, cityName, stateID)
Values (4740, 'Marengo', 35);
INSERT INTO City (cityID, cityName, stateID)
Values (4741, 'Maria Stein', 35);
INSERT INTO City (cityID, cityName, stateID)
Values (4742, 'Marietta', 35);
INSERT INTO City (cityID, cityName, stateID)
Values (4743, 'Marion', 35);
INSERT INTO City (cityID, cityName, stateID)
Values (4744, 'Mark Center', 35);
INSERT INTO City (cityID, cityName, stateID)
Values (4745, 'Marshallville', 35);
INSERT INTO City (cityID, cityName, stateID)
Values (4746, 'Martel', 35);
INSERT INTO City (cityID, cityName, stateID)
Values (4747, 'Martin', 35);
INSERT INTO City (cityID, cityName, stateID)
Values (4748, 'Martins Ferry', 35);
INSERT INTO City (cityID, cityName, stateID)
Values (4749, 'Martinsburg', 35);
INSERT INTO City (cityID, cityName, stateID)
Values (4750, 'Martinsville', 35);
INSERT INTO City (cityID, cityName, stateID)
Values (4751, 'Marysville', 35);
INSERT INTO City (cityID, cityName, stateID)
Values (4752, 'Mason', 35);
INSERT INTO City (cityID, cityName, stateID)
Values (4753, 'Massillon', 35);
INSERT INTO City (cityID, cityName, stateID)
Values (4754, 'Masury', 35);
INSERT INTO City (cityID, cityName, stateID)
Values (4755, 'Maumee', 35);
INSERT INTO City (cityID, cityName, stateID)
Values (4756, 'Maximo', 35);
INSERT INTO City (cityID, cityName, stateID)
Values (4757, 'Maynard', 35);
INSERT INTO City (cityID, cityName, stateID)
Values (4758, 'Mc Arthur', 35);
INSERT INTO City (cityID, cityName, stateID)
Values (4759, 'Mc Clure', 35);
INSERT INTO City (cityID, cityName, stateID)
Values (4760, 'Mc Comb', 35);
INSERT INTO City (cityID, cityName, stateID)
Values (4761, 'Mc Cutchenville', 35);
INSERT INTO City (cityID, cityName, stateID)
Values (4762, 'Mc Dermott', 35);
INSERT INTO City (cityID, cityName, stateID)
Values (4763, 'Mc Donald', 35);
INSERT INTO City (cityID, cityName, stateID)
Values (4764, 'Mc Guffey', 35);
INSERT INTO City (cityID, cityName, stateID)
Values (4765, 'Mcconnelsville', 35);
INSERT INTO City (cityID, cityName, stateID)
Values (4766, 'Mechanicsburg', 35);
INSERT INTO City (cityID, cityName, stateID)
Values (4767, 'Mechanicstown', 35);
INSERT INTO City (cityID, cityName, stateID)
Values (4768, 'Medina', 35);
INSERT INTO City (cityID, cityName, stateID)
Values (4769, 'Medway', 35);
INSERT INTO City (cityID, cityName, stateID)
Values (4770, 'Melmore', 35);
INSERT INTO City (cityID, cityName, stateID)
Values (4771, 'Melrose', 35);
INSERT INTO City (cityID, cityName, stateID)
Values (4772, 'Mendon', 35);
INSERT INTO City (cityID, cityName, stateID)
Values (4773, 'Mentor', 35);
INSERT INTO City (cityID, cityName, stateID)
Values (4774, 'Mesopotamia', 35);
INSERT INTO City (cityID, cityName, stateID)
Values (4775, 'Metamora', 35);
INSERT INTO City (cityID, cityName, stateID)
Values (4776, 'Miamisburg', 35);
INSERT INTO City (cityID, cityName, stateID)
Values (4777, 'Miamitown', 35);
INSERT INTO City (cityID, cityName, stateID)
Values (4778, 'Miamiville', 35);
INSERT INTO City (cityID, cityName, stateID)
Values (4779, 'Middle Bass', 35);
INSERT INTO City (cityID, cityName, stateID)
Values (4780, 'Middle Point', 35);
INSERT INTO City (cityID, cityName, stateID)
Values (4781, 'Middlebranch', 35);
INSERT INTO City (cityID, cityName, stateID)
Values (4782, 'Middleburg', 35);
INSERT INTO City (cityID, cityName, stateID)
Values (4783, 'Middlefield', 35);
INSERT INTO City (cityID, cityName, stateID)
Values (4784, 'Middleport', 35);
INSERT INTO City (cityID, cityName, stateID)
Values (4785, 'Middletown', 35);
INSERT INTO City (cityID, cityName, stateID)
Values (4786, 'Midland', 35);
INSERT INTO City (cityID, cityName, stateID)
Values (4787, 'Midvale', 35);
INSERT INTO City (cityID, cityName, stateID)
Values (4788, 'Milan', 35);
INSERT INTO City (cityID, cityName, stateID)
Values (4789, 'Milford', 35);
INSERT INTO City (cityID, cityName, stateID)
Values (4790, 'Milford Center', 35);
INSERT INTO City (cityID, cityName, stateID)
Values (4791, 'Millbury', 35);
INSERT INTO City (cityID, cityName, stateID)
Values (4792, 'Milledgeville', 35);
INSERT INTO City (cityID, cityName, stateID)
Values (4793, 'Miller City', 35);
INSERT INTO City (cityID, cityName, stateID)
Values (4794, 'Millersburg', 35);
INSERT INTO City (cityID, cityName, stateID)
Values (4795, 'Millersport', 35);
INSERT INTO City (cityID, cityName, stateID)
Values (4796, 'Millfield', 35);
INSERT INTO City (cityID, cityName, stateID)
Values (4797, 'Milton Center', 35);
INSERT INTO City (cityID, cityName, stateID)
Values (4798, 'Mineral City', 35);
INSERT INTO City (cityID, cityName, stateID)
Values (4799, 'Mineral Ridge', 35);
INSERT INTO City (cityID, cityName, stateID)
Values (4800, 'Minerva', 35);
INSERT INTO City (cityID, cityName, stateID)
Values (4801, 'Minford', 35);
INSERT INTO City (cityID, cityName, stateID)
Values (4802, 'Mingo', 35);
INSERT INTO City (cityID, cityName, stateID)
Values (4803, 'Mingo Junction', 35);
INSERT INTO City (cityID, cityName, stateID)
Values (4804, 'Minster', 35);
INSERT INTO City (cityID, cityName, stateID)
Values (4805, 'Mogadore', 35);
INSERT INTO City (cityID, cityName, stateID)
Values (4806, 'Monclova', 35);
INSERT INTO City (cityID, cityName, stateID)
Values (4807, 'Monroe', 35);
INSERT INTO City (cityID, cityName, stateID)
Values (4808, 'Monroeville', 35);
INSERT INTO City (cityID, cityName, stateID)
Values (4809, 'Montezuma', 35);
INSERT INTO City (cityID, cityName, stateID)
Values (4810, 'Montpelier', 35);
INSERT INTO City (cityID, cityName, stateID)
Values (4811, 'Montville', 35);
INSERT INTO City (cityID, cityName, stateID)
Values (4812, 'Morral', 35);
INSERT INTO City (cityID, cityName, stateID)
Values (4813, 'Morristown', 35);
INSERT INTO City (cityID, cityName, stateID)
Values (4814, 'Morrow', 35);
INSERT INTO City (cityID, cityName, stateID)
Values (4815, 'Moscow', 35);
INSERT INTO City (cityID, cityName, stateID)
Values (4816, 'Mount Blanchard', 35);
INSERT INTO City (cityID, cityName, stateID)
Values (4817, 'Mount Cory', 35);
INSERT INTO City (cityID, cityName, stateID)
Values (4818, 'Mount Eaton', 35);
INSERT INTO City (cityID, cityName, stateID)
Values (4819, 'Mount Gilead', 35);
INSERT INTO City (cityID, cityName, stateID)
Values (4820, 'Mount Hope', 35);
INSERT INTO City (cityID, cityName, stateID)
Values (4821, 'Mount Liberty', 35);
INSERT INTO City (cityID, cityName, stateID)
Values (4822, 'Mount Orab', 35);
INSERT INTO City (cityID, cityName, stateID)
Values (4823, 'Mount Perry', 35);
INSERT INTO City (cityID, cityName, stateID)
Values (4824, 'Mount Pleasant', 35);
INSERT INTO City (cityID, cityName, stateID)
Values (4825, 'Mount Saint Joseph', 35);
INSERT INTO City (cityID, cityName, stateID)
Values (4826, 'Mount Sterling', 35);
INSERT INTO City (cityID, cityName, stateID)
Values (4827, 'Mount Vernon', 35);
INSERT INTO City (cityID, cityName, stateID)
Values (4828, 'Mount Victory', 35);
INSERT INTO City (cityID, cityName, stateID)
Values (4829, 'Mowrystown', 35);
INSERT INTO City (cityID, cityName, stateID)
Values (4830, 'Moxahala', 35);
INSERT INTO City (cityID, cityName, stateID)
Values (4831, 'Munroe Falls', 35);
INSERT INTO City (cityID, cityName, stateID)
Values (4832, 'Murray City', 35);
INSERT INTO City (cityID, cityName, stateID)
Values (4833, 'Nankin', 35);
INSERT INTO City (cityID, cityName, stateID)
Values (4834, 'Napoleon', 35);
INSERT INTO City (cityID, cityName, stateID)
Values (4835, 'Nashport', 35);
INSERT INTO City (cityID, cityName, stateID)
Values (4836, 'Nashville', 35);
INSERT INTO City (cityID, cityName, stateID)
Values (4837, 'Navarre', 35);
INSERT INTO City (cityID, cityName, stateID)
Values (4838, 'Neapolis', 35);
INSERT INTO City (cityID, cityName, stateID)
Values (4839, 'Neffs', 35);
INSERT INTO City (cityID, cityName, stateID)
Values (4840, 'Negley', 35);
INSERT INTO City (cityID, cityName, stateID)
Values (4841, 'Nelsonville', 35);
INSERT INTO City (cityID, cityName, stateID)
Values (4842, 'Nevada', 35);
INSERT INTO City (cityID, cityName, stateID)
Values (4843, 'Neville', 35);
INSERT INTO City (cityID, cityName, stateID)
Values (4844, 'New Albany', 35);
INSERT INTO City (cityID, cityName, stateID)
Values (4845, 'New Athens', 35);
INSERT INTO City (cityID, cityName, stateID)
Values (4846, 'New Bavaria', 35);
INSERT INTO City (cityID, cityName, stateID)
Values (4847, 'New Bloomington', 35);
INSERT INTO City (cityID, cityName, stateID)
Values (4848, 'New Bremen', 35);
INSERT INTO City (cityID, cityName, stateID)
Values (4849, 'New Carlisle', 35);
INSERT INTO City (cityID, cityName, stateID)
Values (4850, 'New Concord', 35);
INSERT INTO City (cityID, cityName, stateID)
Values (4851, 'New Hampshire', 35);
INSERT INTO City (cityID, cityName, stateID)
Values (4852, 'New Haven', 35);
INSERT INTO City (cityID, cityName, stateID)
Values (4853, 'New Holland', 35);
INSERT INTO City (cityID, cityName, stateID)
Values (4854, 'New Knoxville', 35);
INSERT INTO City (cityID, cityName, stateID)
Values (4855, 'New Lebanon', 35);
INSERT INTO City (cityID, cityName, stateID)
Values (4856, 'New Lexington', 35);
INSERT INTO City (cityID, cityName, stateID)
Values (4857, 'New London', 35);
INSERT INTO City (cityID, cityName, stateID)
Values (4858, 'New Madison', 35);
INSERT INTO City (cityID, cityName, stateID)
Values (4859, 'New Marshfield', 35);
INSERT INTO City (cityID, cityName, stateID)
Values (4860, 'New Matamoras', 35);
INSERT INTO City (cityID, cityName, stateID)
Values (4861, 'New Middletown', 35);
INSERT INTO City (cityID, cityName, stateID)
Values (4862, 'New Paris', 35);
INSERT INTO City (cityID, cityName, stateID)
Values (4863, 'New Philadelphia', 35);
INSERT INTO City (cityID, cityName, stateID)
Values (4864, 'New Plymouth', 35);
INSERT INTO City (cityID, cityName, stateID)
Values (4865, 'New Richmond', 35);
INSERT INTO City (cityID, cityName, stateID)
Values (4866, 'New Riegel', 35);
INSERT INTO City (cityID, cityName, stateID)
Values (4867, 'New Rumley', 35);
INSERT INTO City (cityID, cityName, stateID)
Values (4868, 'New Springfield', 35);
INSERT INTO City (cityID, cityName, stateID)
Values (4869, 'New Straitsville', 35);
INSERT INTO City (cityID, cityName, stateID)
Values (4870, 'New Vienna', 35);
INSERT INTO City (cityID, cityName, stateID)
Values (4871, 'New Washington', 35);
INSERT INTO City (cityID, cityName, stateID)
Values (4872, 'New Waterford', 35);
INSERT INTO City (cityID, cityName, stateID)
Values (4873, 'New Weston', 35);
INSERT INTO City (cityID, cityName, stateID)
Values (4874, 'Newark', 35);
INSERT INTO City (cityID, cityName, stateID)
Values (4875, 'Newbury', 35);
INSERT INTO City (cityID, cityName, stateID)
Values (4876, 'Newcomerstown', 35);
INSERT INTO City (cityID, cityName, stateID)
Values (4877, 'Newport', 35);
INSERT INTO City (cityID, cityName, stateID)
Values (4878, 'Newton Falls', 35);
INSERT INTO City (cityID, cityName, stateID)
Values (4879, 'Newtonsville', 35);
INSERT INTO City (cityID, cityName, stateID)
Values (4880, 'Ney', 35);
INSERT INTO City (cityID, cityName, stateID)
Values (4881, 'Niles', 35);
INSERT INTO City (cityID, cityName, stateID)
Values (4882, 'North Baltimore', 35);
INSERT INTO City (cityID, cityName, stateID)
Values (4883, 'North Bend', 35);
INSERT INTO City (cityID, cityName, stateID)
Values (4884, 'North Benton', 35);
INSERT INTO City (cityID, cityName, stateID)
Values (4885, 'North Bloomfield', 35);
INSERT INTO City (cityID, cityName, stateID)
Values (4886, 'North Canton', 35);
INSERT INTO City (cityID, cityName, stateID)
Values (4887, 'North Fairfield', 35);
INSERT INTO City (cityID, cityName, stateID)
Values (4888, 'North Georgetown', 35);
INSERT INTO City (cityID, cityName, stateID)
Values (4889, 'North Hampton', 35);
INSERT INTO City (cityID, cityName, stateID)
Values (4890, 'North Jackson', 35);
INSERT INTO City (cityID, cityName, stateID)
Values (4891, 'North Kingsville', 35);
INSERT INTO City (cityID, cityName, stateID)
Values (4892, 'North Lawrence', 35);
INSERT INTO City (cityID, cityName, stateID)
Values (4893, 'North Lewisburg', 35);
INSERT INTO City (cityID, cityName, stateID)
Values (4894, 'North Lima', 35);
INSERT INTO City (cityID, cityName, stateID)
Values (4895, 'North Olmsted', 35);
INSERT INTO City (cityID, cityName, stateID)
Values (4896, 'North Ridgeville', 35);
INSERT INTO City (cityID, cityName, stateID)
Values (4897, 'North Robinson', 35);
INSERT INTO City (cityID, cityName, stateID)
Values (4898, 'North Royalton', 35);
INSERT INTO City (cityID, cityName, stateID)
Values (4899, 'North Star', 35);
INSERT INTO City (cityID, cityName, stateID)
Values (4900, 'Northfield', 35);
INSERT INTO City (cityID, cityName, stateID)
Values (4901, 'Northwood', 35);
INSERT INTO City (cityID, cityName, stateID)
Values (4902, 'Norwalk', 35);
INSERT INTO City (cityID, cityName, stateID)
Values (4903, 'Norwich', 35);
INSERT INTO City (cityID, cityName, stateID)
Values (4904, 'Nova', 35);
INSERT INTO City (cityID, cityName, stateID)
Values (4905, 'Novelty', 35);
INSERT INTO City (cityID, cityName, stateID)
Values (4906, 'Oak Harbor', 35);
INSERT INTO City (cityID, cityName, stateID)
Values (4907, 'Oak Hill', 35);
INSERT INTO City (cityID, cityName, stateID)
Values (4908, 'Oakwood', 35);
INSERT INTO City (cityID, cityName, stateID)
Values (4909, 'Oberlin', 35);
INSERT INTO City (cityID, cityName, stateID)
Values (4910, 'Oceola', 35);
INSERT INTO City (cityID, cityName, stateID)
Values (4911, 'Ohio City', 35);
INSERT INTO City (cityID, cityName, stateID)
Values (4912, 'Okeana', 35);
INSERT INTO City (cityID, cityName, stateID)
Values (4913, 'Okolona', 35);
INSERT INTO City (cityID, cityName, stateID)
Values (4914, 'Old Fort', 35);
INSERT INTO City (cityID, cityName, stateID)
Values (4915, 'Old Washington', 35);
INSERT INTO City (cityID, cityName, stateID)
Values (4916, 'Olmsted Falls', 35);
INSERT INTO City (cityID, cityName, stateID)
Values (4917, 'Ontario', 35);
INSERT INTO City (cityID, cityName, stateID)
Values (4918, 'Orangeville', 35);
INSERT INTO City (cityID, cityName, stateID)
Values (4919, 'Oregon', 35);
INSERT INTO City (cityID, cityName, stateID)
Values (4920, 'Oregonia', 35);
INSERT INTO City (cityID, cityName, stateID)
Values (4921, 'Orient', 35);
INSERT INTO City (cityID, cityName, stateID)
Values (4922, 'Orrville', 35);
INSERT INTO City (cityID, cityName, stateID)
Values (4923, 'Orwell', 35);
INSERT INTO City (cityID, cityName, stateID)
Values (4924, 'Osgood', 35);
INSERT INTO City (cityID, cityName, stateID)
Values (4925, 'Ostrander', 35);
INSERT INTO City (cityID, cityName, stateID)
Values (4926, 'Ottawa', 35);
INSERT INTO City (cityID, cityName, stateID)
Values (4927, 'Ottoville', 35);
INSERT INTO City (cityID, cityName, stateID)
Values (4928, 'Otway', 35);
INSERT INTO City (cityID, cityName, stateID)
Values (4929, 'Overpeck', 35);
INSERT INTO City (cityID, cityName, stateID)
Values (4930, 'Owensville', 35);
INSERT INTO City (cityID, cityName, stateID)
Values (4931, 'Oxford', 35);
INSERT INTO City (cityID, cityName, stateID)
Values (4932, 'Painesville', 35);
INSERT INTO City (cityID, cityName, stateID)
Values (4933, 'Palestine', 35);
INSERT INTO City (cityID, cityName, stateID)
Values (4934, 'Pandora', 35);
INSERT INTO City (cityID, cityName, stateID)
Values (4935, 'Paris', 35);
INSERT INTO City (cityID, cityName, stateID)
Values (4936, 'Parkman', 35);
INSERT INTO City (cityID, cityName, stateID)
Values (4937, 'Pataskala', 35);
INSERT INTO City (cityID, cityName, stateID)
Values (4938, 'Patriot', 35);
INSERT INTO City (cityID, cityName, stateID)
Values (4939, 'Paulding', 35);
INSERT INTO City (cityID, cityName, stateID)
Values (4940, 'Payne', 35);
INSERT INTO City (cityID, cityName, stateID)
Values (4941, 'Pedro', 35);
INSERT INTO City (cityID, cityName, stateID)
Values (4942, 'Peebles', 35);
INSERT INTO City (cityID, cityName, stateID)
Values (4943, 'Pemberton', 35);
INSERT INTO City (cityID, cityName, stateID)
Values (4944, 'Pemberville', 35);
INSERT INTO City (cityID, cityName, stateID)
Values (4945, 'Peninsula', 35);
INSERT INTO City (cityID, cityName, stateID)
Values (4946, 'Perry', 35);
INSERT INTO City (cityID, cityName, stateID)
Values (4947, 'Perrysburg', 35);
INSERT INTO City (cityID, cityName, stateID)
Values (4948, 'Perrysville', 35);
INSERT INTO City (cityID, cityName, stateID)
Values (4949, 'Petersburg', 35);
INSERT INTO City (cityID, cityName, stateID)
Values (4950, 'Pettisville', 35);
INSERT INTO City (cityID, cityName, stateID)
Values (4951, 'Phillipsburg', 35);
INSERT INTO City (cityID, cityName, stateID)
Values (4952, 'Philo', 35);
INSERT INTO City (cityID, cityName, stateID)
Values (4953, 'Pickerington', 35);
INSERT INTO City (cityID, cityName, stateID)
Values (4954, 'Piedmont', 35);
INSERT INTO City (cityID, cityName, stateID)
Values (4955, 'Pierpont', 35);
INSERT INTO City (cityID, cityName, stateID)
Values (4956, 'Piketon', 35);
INSERT INTO City (cityID, cityName, stateID)
Values (4957, 'Piney Fork', 35);
INSERT INTO City (cityID, cityName, stateID)
Values (4958, 'Pioneer', 35);
INSERT INTO City (cityID, cityName, stateID)
Values (4959, 'Piqua', 35);
INSERT INTO City (cityID, cityName, stateID)
Values (4960, 'Pitsburg', 35);
INSERT INTO City (cityID, cityName, stateID)
Values (4961, 'Plain City', 35);
INSERT INTO City (cityID, cityName, stateID)
Values (4962, 'Plainfield', 35);
INSERT INTO City (cityID, cityName, stateID)
Values (4963, 'Pleasant City', 35);
INSERT INTO City (cityID, cityName, stateID)
Values (4964, 'Pleasant Hill', 35);
INSERT INTO City (cityID, cityName, stateID)
Values (4965, 'Pleasant Plain', 35);
INSERT INTO City (cityID, cityName, stateID)
Values (4966, 'Pleasantville', 35);
INSERT INTO City (cityID, cityName, stateID)
Values (4967, 'Plymouth', 35);
INSERT INTO City (cityID, cityName, stateID)
Values (4968, 'Polk', 35);
INSERT INTO City (cityID, cityName, stateID)
Values (4969, 'Pomeroy', 35);
INSERT INTO City (cityID, cityName, stateID)
Values (4970, 'Port Clinton', 35);
INSERT INTO City (cityID, cityName, stateID)
Values (4971, 'Port Jefferson', 35);
INSERT INTO City (cityID, cityName, stateID)
Values (4972, 'Port Washington', 35);
INSERT INTO City (cityID, cityName, stateID)
Values (4973, 'Port William', 35);
INSERT INTO City (cityID, cityName, stateID)
Values (4974, 'Portage', 35);
INSERT INTO City (cityID, cityName, stateID)
Values (4975, 'Portland', 35);
INSERT INTO City (cityID, cityName, stateID)
Values (4976, 'Portsmouth', 35);
INSERT INTO City (cityID, cityName, stateID)
Values (4977, 'Potsdam', 35);
INSERT INTO City (cityID, cityName, stateID)
Values (4978, 'Powell', 35);
INSERT INTO City (cityID, cityName, stateID)
Values (4979, 'Powhatan Point', 35);
INSERT INTO City (cityID, cityName, stateID)
Values (4980, 'Proctorville', 35);
INSERT INTO City (cityID, cityName, stateID)
Values (4981, 'Prospect', 35);
INSERT INTO City (cityID, cityName, stateID)
Values (4982, 'Put In Bay', 35);
INSERT INTO City (cityID, cityName, stateID)
Values (4983, 'Quaker City', 35);
INSERT INTO City (cityID, cityName, stateID)
Values (4984, 'Quincy', 35);
INSERT INTO City (cityID, cityName, stateID)
Values (4985, 'Racine', 35);
INSERT INTO City (cityID, cityName, stateID)
Values (4986, 'Radnor', 35);
INSERT INTO City (cityID, cityName, stateID)
Values (4987, 'Randolph', 35);
INSERT INTO City (cityID, cityName, stateID)
Values (4988, 'Rarden', 35);
INSERT INTO City (cityID, cityName, stateID)
Values (4989, 'Ravenna', 35);
INSERT INTO City (cityID, cityName, stateID)
Values (4990, 'Rawson', 35);
INSERT INTO City (cityID, cityName, stateID)
Values (4991, 'Ray', 35);
INSERT INTO City (cityID, cityName, stateID)
Values (4992, 'Rayland', 35);
INSERT INTO City (cityID, cityName, stateID)
Values (4993, 'Raymond', 35);
INSERT INTO City (cityID, cityName, stateID)
Values (4994, 'Reedsville', 35);
INSERT INTO City (cityID, cityName, stateID)
Values (4995, 'Reesville', 35);
INSERT INTO City (cityID, cityName, stateID)
Values (4996, 'Reno', 35);
INSERT INTO City (cityID, cityName, stateID)
Values (4997, 'Republic', 35);
INSERT INTO City (cityID, cityName, stateID)
Values (4998, 'Reynoldsburg', 35);
INSERT INTO City (cityID, cityName, stateID)
Values (4999, 'Richfield', 35);
INSERT INTO City (cityID, cityName, stateID)
Values (5000, 'Richmond', 35);
INSERT INTO City (cityID, cityName, stateID)
Values (5001, 'Richmond Dale', 35);
INSERT INTO City (cityID, cityName, stateID)
Values (5002, 'Richwood', 35);
INSERT INTO City (cityID, cityName, stateID)
Values (5003, 'Ridgeville Corners', 35);
INSERT INTO City (cityID, cityName, stateID)
Values (5004, 'Ridgeway', 35);
INSERT INTO City (cityID, cityName, stateID)
Values (5005, 'Rio Grande', 35);
INSERT INTO City (cityID, cityName, stateID)
Values (5006, 'Ripley', 35);
INSERT INTO City (cityID, cityName, stateID)
Values (5007, 'Risingsun', 35);
INSERT INTO City (cityID, cityName, stateID)
Values (5008, 'Rittman', 35);
INSERT INTO City (cityID, cityName, stateID)
Values (5009, 'Robertsville', 35);
INSERT INTO City (cityID, cityName, stateID)
Values (5010, 'Rock Camp', 35);
INSERT INTO City (cityID, cityName, stateID)
Values (5011, 'Rock Creek', 35);
INSERT INTO City (cityID, cityName, stateID)
Values (5012, 'Rockbridge', 35);
INSERT INTO City (cityID, cityName, stateID)
Values (5013, 'Rockford', 35);
INSERT INTO City (cityID, cityName, stateID)
Values (5014, 'Rocky Ridge', 35);
INSERT INTO City (cityID, cityName, stateID)
Values (5015, 'Rocky River', 35);
INSERT INTO City (cityID, cityName, stateID)
Values (5016, 'Rogers', 35);
INSERT INTO City (cityID, cityName, stateID)
Values (5017, 'Rome', 35);
INSERT INTO City (cityID, cityName, stateID)
Values (5018, 'Rootstown', 35);
INSERT INTO City (cityID, cityName, stateID)
Values (5019, 'Roseville', 35);
INSERT INTO City (cityID, cityName, stateID)
Values (5020, 'Rosewood', 35);
INSERT INTO City (cityID, cityName, stateID)
Values (5021, 'Ross', 35);
INSERT INTO City (cityID, cityName, stateID)
Values (5022, 'Rossburg', 35);
INSERT INTO City (cityID, cityName, stateID)
Values (5023, 'Rossford', 35);
INSERT INTO City (cityID, cityName, stateID)
Values (5024, 'Roundhead', 35);
INSERT INTO City (cityID, cityName, stateID)
Values (5025, 'Rudolph', 35);
INSERT INTO City (cityID, cityName, stateID)
Values (5026, 'Rushsylvania', 35);
INSERT INTO City (cityID, cityName, stateID)
Values (5027, 'Rushville', 35);
INSERT INTO City (cityID, cityName, stateID)
Values (5028, 'Russells Point', 35);
INSERT INTO City (cityID, cityName, stateID)
Values (5029, 'Russellville', 35);
INSERT INTO City (cityID, cityName, stateID)
Values (5030, 'Russia', 35);
INSERT INTO City (cityID, cityName, stateID)
Values (5031, 'Rutland', 35);
INSERT INTO City (cityID, cityName, stateID)
Values (5032, 'Sabina', 35);
INSERT INTO City (cityID, cityName, stateID)
Values (5033, 'Saint Clairsville', 35);
INSERT INTO City (cityID, cityName, stateID)
Values (5034, 'Saint Henry', 35);
INSERT INTO City (cityID, cityName, stateID)
Values (5035, 'Saint Johns', 35);
INSERT INTO City (cityID, cityName, stateID)
Values (5036, 'Saint Louisville', 35);
INSERT INTO City (cityID, cityName, stateID)
Values (5037, 'Saint Marys', 35);
INSERT INTO City (cityID, cityName, stateID)
Values (5038, 'Saint Paris', 35);
INSERT INTO City (cityID, cityName, stateID)
Values (5039, 'Salem', 35);
INSERT INTO City (cityID, cityName, stateID)
Values (5040, 'Salesville', 35);
INSERT INTO City (cityID, cityName, stateID)
Values (5041, 'Salineville', 35);
INSERT INTO City (cityID, cityName, stateID)
Values (5042, 'Sandusky', 35);
INSERT INTO City (cityID, cityName, stateID)
Values (5043, 'Sandyville', 35);
INSERT INTO City (cityID, cityName, stateID)
Values (5044, 'Sarahsville', 35);
INSERT INTO City (cityID, cityName, stateID)
Values (5045, 'Sardinia', 35);
INSERT INTO City (cityID, cityName, stateID)
Values (5046, 'Sardis', 35);
INSERT INTO City (cityID, cityName, stateID)
Values (5047, 'Savannah', 35);
INSERT INTO City (cityID, cityName, stateID)
Values (5048, 'Scio', 35);
INSERT INTO City (cityID, cityName, stateID)
Values (5049, 'Scioto Furnace', 35);
INSERT INTO City (cityID, cityName, stateID)
Values (5050, 'Scott', 35);
INSERT INTO City (cityID, cityName, stateID)
Values (5051, 'Scottown', 35);
INSERT INTO City (cityID, cityName, stateID)
Values (5052, 'Seaman', 35);
INSERT INTO City (cityID, cityName, stateID)
Values (5053, 'Sebring', 35);
INSERT INTO City (cityID, cityName, stateID)
Values (5054, 'Sedalia', 35);
INSERT INTO City (cityID, cityName, stateID)
Values (5055, 'Senecaville', 35);
INSERT INTO City (cityID, cityName, stateID)
Values (5056, 'Seven Mile', 35);
INSERT INTO City (cityID, cityName, stateID)
Values (5057, 'Seville', 35);
INSERT INTO City (cityID, cityName, stateID)
Values (5058, 'Shade', 35);
INSERT INTO City (cityID, cityName, stateID)
Values (5059, 'Shadyside', 35);
INSERT INTO City (cityID, cityName, stateID)
Values (5060, 'Shandon', 35);
INSERT INTO City (cityID, cityName, stateID)
Values (5061, 'Sharon Center', 35);
INSERT INTO City (cityID, cityName, stateID)
Values (5062, 'Sharpsburg', 35);
INSERT INTO City (cityID, cityName, stateID)
Values (5063, 'Shauck', 35);
INSERT INTO City (cityID, cityName, stateID)
Values (5064, 'Shawnee', 35);
INSERT INTO City (cityID, cityName, stateID)
Values (5065, 'Sheffield Lake', 35);
INSERT INTO City (cityID, cityName, stateID)
Values (5066, 'Shelby', 35);
INSERT INTO City (cityID, cityName, stateID)
Values (5067, 'Sherrodsville', 35);
INSERT INTO City (cityID, cityName, stateID)
Values (5068, 'Sherwood', 35);
INSERT INTO City (cityID, cityName, stateID)
Values (5069, 'Shiloh', 35);
INSERT INTO City (cityID, cityName, stateID)
Values (5070, 'Shreve', 35);
INSERT INTO City (cityID, cityName, stateID)
Values (5071, 'Sidney', 35);
INSERT INTO City (cityID, cityName, stateID)
Values (5072, 'Sinking Spring', 35);
INSERT INTO City (cityID, cityName, stateID)
Values (5073, 'Smithfield', 35);
INSERT INTO City (cityID, cityName, stateID)
Values (5074, 'Smithville', 35);
INSERT INTO City (cityID, cityName, stateID)
Values (5075, 'Solon', 35);
INSERT INTO City (cityID, cityName, stateID)
Values (5076, 'Somerdale', 35);
INSERT INTO City (cityID, cityName, stateID)
Values (5077, 'Somerset', 35);
INSERT INTO City (cityID, cityName, stateID)
Values (5078, 'Somerville', 35);
INSERT INTO City (cityID, cityName, stateID)
Values (5079, 'South Bloomingville', 35);
INSERT INTO City (cityID, cityName, stateID)
Values (5080, 'South Charleston', 35);
INSERT INTO City (cityID, cityName, stateID)
Values (5081, 'South Lebanon', 35);
INSERT INTO City (cityID, cityName, stateID)
Values (5082, 'South Point', 35);
INSERT INTO City (cityID, cityName, stateID)
Values (5083, 'South Salem', 35);
INSERT INTO City (cityID, cityName, stateID)
Values (5084, 'South Solon', 35);
INSERT INTO City (cityID, cityName, stateID)
Values (5085, 'South Vienna', 35);
INSERT INTO City (cityID, cityName, stateID)
Values (5086, 'South Webster', 35);
INSERT INTO City (cityID, cityName, stateID)
Values (5087, 'Southington', 35);
INSERT INTO City (cityID, cityName, stateID)
Values (5088, 'Sparta', 35);
INSERT INTO City (cityID, cityName, stateID)
Values (5089, 'Spencer', 35);
INSERT INTO City (cityID, cityName, stateID)
Values (5090, 'Spencerville', 35);
INSERT INTO City (cityID, cityName, stateID)
Values (5091, 'Spring Valley', 35);
INSERT INTO City (cityID, cityName, stateID)
Values (5092, 'Springboro', 35);
INSERT INTO City (cityID, cityName, stateID)
Values (5093, 'Springfield', 35);
INSERT INTO City (cityID, cityName, stateID)
Values (5094, 'Stafford', 35);
INSERT INTO City (cityID, cityName, stateID)
Values (5095, 'Sterling', 35);
INSERT INTO City (cityID, cityName, stateID)
Values (5096, 'Steubenville', 35);
INSERT INTO City (cityID, cityName, stateID)
Values (5097, 'Stewart', 35);
INSERT INTO City (cityID, cityName, stateID)
Values (5098, 'Stillwater', 35);
INSERT INTO City (cityID, cityName, stateID)
Values (5099, 'Stockdale', 35);
INSERT INTO City (cityID, cityName, stateID)
Values (5100, 'Stockport', 35);
INSERT INTO City (cityID, cityName, stateID)
Values (5101, 'Stone Creek', 35);
INSERT INTO City (cityID, cityName, stateID)
Values (5102, 'Stony Ridge', 35);
INSERT INTO City (cityID, cityName, stateID)
Values (5103, 'Stout', 35);
INSERT INTO City (cityID, cityName, stateID)
Values (5104, 'Stoutsville', 35);
INSERT INTO City (cityID, cityName, stateID)
Values (5105, 'Stow', 35);
INSERT INTO City (cityID, cityName, stateID)
Values (5106, 'Strasburg', 35);
INSERT INTO City (cityID, cityName, stateID)
Values (5107, 'Stratton', 35);
INSERT INTO City (cityID, cityName, stateID)
Values (5108, 'Streetsboro', 35);
INSERT INTO City (cityID, cityName, stateID)
Values (5109, 'Strongsville', 35);
INSERT INTO City (cityID, cityName, stateID)
Values (5110, 'Struthers', 35);
INSERT INTO City (cityID, cityName, stateID)
Values (5111, 'Stryker', 35);
INSERT INTO City (cityID, cityName, stateID)
Values (5112, 'Sugar Grove', 35);
INSERT INTO City (cityID, cityName, stateID)
Values (5113, 'Sugarcreek', 35);
INSERT INTO City (cityID, cityName, stateID)
Values (5114, 'Sullivan', 35);
INSERT INTO City (cityID, cityName, stateID)
Values (5115, 'Sulphur Springs', 35);
INSERT INTO City (cityID, cityName, stateID)
Values (5116, 'Summerfield', 35);
INSERT INTO City (cityID, cityName, stateID)
Values (5117, 'Summit Station', 35);
INSERT INTO City (cityID, cityName, stateID)
Values (5118, 'Summitville', 35);
INSERT INTO City (cityID, cityName, stateID)
Values (5119, 'Sunbury', 35);
INSERT INTO City (cityID, cityName, stateID)
Values (5120, 'Swanton', 35);
INSERT INTO City (cityID, cityName, stateID)
Values (5121, 'Sycamore', 35);
INSERT INTO City (cityID, cityName, stateID)
Values (5122, 'Sycamore Valley', 35);
INSERT INTO City (cityID, cityName, stateID)
Values (5123, 'Sylvania', 35);
INSERT INTO City (cityID, cityName, stateID)
Values (5124, 'Syracuse', 35);
INSERT INTO City (cityID, cityName, stateID)
Values (5125, 'Tallmadge', 35);
INSERT INTO City (cityID, cityName, stateID)
Values (5126, 'Tarlton', 35);
INSERT INTO City (cityID, cityName, stateID)
Values (5127, 'Terrace Park', 35);
INSERT INTO City (cityID, cityName, stateID)
Values (5128, 'The Plains', 35);
INSERT INTO City (cityID, cityName, stateID)
Values (5129, 'Thompson', 35);
INSERT INTO City (cityID, cityName, stateID)
Values (5130, 'Thornville', 35);
INSERT INTO City (cityID, cityName, stateID)
Values (5131, 'Thurman', 35);
INSERT INTO City (cityID, cityName, stateID)
Values (5132, 'Thurston', 35);
INSERT INTO City (cityID, cityName, stateID)
Values (5133, 'Tiffin', 35);
INSERT INTO City (cityID, cityName, stateID)
Values (5134, 'Tiltonsville', 35);
INSERT INTO City (cityID, cityName, stateID)
Values (5135, 'Tipp City', 35);
INSERT INTO City (cityID, cityName, stateID)
Values (5136, 'Tippecanoe', 35);
INSERT INTO City (cityID, cityName, stateID)
Values (5137, 'Tiro', 35);
INSERT INTO City (cityID, cityName, stateID)
Values (5138, 'Toledo', 35);
INSERT INTO City (cityID, cityName, stateID)
Values (5139, 'Tontogany', 35);
INSERT INTO City (cityID, cityName, stateID)
Values (5140, 'Toronto', 35);
INSERT INTO City (cityID, cityName, stateID)
Values (5141, 'Tremont City', 35);
INSERT INTO City (cityID, cityName, stateID)
Values (5142, 'Trenton', 35);
INSERT INTO City (cityID, cityName, stateID)
Values (5143, 'Trimble', 35);
INSERT INTO City (cityID, cityName, stateID)
Values (5144, 'Trinway', 35);
INSERT INTO City (cityID, cityName, stateID)
Values (5145, 'Troy', 35);
INSERT INTO City (cityID, cityName, stateID)
Values (5146, 'Tuppers Plains', 35);
INSERT INTO City (cityID, cityName, stateID)
Values (5147, 'Tuscarawas', 35);
INSERT INTO City (cityID, cityName, stateID)
Values (5148, 'Twinsburg', 35);
INSERT INTO City (cityID, cityName, stateID)
Values (5149, 'Uhrichsville', 35);
INSERT INTO City (cityID, cityName, stateID)
Values (5150, 'Union City', 35);
INSERT INTO City (cityID, cityName, stateID)
Values (5151, 'Union Furnace', 35);
INSERT INTO City (cityID, cityName, stateID)
Values (5152, 'Uniontown', 35);
INSERT INTO City (cityID, cityName, stateID)
Values (5153, 'Unionville', 35);
INSERT INTO City (cityID, cityName, stateID)
Values (5154, 'Unionville Center', 35);
INSERT INTO City (cityID, cityName, stateID)
Values (5155, 'Uniopolis', 35);
INSERT INTO City (cityID, cityName, stateID)
Values (5156, 'Upper Sandusky', 35);
INSERT INTO City (cityID, cityName, stateID)
Values (5157, 'Urbana', 35);
INSERT INTO City (cityID, cityName, stateID)
Values (5158, 'Utica', 35);
INSERT INTO City (cityID, cityName, stateID)
Values (5159, 'Valley City', 35);
INSERT INTO City (cityID, cityName, stateID)
Values (5160, 'Van Buren', 35);
INSERT INTO City (cityID, cityName, stateID)
Values (5161, 'Van Wert', 35);
INSERT INTO City (cityID, cityName, stateID)
Values (5162, 'Vandalia', 35);
INSERT INTO City (cityID, cityName, stateID)
Values (5163, 'Vanlue', 35);
INSERT INTO City (cityID, cityName, stateID)
Values (5164, 'Vaughnsville', 35);
INSERT INTO City (cityID, cityName, stateID)
Values (5165, 'Venedocia', 35);
INSERT INTO City (cityID, cityName, stateID)
Values (5166, 'Vermilion', 35);
INSERT INTO City (cityID, cityName, stateID)
Values (5167, 'Verona', 35);
INSERT INTO City (cityID, cityName, stateID)
Values (5168, 'Versailles', 35);
INSERT INTO City (cityID, cityName, stateID)
Values (5169, 'Vickery', 35);
INSERT INTO City (cityID, cityName, stateID)
Values (5170, 'Vienna', 35);
INSERT INTO City (cityID, cityName, stateID)
Values (5171, 'Vincent', 35);
INSERT INTO City (cityID, cityName, stateID)
Values (5172, 'Vinton', 35);
INSERT INTO City (cityID, cityName, stateID)
Values (5173, 'Wadsworth', 35);
INSERT INTO City (cityID, cityName, stateID)
Values (5174, 'Wakefield', 35);
INSERT INTO City (cityID, cityName, stateID)
Values (5175, 'Wakeman', 35);
INSERT INTO City (cityID, cityName, stateID)
Values (5176, 'Walbridge', 35);
INSERT INTO City (cityID, cityName, stateID)
Values (5177, 'Waldo', 35);
INSERT INTO City (cityID, cityName, stateID)
Values (5178, 'Walhonding', 35);
INSERT INTO City (cityID, cityName, stateID)
Values (5179, 'Walnut Creek', 35);
INSERT INTO City (cityID, cityName, stateID)
Values (5180, 'Wapakoneta', 35);
INSERT INTO City (cityID, cityName, stateID)
Values (5181, 'Warnock', 35);
INSERT INTO City (cityID, cityName, stateID)
Values (5182, 'Warren', 35);
INSERT INTO City (cityID, cityName, stateID)
Values (5183, 'Warsaw', 35);
INSERT INTO City (cityID, cityName, stateID)
Values (5184, 'Washington Court House', 35);
INSERT INTO City (cityID, cityName, stateID)
Values (5185, 'Washingtonville', 35);
INSERT INTO City (cityID, cityName, stateID)
Values (5186, 'Waterford', 35);
INSERT INTO City (cityID, cityName, stateID)
Values (5187, 'Waterloo', 35);
INSERT INTO City (cityID, cityName, stateID)
Values (5188, 'Watertown', 35);
INSERT INTO City (cityID, cityName, stateID)
Values (5189, 'Waterville', 35);
INSERT INTO City (cityID, cityName, stateID)
Values (5190, 'Wauseon', 35);
INSERT INTO City (cityID, cityName, stateID)
Values (5191, 'Waverly', 35);
INSERT INTO City (cityID, cityName, stateID)
Values (5192, 'Wayland', 35);
INSERT INTO City (cityID, cityName, stateID)
Values (5193, 'Wayne', 35);
INSERT INTO City (cityID, cityName, stateID)
Values (5194, 'Waynesburg', 35);
INSERT INTO City (cityID, cityName, stateID)
Values (5195, 'Waynesfield', 35);
INSERT INTO City (cityID, cityName, stateID)
Values (5196, 'Waynesville', 35);
INSERT INTO City (cityID, cityName, stateID)
Values (5197, 'Wellington', 35);
INSERT INTO City (cityID, cityName, stateID)
Values (5198, 'Wellston', 35);
INSERT INTO City (cityID, cityName, stateID)
Values (5199, 'Wellsville', 35);
INSERT INTO City (cityID, cityName, stateID)
Values (5200, 'West Alexandria', 35);
INSERT INTO City (cityID, cityName, stateID)
Values (5201, 'West Chester', 35);
INSERT INTO City (cityID, cityName, stateID)
Values (5202, 'West Elkton', 35);
INSERT INTO City (cityID, cityName, stateID)
Values (5203, 'West Farmington', 35);
INSERT INTO City (cityID, cityName, stateID)
Values (5204, 'West Jefferson', 35);
INSERT INTO City (cityID, cityName, stateID)
Values (5205, 'West Lafayette', 35);
INSERT INTO City (cityID, cityName, stateID)
Values (5206, 'West Liberty', 35);
INSERT INTO City (cityID, cityName, stateID)
Values (5207, 'West Manchester', 35);
INSERT INTO City (cityID, cityName, stateID)
Values (5208, 'West Mansfield', 35);
INSERT INTO City (cityID, cityName, stateID)
Values (5209, 'West Millgrove', 35);
INSERT INTO City (cityID, cityName, stateID)
Values (5210, 'West Milton', 35);
INSERT INTO City (cityID, cityName, stateID)
Values (5211, 'West Point', 35);
INSERT INTO City (cityID, cityName, stateID)
Values (5212, 'West Portsmouth', 35);
INSERT INTO City (cityID, cityName, stateID)
Values (5213, 'West Rushville', 35);
INSERT INTO City (cityID, cityName, stateID)
Values (5214, 'West Salem', 35);
INSERT INTO City (cityID, cityName, stateID)
Values (5215, 'West Union', 35);
INSERT INTO City (cityID, cityName, stateID)
Values (5216, 'West Unity', 35);
INSERT INTO City (cityID, cityName, stateID)
Values (5217, 'Westerville', 35);
INSERT INTO City (cityID, cityName, stateID)
Values (5218, 'Westfield Center', 35);
INSERT INTO City (cityID, cityName, stateID)
Values (5219, 'Westlake', 35);
INSERT INTO City (cityID, cityName, stateID)
Values (5220, 'Weston', 35);
INSERT INTO City (cityID, cityName, stateID)
Values (5221, 'Westville', 35);
INSERT INTO City (cityID, cityName, stateID)
Values (5222, 'Wharton', 35);
INSERT INTO City (cityID, cityName, stateID)
Values (5223, 'Wheelersburg', 35);
INSERT INTO City (cityID, cityName, stateID)
Values (5224, 'Whipple', 35);
INSERT INTO City (cityID, cityName, stateID)
Values (5225, 'White Cottage', 35);
INSERT INTO City (cityID, cityName, stateID)
Values (5226, 'Whitehouse', 35);
INSERT INTO City (cityID, cityName, stateID)
Values (5227, 'Wickliffe', 35);
INSERT INTO City (cityID, cityName, stateID)
Values (5228, 'Wilberforce', 35);
INSERT INTO City (cityID, cityName, stateID)
Values (5229, 'Wilkesville', 35);
INSERT INTO City (cityID, cityName, stateID)
Values (5230, 'Willard', 35);
INSERT INTO City (cityID, cityName, stateID)
Values (5231, 'Williamsburg', 35);
INSERT INTO City (cityID, cityName, stateID)
Values (5232, 'Williamsfield', 35);
INSERT INTO City (cityID, cityName, stateID)
Values (5233, 'Williamsport', 35);
INSERT INTO City (cityID, cityName, stateID)
Values (5234, 'Williamstown', 35);
INSERT INTO City (cityID, cityName, stateID)
Values (5235, 'Williston', 35);
INSERT INTO City (cityID, cityName, stateID)
Values (5236, 'Willoughby', 35);
INSERT INTO City (cityID, cityName, stateID)
Values (5237, 'Willow Wood', 35);
INSERT INTO City (cityID, cityName, stateID)
Values (5238, 'Willshire', 35);
INSERT INTO City (cityID, cityName, stateID)
Values (5239, 'Wilmington', 35);
INSERT INTO City (cityID, cityName, stateID)
Values (5240, 'Wilmot', 35);
INSERT INTO City (cityID, cityName, stateID)
Values (5241, 'Winchester', 35);
INSERT INTO City (cityID, cityName, stateID)
Values (5242, 'Windham', 35);
INSERT INTO City (cityID, cityName, stateID)
Values (5243, 'Windsor', 35);
INSERT INTO City (cityID, cityName, stateID)
Values (5244, 'Winesburg', 35);
INSERT INTO City (cityID, cityName, stateID)
Values (5245, 'Wingett Run', 35);
INSERT INTO City (cityID, cityName, stateID)
Values (5246, 'Winona', 35);
INSERT INTO City (cityID, cityName, stateID)
Values (5247, 'Wolf Run', 35);
INSERT INTO City (cityID, cityName, stateID)
Values (5248, 'Woodsfield', 35);
INSERT INTO City (cityID, cityName, stateID)
Values (5249, 'Woodstock', 35);
INSERT INTO City (cityID, cityName, stateID)
Values (5250, 'Woodville', 35);
INSERT INTO City (cityID, cityName, stateID)
Values (5251, 'Wooster', 35);
INSERT INTO City (cityID, cityName, stateID)
Values (5252, 'Wren', 35);
INSERT INTO City (cityID, cityName, stateID)
Values (5253, 'Xenia', 35);
INSERT INTO City (cityID, cityName, stateID)
Values (5254, 'Yellow Springs', 35);
INSERT INTO City (cityID, cityName, stateID)
Values (5255, 'Yorkshire', 35);
INSERT INTO City (cityID, cityName, stateID)
Values (5256, 'Yorkville', 35);
INSERT INTO City (cityID, cityName, stateID)
Values (5257, 'Youngstown', 35);
INSERT INTO City (cityID, cityName, stateID)
Values (5258, 'Zaleski', 35);
INSERT INTO City (cityID, cityName, stateID)
Values (5259, 'Zanesfield', 35);
INSERT INTO City (cityID, cityName, stateID)
Values (5260, 'Zanesville', 35);
INSERT INTO City (cityID, cityName, stateID)
Values (5261, 'Zoar', 35);
INSERT INTO City (cityID, cityName, stateID)
Values (5262, 'Aaronsburg', 38);
INSERT INTO City (cityID, cityName, stateID)
Values (5263, 'Abbottstown', 38);
INSERT INTO City (cityID, cityName, stateID)
Values (5264, 'Abington', 38);
INSERT INTO City (cityID, cityName, stateID)
Values (5265, 'Ackermanville', 38);
INSERT INTO City (cityID, cityName, stateID)
Values (5266, 'Acme', 38);
INSERT INTO City (cityID, cityName, stateID)
Values (5267, 'Acosta', 38);
INSERT INTO City (cityID, cityName, stateID)
Values (5268, 'Adah', 38);
INSERT INTO City (cityID, cityName, stateID)
Values (5269, 'Adamsburg', 38);
INSERT INTO City (cityID, cityName, stateID)
Values (5270, 'Adamstown', 38);
INSERT INTO City (cityID, cityName, stateID)
Values (5271, 'Adamsville', 38);
INSERT INTO City (cityID, cityName, stateID)
Values (5272, 'Addison', 38);
INSERT INTO City (cityID, cityName, stateID)
Values (5273, 'Adrian', 38);
INSERT INTO City (cityID, cityName, stateID)
Values (5274, 'Airville', 38);
INSERT INTO City (cityID, cityName, stateID)
Values (5275, 'Akron', 38);
INSERT INTO City (cityID, cityName, stateID)
Values (5276, 'Alba', 38);
INSERT INTO City (cityID, cityName, stateID)
Values (5277, 'Albion', 38);
INSERT INTO City (cityID, cityName, stateID)
Values (5278, 'Albrightsville', 38);
INSERT INTO City (cityID, cityName, stateID)
Values (5279, 'Alburtis', 38);
INSERT INTO City (cityID, cityName, stateID)
Values (5280, 'Aleppo', 38);
INSERT INTO City (cityID, cityName, stateID)
Values (5281, 'Alexandria', 38);
INSERT INTO City (cityID, cityName, stateID)
Values (5282, 'Aliquippa', 38);
INSERT INTO City (cityID, cityName, stateID)
Values (5283, 'Allenport', 38);
INSERT INTO City (cityID, cityName, stateID)
Values (5284, 'Allensville', 38);
INSERT INTO City (cityID, cityName, stateID)
Values (5285, 'Allentown', 38);
INSERT INTO City (cityID, cityName, stateID)
Values (5286, 'Allenwood', 38);
INSERT INTO City (cityID, cityName, stateID)
Values (5287, 'Allison', 38);
INSERT INTO City (cityID, cityName, stateID)
Values (5288, 'Allison Park', 38);
INSERT INTO City (cityID, cityName, stateID)
Values (5289, 'Allport', 38);
INSERT INTO City (cityID, cityName, stateID)
Values (5290, 'Altoona', 38);
INSERT INTO City (cityID, cityName, stateID)
Values (5291, 'Alum Bank', 38);
INSERT INTO City (cityID, cityName, stateID)
Values (5292, 'Alverda', 38);
INSERT INTO City (cityID, cityName, stateID)
Values (5293, 'Alverton', 38);
INSERT INTO City (cityID, cityName, stateID)
Values (5294, 'Amberson', 38);
INSERT INTO City (cityID, cityName, stateID)
Values (5295, 'Ambler', 38);
INSERT INTO City (cityID, cityName, stateID)
Values (5296, 'Ambridge', 38);
INSERT INTO City (cityID, cityName, stateID)
Values (5297, 'Amity', 38);
INSERT INTO City (cityID, cityName, stateID)
Values (5298, 'Analomink', 38);
INSERT INTO City (cityID, cityName, stateID)
Values (5299, 'Andreas', 38);
INSERT INTO City (cityID, cityName, stateID)
Values (5300, 'Anita', 38);
INSERT INTO City (cityID, cityName, stateID)
Values (5301, 'Annville', 38);
INSERT INTO City (cityID, cityName, stateID)
Values (5302, 'Antes Fort', 38);
INSERT INTO City (cityID, cityName, stateID)
Values (5303, 'Apollo', 38);
INSERT INTO City (cityID, cityName, stateID)
Values (5304, 'Aquashicola', 38);
INSERT INTO City (cityID, cityName, stateID)
Values (5305, 'Arcadia', 38);
INSERT INTO City (cityID, cityName, stateID)
Values (5306, 'Archbald', 38);
INSERT INTO City (cityID, cityName, stateID)
Values (5307, 'Arcola', 38);
INSERT INTO City (cityID, cityName, stateID)
Values (5308, 'Ardara', 38);
INSERT INTO City (cityID, cityName, stateID)
Values (5309, 'Ardmore', 38);
INSERT INTO City (cityID, cityName, stateID)
Values (5310, 'Arendtsville', 38);
INSERT INTO City (cityID, cityName, stateID)
Values (5311, 'Aristes', 38);
INSERT INTO City (cityID, cityName, stateID)
Values (5312, 'Armagh', 38);
INSERT INTO City (cityID, cityName, stateID)
Values (5313, 'Armbrust', 38);
INSERT INTO City (cityID, cityName, stateID)
Values (5314, 'Arnot', 38);
INSERT INTO City (cityID, cityName, stateID)
Values (5315, 'Arona', 38);
INSERT INTO City (cityID, cityName, stateID)
Values (5316, 'Artemas', 38);
INSERT INTO City (cityID, cityName, stateID)
Values (5317, 'Ashfield', 38);
INSERT INTO City (cityID, cityName, stateID)
Values (5318, 'Ashland', 38);
INSERT INTO City (cityID, cityName, stateID)
Values (5319, 'Ashville', 38);
INSERT INTO City (cityID, cityName, stateID)
Values (5320, 'Aspers', 38);
INSERT INTO City (cityID, cityName, stateID)
Values (5321, 'Aston', 38);
INSERT INTO City (cityID, cityName, stateID)
Values (5322, 'Atglen', 38);
INSERT INTO City (cityID, cityName, stateID)
Values (5323, 'Athens', 38);
INSERT INTO City (cityID, cityName, stateID)
Values (5324, 'Atlantic', 38);
INSERT INTO City (cityID, cityName, stateID)
Values (5325, 'Atlasburg', 38);
INSERT INTO City (cityID, cityName, stateID)
Values (5326, 'Auburn', 38);
INSERT INTO City (cityID, cityName, stateID)
Values (5327, 'Audubon', 38);
INSERT INTO City (cityID, cityName, stateID)
Values (5328, 'Aultman', 38);
INSERT INTO City (cityID, cityName, stateID)
Values (5329, 'Austin', 38);
INSERT INTO City (cityID, cityName, stateID)
Values (5330, 'Avella', 38);
INSERT INTO City (cityID, cityName, stateID)
Values (5331, 'Avis', 38);
INSERT INTO City (cityID, cityName, stateID)
Values (5332, 'Avondale', 38);
INSERT INTO City (cityID, cityName, stateID)
Values (5333, 'Avonmore', 38);
INSERT INTO City (cityID, cityName, stateID)
Values (5334, 'Baden', 38);
INSERT INTO City (cityID, cityName, stateID)
Values (5335, 'Bainbridge', 38);
INSERT INTO City (cityID, cityName, stateID)
Values (5336, 'Bairdford', 38);
INSERT INTO City (cityID, cityName, stateID)
Values (5337, 'Bakerstown', 38);
INSERT INTO City (cityID, cityName, stateID)
Values (5338, 'Bala Cynwyd', 38);
INSERT INTO City (cityID, cityName, stateID)
Values (5339, 'Bally', 38);
INSERT INTO City (cityID, cityName, stateID)
Values (5340, 'Bangor', 38);
INSERT INTO City (cityID, cityName, stateID)
Values (5341, 'Barnesville', 38);
INSERT INTO City (cityID, cityName, stateID)
Values (5342, 'Bart', 38);
INSERT INTO City (cityID, cityName, stateID)
Values (5343, 'Barto', 38);
INSERT INTO City (cityID, cityName, stateID)
Values (5344, 'Bartonsville', 38);
INSERT INTO City (cityID, cityName, stateID)
Values (5345, 'Bath', 38);
INSERT INTO City (cityID, cityName, stateID)
Values (5346, 'Bausman', 38);
INSERT INTO City (cityID, cityName, stateID)
Values (5347, 'Beach Haven', 38);
INSERT INTO City (cityID, cityName, stateID)
Values (5348, 'Beach Lake', 38);
INSERT INTO City (cityID, cityName, stateID)
Values (5349, 'Beallsville', 38);
INSERT INTO City (cityID, cityName, stateID)
Values (5350, 'Bear Creek', 38);
INSERT INTO City (cityID, cityName, stateID)
Values (5351, 'Bear Lake', 38);
INSERT INTO City (cityID, cityName, stateID)
Values (5352, 'Beaver', 38);
INSERT INTO City (cityID, cityName, stateID)
Values (5353, 'Beaver Falls', 38);
INSERT INTO City (cityID, cityName, stateID)
Values (5354, 'Beaver Meadows', 38);
INSERT INTO City (cityID, cityName, stateID)
Values (5355, 'Beaver Springs', 38);
INSERT INTO City (cityID, cityName, stateID)
Values (5356, 'Beaverdale', 38);
INSERT INTO City (cityID, cityName, stateID)
Values (5357, 'Beavertown', 38);
INSERT INTO City (cityID, cityName, stateID)
Values (5358, 'Beccaria', 38);
INSERT INTO City (cityID, cityName, stateID)
Values (5359, 'Bechtelsville', 38);
INSERT INTO City (cityID, cityName, stateID)
Values (5360, 'Bedford', 38);
INSERT INTO City (cityID, cityName, stateID)
Values (5361, 'Bedminster', 38);
INSERT INTO City (cityID, cityName, stateID)
Values (5362, 'Beech Creek', 38);
INSERT INTO City (cityID, cityName, stateID)
Values (5363, 'Belle Vernon', 38);
INSERT INTO City (cityID, cityName, stateID)
Values (5364, 'Bellefonte', 38);
INSERT INTO City (cityID, cityName, stateID)
Values (5365, 'Belleville', 38);
INSERT INTO City (cityID, cityName, stateID)
Values (5366, 'Bellwood', 38);
INSERT INTO City (cityID, cityName, stateID)
Values (5367, 'Belsano', 38);
INSERT INTO City (cityID, cityName, stateID)
Values (5368, 'Bendersville', 38);
INSERT INTO City (cityID, cityName, stateID)
Values (5369, 'Benezett', 38);
INSERT INTO City (cityID, cityName, stateID)
Values (5370, 'Bensalem', 38);
INSERT INTO City (cityID, cityName, stateID)
Values (5371, 'Bentleyville', 38);
INSERT INTO City (cityID, cityName, stateID)
Values (5372, 'Benton', 38);
INSERT INTO City (cityID, cityName, stateID)
Values (5373, 'Berlin', 38);
INSERT INTO City (cityID, cityName, stateID)
Values (5374, 'Bernville', 38);
INSERT INTO City (cityID, cityName, stateID)
Values (5375, 'Berrysburg', 38);
INSERT INTO City (cityID, cityName, stateID)
Values (5376, 'Berwick', 38);
INSERT INTO City (cityID, cityName, stateID)
Values (5377, 'Berwyn', 38);
INSERT INTO City (cityID, cityName, stateID)
Values (5378, 'Bessemer', 38);
INSERT INTO City (cityID, cityName, stateID)
Values (5379, 'Bethel', 38);
INSERT INTO City (cityID, cityName, stateID)
Values (5380, 'Bethel Park', 38);
INSERT INTO City (cityID, cityName, stateID)
Values (5381, 'Bethlehem', 38);
INSERT INTO City (cityID, cityName, stateID)
Values (5382, 'Beyer', 38);
INSERT INTO City (cityID, cityName, stateID)
Values (5383, 'Big Cove Tannery', 38);
INSERT INTO City (cityID, cityName, stateID)
Values (5384, 'Big Run', 38);
INSERT INTO City (cityID, cityName, stateID)
Values (5385, 'Bigler', 38);
INSERT INTO City (cityID, cityName, stateID)
Values (5386, 'Biglerville', 38);
INSERT INTO City (cityID, cityName, stateID)
Values (5387, 'Birchrunville', 38);
INSERT INTO City (cityID, cityName, stateID)
Values (5388, 'Bird In Hand', 38);
INSERT INTO City (cityID, cityName, stateID)
Values (5389, 'Birdsboro', 38);
INSERT INTO City (cityID, cityName, stateID)
Values (5390, 'Black Lick', 38);
INSERT INTO City (cityID, cityName, stateID)
Values (5391, 'Blain', 38);
INSERT INTO City (cityID, cityName, stateID)
Values (5392, 'Blairs Mills', 38);
INSERT INTO City (cityID, cityName, stateID)
Values (5393, 'Blairsville', 38);
INSERT INTO City (cityID, cityName, stateID)
Values (5394, 'Blakeslee', 38);
INSERT INTO City (cityID, cityName, stateID)
Values (5395, 'Blanchard', 38);
INSERT INTO City (cityID, cityName, stateID)
Values (5396, 'Blandburg', 38);
INSERT INTO City (cityID, cityName, stateID)
Values (5397, 'Blandon', 38);
INSERT INTO City (cityID, cityName, stateID)
Values (5398, 'Blooming Glen', 38);
INSERT INTO City (cityID, cityName, stateID)
Values (5399, 'Bloomsburg', 38);
INSERT INTO City (cityID, cityName, stateID)
Values (5400, 'Blossburg', 38);
INSERT INTO City (cityID, cityName, stateID)
Values (5401, 'Blue Ball', 38);
INSERT INTO City (cityID, cityName, stateID)
Values (5402, 'Blue Bell', 38);
INSERT INTO City (cityID, cityName, stateID)
Values (5403, 'Blue Ridge Summit', 38);
INSERT INTO City (cityID, cityName, stateID)
Values (5404, 'Boalsburg', 38);
INSERT INTO City (cityID, cityName, stateID)
Values (5405, 'Bobtown', 38);
INSERT INTO City (cityID, cityName, stateID)
Values (5406, 'Boiling Springs', 38);
INSERT INTO City (cityID, cityName, stateID)
Values (5407, 'Bolivar', 38);
INSERT INTO City (cityID, cityName, stateID)
Values (5408, 'Boswell', 38);
INSERT INTO City (cityID, cityName, stateID)
Values (5409, 'Bovard', 38);
INSERT INTO City (cityID, cityName, stateID)
Values (5410, 'Bowers', 38);
INSERT INTO City (cityID, cityName, stateID)
Values (5411, 'Bowmansdale', 38);
INSERT INTO City (cityID, cityName, stateID)
Values (5412, 'Bowmanstown', 38);
INSERT INTO City (cityID, cityName, stateID)
Values (5413, 'Bowmansville', 38);
INSERT INTO City (cityID, cityName, stateID)
Values (5414, 'Boyers', 38);
INSERT INTO City (cityID, cityName, stateID)
Values (5415, 'Boyertown', 38);
INSERT INTO City (cityID, cityName, stateID)
Values (5416, 'Boynton', 38);
INSERT INTO City (cityID, cityName, stateID)
Values (5417, 'Brackenridge', 38);
INSERT INTO City (cityID, cityName, stateID)
Values (5418, 'Brackney', 38);
INSERT INTO City (cityID, cityName, stateID)
Values (5419, 'Braddock', 38);
INSERT INTO City (cityID, cityName, stateID)
Values (5420, 'Bradenville', 38);
INSERT INTO City (cityID, cityName, stateID)
Values (5421, 'Bradford', 38);
INSERT INTO City (cityID, cityName, stateID)
Values (5422, 'Bradfordwoods', 38);
INSERT INTO City (cityID, cityName, stateID)
Values (5423, 'Branchdale', 38);
INSERT INTO City (cityID, cityName, stateID)
Values (5424, 'Branchton', 38);
INSERT INTO City (cityID, cityName, stateID)
Values (5425, 'Brandamore', 38);
INSERT INTO City (cityID, cityName, stateID)
Values (5426, 'Brandy Camp', 38);
INSERT INTO City (cityID, cityName, stateID)
Values (5427, 'Brave', 38);
INSERT INTO City (cityID, cityName, stateID)
Values (5428, 'Breezewood', 38);
INSERT INTO City (cityID, cityName, stateID)
Values (5429, 'Breinigsville', 38);
INSERT INTO City (cityID, cityName, stateID)
Values (5430, 'Bridgeport', 38);
INSERT INTO City (cityID, cityName, stateID)
Values (5431, 'Bridgeville', 38);
INSERT INTO City (cityID, cityName, stateID)
Values (5432, 'Brier Hill', 38);
INSERT INTO City (cityID, cityName, stateID)
Values (5433, 'Brisbin', 38);
INSERT INTO City (cityID, cityName, stateID)
Values (5434, 'Bristol', 38);
INSERT INTO City (cityID, cityName, stateID)
Values (5435, 'Broad Top', 38);
INSERT INTO City (cityID, cityName, stateID)
Values (5436, 'Brockport', 38);
INSERT INTO City (cityID, cityName, stateID)
Values (5437, 'Brockton', 38);
INSERT INTO City (cityID, cityName, stateID)
Values (5438, 'Brockway', 38);
INSERT INTO City (cityID, cityName, stateID)
Values (5439, 'Brodheadsville', 38);
INSERT INTO City (cityID, cityName, stateID)
Values (5440, 'Brogue', 38);
INSERT INTO City (cityID, cityName, stateID)
Values (5441, 'Brookhaven', 38);
INSERT INTO City (cityID, cityName, stateID)
Values (5442, 'Brooklyn', 38);
INSERT INTO City (cityID, cityName, stateID)
Values (5443, 'Brookville', 38);
INSERT INTO City (cityID, cityName, stateID)
Values (5444, 'Broomall', 38);
INSERT INTO City (cityID, cityName, stateID)
Values (5445, 'Brownfield', 38);
INSERT INTO City (cityID, cityName, stateID)
Values (5446, 'Brownstown', 38);
INSERT INTO City (cityID, cityName, stateID)
Values (5447, 'Brownsville', 38);
INSERT INTO City (cityID, cityName, stateID)
Values (5448, 'Bruin', 38);
INSERT INTO City (cityID, cityName, stateID)
Values (5449, 'Brush Valley', 38);
INSERT INTO City (cityID, cityName, stateID)
Values (5450, 'Bryn Athyn', 38);
INSERT INTO City (cityID, cityName, stateID)
Values (5451, 'Bryn Mawr', 38);
INSERT INTO City (cityID, cityName, stateID)
Values (5452, 'Buck Hill Falls', 38);
INSERT INTO City (cityID, cityName, stateID)
Values (5453, 'Buckingham', 38);
INSERT INTO City (cityID, cityName, stateID)
Values (5454, 'Buena Vista', 38);
INSERT INTO City (cityID, cityName, stateID)
Values (5455, 'Buffalo Mills', 38);
INSERT INTO City (cityID, cityName, stateID)
Values (5456, 'Bulger', 38);
INSERT INTO City (cityID, cityName, stateID)
Values (5457, 'Bunola', 38);
INSERT INTO City (cityID, cityName, stateID)
Values (5458, 'Burgettstown', 38);
INSERT INTO City (cityID, cityName, stateID)
Values (5459, 'Burlington', 38);
INSERT INTO City (cityID, cityName, stateID)
Values (5460, 'Burnham', 38);
INSERT INTO City (cityID, cityName, stateID)
Values (5461, 'Burnside', 38);
INSERT INTO City (cityID, cityName, stateID)
Values (5462, 'Burnt Cabins', 38);
INSERT INTO City (cityID, cityName, stateID)
Values (5463, 'Bushkill', 38);
INSERT INTO City (cityID, cityName, stateID)
Values (5464, 'Butler', 38);
INSERT INTO City (cityID, cityName, stateID)
Values (5465, 'Byrnedale', 38);
INSERT INTO City (cityID, cityName, stateID)
Values (5466, 'Cabot', 38);
INSERT INTO City (cityID, cityName, stateID)
Values (5467, 'Cadogan', 38);
INSERT INTO City (cityID, cityName, stateID)
Values (5468, 'Cairnbrook', 38);
INSERT INTO City (cityID, cityName, stateID)
Values (5469, 'California', 38);
INSERT INTO City (cityID, cityName, stateID)
Values (5470, 'Callensburg', 38);
INSERT INTO City (cityID, cityName, stateID)
Values (5471, 'Callery', 38);
INSERT INTO City (cityID, cityName, stateID)
Values (5472, 'Calumet', 38);
INSERT INTO City (cityID, cityName, stateID)
Values (5473, 'Calvin', 38);
INSERT INTO City (cityID, cityName, stateID)
Values (5474, 'Cambra', 38);
INSERT INTO City (cityID, cityName, stateID)
Values (5475, 'Cambridge Springs', 38);
INSERT INTO City (cityID, cityName, stateID)
Values (5476, 'Cammal', 38);
INSERT INTO City (cityID, cityName, stateID)
Values (5477, 'Camp Hill', 38);
INSERT INTO City (cityID, cityName, stateID)
Values (5478, 'Campbelltown', 38);
INSERT INTO City (cityID, cityName, stateID)
Values (5479, 'Camptown', 38);
INSERT INTO City (cityID, cityName, stateID)
Values (5480, 'Canadensis', 38);
INSERT INTO City (cityID, cityName, stateID)
Values (5481, 'Canonsburg', 38);
INSERT INTO City (cityID, cityName, stateID)
Values (5482, 'Canton', 38);
INSERT INTO City (cityID, cityName, stateID)
Values (5483, 'Carbondale', 38);
INSERT INTO City (cityID, cityName, stateID)
Values (5484, 'Cardale', 38);
INSERT INTO City (cityID, cityName, stateID)
Values (5485, 'Carlisle', 38);
INSERT INTO City (cityID, cityName, stateID)
Values (5486, 'Carlton', 38);
INSERT INTO City (cityID, cityName, stateID)
Values (5487, 'Carmichaels', 38);
INSERT INTO City (cityID, cityName, stateID)
Values (5488, 'Carnegie', 38);
INSERT INTO City (cityID, cityName, stateID)
Values (5489, 'Carrolltown', 38);
INSERT INTO City (cityID, cityName, stateID)
Values (5490, 'Carversville', 38);
INSERT INTO City (cityID, cityName, stateID)
Values (5491, 'Cashtown', 38);
INSERT INTO City (cityID, cityName, stateID)
Values (5492, 'Cassandra', 38);
INSERT INTO City (cityID, cityName, stateID)
Values (5493, 'Cassville', 38);
INSERT INTO City (cityID, cityName, stateID)
Values (5494, 'Castanea', 38);
INSERT INTO City (cityID, cityName, stateID)
Values (5495, 'Catasauqua', 38);
INSERT INTO City (cityID, cityName, stateID)
Values (5496, 'Catawissa', 38);
INSERT INTO City (cityID, cityName, stateID)
Values (5497, 'Cecil', 38);
INSERT INTO City (cityID, cityName, stateID)
Values (5498, 'Cedar Run', 38);
INSERT INTO City (cityID, cityName, stateID)
Values (5499, 'Cedars', 38);
INSERT INTO City (cityID, cityName, stateID)
Values (5500, 'Center Valley', 38);
INSERT INTO City (cityID, cityName, stateID)
Values (5501, 'Centerport', 38);
INSERT INTO City (cityID, cityName, stateID)
Values (5502, 'Centerville', 38);
INSERT INTO City (cityID, cityName, stateID)
Values (5503, 'Central City', 38);
INSERT INTO City (cityID, cityName, stateID)
Values (5504, 'Centre Hall', 38);
INSERT INTO City (cityID, cityName, stateID)
Values (5505, 'Chadds Ford', 38);
INSERT INTO City (cityID, cityName, stateID)
Values (5506, 'Chalfont', 38);
INSERT INTO City (cityID, cityName, stateID)
Values (5507, 'Chalk Hill', 38);
INSERT INTO City (cityID, cityName, stateID)
Values (5508, 'Chambersburg', 38);
INSERT INTO City (cityID, cityName, stateID)
Values (5509, 'Chambersville', 38);
INSERT INTO City (cityID, cityName, stateID)
Values (5510, 'Champion', 38);
INSERT INTO City (cityID, cityName, stateID)
Values (5511, 'Chandlers Valley', 38);
INSERT INTO City (cityID, cityName, stateID)
Values (5512, 'Charleroi', 38);
INSERT INTO City (cityID, cityName, stateID)
Values (5513, 'Chatham', 38);
INSERT INTO City (cityID, cityName, stateID)
Values (5514, 'Cheltenham', 38);
INSERT INTO City (cityID, cityName, stateID)
Values (5515, 'Cherry Tree', 38);
INSERT INTO City (cityID, cityName, stateID)
Values (5516, 'Cherryville', 38);
INSERT INTO City (cityID, cityName, stateID)
Values (5517, 'Chest Springs', 38);
INSERT INTO City (cityID, cityName, stateID)
Values (5518, 'Chester', 38);
INSERT INTO City (cityID, cityName, stateID)
Values (5519, 'Chester Heights', 38);
INSERT INTO City (cityID, cityName, stateID)
Values (5520, 'Chester Springs', 38);
INSERT INTO City (cityID, cityName, stateID)
Values (5521, 'Chestnut Ridge', 38);
INSERT INTO City (cityID, cityName, stateID)
Values (5522, 'Cheswick', 38);
INSERT INTO City (cityID, cityName, stateID)
Values (5523, 'Cheyney', 38);
INSERT INTO City (cityID, cityName, stateID)
Values (5524, 'Chicora', 38);
INSERT INTO City (cityID, cityName, stateID)
Values (5525, 'Chinchilla', 38);
INSERT INTO City (cityID, cityName, stateID)
Values (5526, 'Christiana', 38);
INSERT INTO City (cityID, cityName, stateID)
Values (5527, 'Clairton', 38);
INSERT INTO City (cityID, cityName, stateID)
Values (5528, 'Clarence', 38);
INSERT INTO City (cityID, cityName, stateID)
Values (5529, 'Clarendon', 38);
INSERT INTO City (cityID, cityName, stateID)
Values (5530, 'Claridge', 38);
INSERT INTO City (cityID, cityName, stateID)
Values (5531, 'Clarington', 38);
INSERT INTO City (cityID, cityName, stateID)
Values (5532, 'Clarion', 38);
INSERT INTO City (cityID, cityName, stateID)
Values (5533, 'Clark', 38);
INSERT INTO City (cityID, cityName, stateID)
Values (5534, 'Clarks Mills', 38);
INSERT INTO City (cityID, cityName, stateID)
Values (5535, 'Clarks Summit', 38);
INSERT INTO City (cityID, cityName, stateID)
Values (5536, 'Clarksburg', 38);
INSERT INTO City (cityID, cityName, stateID)
Values (5537, 'Clarksville', 38);
INSERT INTO City (cityID, cityName, stateID)
Values (5538, 'Claysburg', 38);
INSERT INTO City (cityID, cityName, stateID)
Values (5539, 'Claysville', 38);
INSERT INTO City (cityID, cityName, stateID)
Values (5540, 'Clearfield', 38);
INSERT INTO City (cityID, cityName, stateID)
Values (5541, 'Clearville', 38);
INSERT INTO City (cityID, cityName, stateID)
Values (5542, 'Clifford', 38);
INSERT INTO City (cityID, cityName, stateID)
Values (5543, 'Clifton Heights', 38);
INSERT INTO City (cityID, cityName, stateID)
Values (5544, 'Clinton', 38);
INSERT INTO City (cityID, cityName, stateID)
Values (5545, 'Clintonville', 38);
INSERT INTO City (cityID, cityName, stateID)
Values (5546, 'Clune', 38);
INSERT INTO City (cityID, cityName, stateID)
Values (5547, 'Clymer', 38);
INSERT INTO City (cityID, cityName, stateID)
Values (5548, 'Coal Center', 38);
INSERT INTO City (cityID, cityName, stateID)
Values (5549, 'Coal Township', 38);
INSERT INTO City (cityID, cityName, stateID)
Values (5550, 'Coaldale', 38);
INSERT INTO City (cityID, cityName, stateID)
Values (5551, 'Coalport', 38);
INSERT INTO City (cityID, cityName, stateID)
Values (5552, 'Coatesville', 38);
INSERT INTO City (cityID, cityName, stateID)
Values (5553, 'Coburn', 38);
INSERT INTO City (cityID, cityName, stateID)
Values (5554, 'Cochranton', 38);
INSERT INTO City (cityID, cityName, stateID)
Values (5555, 'Cochranville', 38);
INSERT INTO City (cityID, cityName, stateID)
Values (5556, 'Cocolamus', 38);
INSERT INTO City (cityID, cityName, stateID)
Values (5557, 'Codorus', 38);
INSERT INTO City (cityID, cityName, stateID)
Values (5558, 'Cogan Station', 38);
INSERT INTO City (cityID, cityName, stateID)
Values (5559, 'Cokeburg', 38);
INSERT INTO City (cityID, cityName, stateID)
Values (5560, 'Collegeville', 38);
INSERT INTO City (cityID, cityName, stateID)
Values (5561, 'Colmar', 38);
INSERT INTO City (cityID, cityName, stateID)
Values (5562, 'Columbia', 38);
INSERT INTO City (cityID, cityName, stateID)
Values (5563, 'Columbia Cross Roads', 38);
INSERT INTO City (cityID, cityName, stateID)
Values (5564, 'Columbus', 38);
INSERT INTO City (cityID, cityName, stateID)
Values (5565, 'Colver', 38);
INSERT INTO City (cityID, cityName, stateID)
Values (5566, 'Commodore', 38);
INSERT INTO City (cityID, cityName, stateID)
Values (5567, 'Concord', 38);
INSERT INTO City (cityID, cityName, stateID)
Values (5568, 'Concordville', 38);
INSERT INTO City (cityID, cityName, stateID)
Values (5569, 'Conestoga', 38);
INSERT INTO City (cityID, cityName, stateID)
Values (5570, 'Confluence', 38);
INSERT INTO City (cityID, cityName, stateID)
Values (5571, 'Conneaut Lake', 38);
INSERT INTO City (cityID, cityName, stateID)
Values (5572, 'Conneautville', 38);
INSERT INTO City (cityID, cityName, stateID)
Values (5573, 'Connellsville', 38);
INSERT INTO City (cityID, cityName, stateID)
Values (5574, 'Connoquenessing', 38);
INSERT INTO City (cityID, cityName, stateID)
Values (5575, 'Conshohocken', 38);
INSERT INTO City (cityID, cityName, stateID)
Values (5576, 'Conway', 38);
INSERT INTO City (cityID, cityName, stateID)
Values (5577, 'Conyngham', 38);
INSERT INTO City (cityID, cityName, stateID)
Values (5578, 'Cooksburg', 38);
INSERT INTO City (cityID, cityName, stateID)
Values (5579, 'Coolspring', 38);
INSERT INTO City (cityID, cityName, stateID)
Values (5580, 'Coopersburg', 38);
INSERT INTO City (cityID, cityName, stateID)
Values (5581, 'Cooperstown', 38);
INSERT INTO City (cityID, cityName, stateID)
Values (5582, 'Coplay', 38);
INSERT INTO City (cityID, cityName, stateID)
Values (5583, 'Coral', 38);
INSERT INTO City (cityID, cityName, stateID)
Values (5584, 'Coraopolis', 38);
INSERT INTO City (cityID, cityName, stateID)
Values (5585, 'Cornwall', 38);
INSERT INTO City (cityID, cityName, stateID)
Values (5586, 'Corry', 38);
INSERT INTO City (cityID, cityName, stateID)
Values (5587, 'Corsica', 38);
INSERT INTO City (cityID, cityName, stateID)
Values (5588, 'Coudersport', 38);
INSERT INTO City (cityID, cityName, stateID)
Values (5589, 'Coulters', 38);
INSERT INTO City (cityID, cityName, stateID)
Values (5590, 'Coupon', 38);
INSERT INTO City (cityID, cityName, stateID)
Values (5591, 'Covington', 38);
INSERT INTO City (cityID, cityName, stateID)
Values (5592, 'Cowanesque', 38);
INSERT INTO City (cityID, cityName, stateID)
Values (5593, 'Cowansville', 38);
INSERT INTO City (cityID, cityName, stateID)
Values (5594, 'Crabtree', 38);
INSERT INTO City (cityID, cityName, stateID)
Values (5595, 'Craley', 38);
INSERT INTO City (cityID, cityName, stateID)
Values (5596, 'Cranberry', 38);
INSERT INTO City (cityID, cityName, stateID)
Values (5597, 'Cranberry Twp', 38);
INSERT INTO City (cityID, cityName, stateID)
Values (5598, 'Cranesville', 38);
INSERT INTO City (cityID, cityName, stateID)
Values (5599, 'Creamery', 38);
INSERT INTO City (cityID, cityName, stateID)
Values (5600, 'Creekside', 38);
INSERT INTO City (cityID, cityName, stateID)
Values (5601, 'Creighton', 38);
INSERT INTO City (cityID, cityName, stateID)
Values (5602, 'Crescent', 38);
INSERT INTO City (cityID, cityName, stateID)
Values (5603, 'Cresco', 38);
INSERT INTO City (cityID, cityName, stateID)
Values (5604, 'Cresson', 38);
INSERT INTO City (cityID, cityName, stateID)
Values (5605, 'Cressona', 38);
INSERT INTO City (cityID, cityName, stateID)
Values (5606, 'Crosby', 38);
INSERT INTO City (cityID, cityName, stateID)
Values (5607, 'Cross Fork', 38);
INSERT INTO City (cityID, cityName, stateID)
Values (5608, 'Crown', 38);
INSERT INTO City (cityID, cityName, stateID)
Values (5609, 'Croydon', 38);
INSERT INTO City (cityID, cityName, stateID)
Values (5610, 'Crucible', 38);
INSERT INTO City (cityID, cityName, stateID)
Values (5611, 'Crum Lynne', 38);
INSERT INTO City (cityID, cityName, stateID)
Values (5612, 'Crystal Spring', 38);
INSERT INTO City (cityID, cityName, stateID)
Values (5613, 'Cuddy', 38);
INSERT INTO City (cityID, cityName, stateID)
Values (5614, 'Cumbola', 38);
INSERT INTO City (cityID, cityName, stateID)
Values (5615, 'Curllsville', 38);
INSERT INTO City (cityID, cityName, stateID)
Values (5616, 'Curryville', 38);
INSERT INTO City (cityID, cityName, stateID)
Values (5617, 'Curtisville', 38);
INSERT INTO City (cityID, cityName, stateID)
Values (5618, 'Curwensville', 38);
INSERT INTO City (cityID, cityName, stateID)
Values (5619, 'Custer City', 38);
INSERT INTO City (cityID, cityName, stateID)
Values (5620, 'Cyclone', 38);
INSERT INTO City (cityID, cityName, stateID)
Values (5621, 'Dagus Mines', 38);
INSERT INTO City (cityID, cityName, stateID)
Values (5622, 'Daisytown', 38);
INSERT INTO City (cityID, cityName, stateID)
Values (5623, 'Dallas', 38);
INSERT INTO City (cityID, cityName, stateID)
Values (5624, 'Dallastown', 38);
INSERT INTO City (cityID, cityName, stateID)
Values (5625, 'Dalmatia', 38);
INSERT INTO City (cityID, cityName, stateID)
Values (5626, 'Dalton', 38);
INSERT INTO City (cityID, cityName, stateID)
Values (5627, 'Damascus', 38);
INSERT INTO City (cityID, cityName, stateID)
Values (5628, 'Danboro', 38);
INSERT INTO City (cityID, cityName, stateID)
Values (5629, 'Danielsville', 38);
INSERT INTO City (cityID, cityName, stateID)
Values (5630, 'Danville', 38);
INSERT INTO City (cityID, cityName, stateID)
Values (5631, 'Darby', 38);
INSERT INTO City (cityID, cityName, stateID)
Values (5632, 'Darlington', 38);
INSERT INTO City (cityID, cityName, stateID)
Values (5633, 'Darragh', 38);
INSERT INTO City (cityID, cityName, stateID)
Values (5634, 'Dauphin', 38);
INSERT INTO City (cityID, cityName, stateID)
Values (5635, 'Davidsville', 38);
INSERT INTO City (cityID, cityName, stateID)
Values (5636, 'Dawson', 38);
INSERT INTO City (cityID, cityName, stateID)
Values (5637, 'Dayton', 38);
INSERT INTO City (cityID, cityName, stateID)
Values (5638, 'De Lancey', 38);
INSERT INTO City (cityID, cityName, stateID)
Values (5639, 'De Young', 38);
INSERT INTO City (cityID, cityName, stateID)
Values (5640, 'Defiance', 38);
INSERT INTO City (cityID, cityName, stateID)
Values (5641, 'Delano', 38);
INSERT INTO City (cityID, cityName, stateID)
Values (5642, 'Delaware Water Gap', 38);
INSERT INTO City (cityID, cityName, stateID)
Values (5643, 'Delmont', 38);
INSERT INTO City (cityID, cityName, stateID)
Values (5644, 'Delta', 38);
INSERT INTO City (cityID, cityName, stateID)
Values (5645, 'Denbo', 38);
INSERT INTO City (cityID, cityName, stateID)
Values (5646, 'Denver', 38);
INSERT INTO City (cityID, cityName, stateID)
Values (5647, 'Derrick City', 38);
INSERT INTO City (cityID, cityName, stateID)
Values (5648, 'Derry', 38);
INSERT INTO City (cityID, cityName, stateID)
Values (5649, 'Devault', 38);
INSERT INTO City (cityID, cityName, stateID)
Values (5650, 'Devon', 38);
INSERT INTO City (cityID, cityName, stateID)
Values (5651, 'Dewart', 38);
INSERT INTO City (cityID, cityName, stateID)
Values (5652, 'Dickerson Run', 38);
INSERT INTO City (cityID, cityName, stateID)
Values (5653, 'Dickson City', 38);
INSERT INTO City (cityID, cityName, stateID)
Values (5654, 'Dilliner', 38);
INSERT INTO City (cityID, cityName, stateID)
Values (5655, 'Dillsburg', 38);
INSERT INTO City (cityID, cityName, stateID)
Values (5656, 'Dilltown', 38);
INSERT INTO City (cityID, cityName, stateID)
Values (5657, 'Dimock', 38);
INSERT INTO City (cityID, cityName, stateID)
Values (5658, 'Dingmans Ferry', 38);
INSERT INTO City (cityID, cityName, stateID)
Values (5659, 'Distant', 38);
INSERT INTO City (cityID, cityName, stateID)
Values (5660, 'Dixonville', 38);
INSERT INTO City (cityID, cityName, stateID)
Values (5661, 'Donegal', 38);
INSERT INTO City (cityID, cityName, stateID)
Values (5662, 'Donora', 38);
INSERT INTO City (cityID, cityName, stateID)
Values (5663, 'Dornsife', 38);
INSERT INTO City (cityID, cityName, stateID)
Values (5664, 'Douglassville', 38);
INSERT INTO City (cityID, cityName, stateID)
Values (5665, 'Dover', 38);
INSERT INTO City (cityID, cityName, stateID)
Values (5666, 'Downingtown', 38);
INSERT INTO City (cityID, cityName, stateID)
Values (5667, 'Doylesburg', 38);
INSERT INTO City (cityID, cityName, stateID)
Values (5668, 'Doylestown', 38);
INSERT INTO City (cityID, cityName, stateID)
Values (5669, 'Dravosburg', 38);
INSERT INTO City (cityID, cityName, stateID)
Values (5670, 'Dresher', 38);
INSERT INTO City (cityID, cityName, stateID)
Values (5671, 'Drexel Hill', 38);
INSERT INTO City (cityID, cityName, stateID)
Values (5672, 'Drifting', 38);
INSERT INTO City (cityID, cityName, stateID)
Values (5673, 'Drifton', 38);
INSERT INTO City (cityID, cityName, stateID)
Values (5674, 'Driftwood', 38);
INSERT INTO City (cityID, cityName, stateID)
Values (5675, 'Drumore', 38);
INSERT INTO City (cityID, cityName, stateID)
Values (5676, 'Drums', 38);
INSERT INTO City (cityID, cityName, stateID)
Values (5677, 'Dry Run', 38);
INSERT INTO City (cityID, cityName, stateID)
Values (5678, 'Du Bois', 38);
INSERT INTO City (cityID, cityName, stateID)
Values (5679, 'Dublin', 38);
INSERT INTO City (cityID, cityName, stateID)
Values (5680, 'Dudley', 38);
INSERT INTO City (cityID, cityName, stateID)
Values (5681, 'Duke Center', 38);
INSERT INTO City (cityID, cityName, stateID)
Values (5682, 'Dunbar', 38);
INSERT INTO City (cityID, cityName, stateID)
Values (5683, 'Duncannon', 38);
INSERT INTO City (cityID, cityName, stateID)
Values (5684, 'Duncansville', 38);
INSERT INTO City (cityID, cityName, stateID)
Values (5685, 'Dunlevy', 38);
INSERT INTO City (cityID, cityName, stateID)
Values (5686, 'Dunlo', 38);
INSERT INTO City (cityID, cityName, stateID)
Values (5687, 'Duquesne', 38);
INSERT INTO City (cityID, cityName, stateID)
Values (5688, 'Durham', 38);
INSERT INTO City (cityID, cityName, stateID)
Values (5689, 'Duryea', 38);
INSERT INTO City (cityID, cityName, stateID)
Values (5690, 'Dushore', 38);
INSERT INTO City (cityID, cityName, stateID)
Values (5691, 'Dysart', 38);
INSERT INTO City (cityID, cityName, stateID)
Values (5692, 'Eagles Mere', 38);
INSERT INTO City (cityID, cityName, stateID)
Values (5693, 'Eagleville', 38);
INSERT INTO City (cityID, cityName, stateID)
Values (5694, 'Earlington', 38);
INSERT INTO City (cityID, cityName, stateID)
Values (5695, 'Earlville', 38);
INSERT INTO City (cityID, cityName, stateID)
Values (5696, 'East Berlin', 38);
INSERT INTO City (cityID, cityName, stateID)
Values (5697, 'East Brady', 38);
INSERT INTO City (cityID, cityName, stateID)
Values (5698, 'East Butler', 38);
INSERT INTO City (cityID, cityName, stateID)
Values (5699, 'East Earl', 38);
INSERT INTO City (cityID, cityName, stateID)
Values (5700, 'East Freedom', 38);
INSERT INTO City (cityID, cityName, stateID)
Values (5701, 'East Greenville', 38);
INSERT INTO City (cityID, cityName, stateID)
Values (5702, 'East Hickory', 38);
INSERT INTO City (cityID, cityName, stateID)
Values (5703, 'East Mc Keesport', 38);
INSERT INTO City (cityID, cityName, stateID)
Values (5704, 'East Millsboro', 38);
INSERT INTO City (cityID, cityName, stateID)
Values (5705, 'East Petersburg', 38);
INSERT INTO City (cityID, cityName, stateID)
Values (5706, 'East Pittsburgh', 38);
INSERT INTO City (cityID, cityName, stateID)
Values (5707, 'East Prospect', 38);
INSERT INTO City (cityID, cityName, stateID)
Values (5708, 'East Smethport', 38);
INSERT INTO City (cityID, cityName, stateID)
Values (5709, 'East Smithfield', 38);
INSERT INTO City (cityID, cityName, stateID)
Values (5710, 'East Springfield', 38);
INSERT INTO City (cityID, cityName, stateID)
Values (5711, 'East Stroudsburg', 38);
INSERT INTO City (cityID, cityName, stateID)
Values (5712, 'East Texas', 38);
INSERT INTO City (cityID, cityName, stateID)
Values (5713, 'East Vandergrift', 38);
INSERT INTO City (cityID, cityName, stateID)
Values (5714, 'East Waterford', 38);
INSERT INTO City (cityID, cityName, stateID)
Values (5715, 'Easton', 38);
INSERT INTO City (cityID, cityName, stateID)
Values (5716, 'Eau Claire', 38);
INSERT INTO City (cityID, cityName, stateID)
Values (5717, 'Ebensburg', 38);
INSERT INTO City (cityID, cityName, stateID)
Values (5718, 'Ebervale', 38);
INSERT INTO City (cityID, cityName, stateID)
Values (5719, 'Edgemont', 38);
INSERT INTO City (cityID, cityName, stateID)
Values (5720, 'Edinboro', 38);
INSERT INTO City (cityID, cityName, stateID)
Values (5721, 'Edinburg', 38);
INSERT INTO City (cityID, cityName, stateID)
Values (5722, 'Effort', 38);
INSERT INTO City (cityID, cityName, stateID)
Values (5723, 'Eighty Four', 38);
INSERT INTO City (cityID, cityName, stateID)
Values (5724, 'Elco', 38);
INSERT INTO City (cityID, cityName, stateID)
Values (5725, 'Elderton', 38);
INSERT INTO City (cityID, cityName, stateID)
Values (5726, 'Eldred', 38);
INSERT INTO City (cityID, cityName, stateID)
Values (5727, 'Elgin', 38);
INSERT INTO City (cityID, cityName, stateID)
Values (5728, 'Elizabeth', 38);
INSERT INTO City (cityID, cityName, stateID)
Values (5729, 'Elizabethtown', 38);
INSERT INTO City (cityID, cityName, stateID)
Values (5730, 'Elizabethville', 38);
INSERT INTO City (cityID, cityName, stateID)
Values (5731, 'Elkins Park', 38);
INSERT INTO City (cityID, cityName, stateID)
Values (5732, 'Elkland', 38);
INSERT INTO City (cityID, cityName, stateID)
Values (5733, 'Elliottsburg', 38);
INSERT INTO City (cityID, cityName, stateID)
Values (5734, 'Ellsworth', 38);
INSERT INTO City (cityID, cityName, stateID)
Values (5735, 'Ellwood City', 38);
INSERT INTO City (cityID, cityName, stateID)
Values (5736, 'Elm', 38);
INSERT INTO City (cityID, cityName, stateID)
Values (5737, 'Elmhurst', 38);
INSERT INTO City (cityID, cityName, stateID)
Values (5738, 'Elmora', 38);
INSERT INTO City (cityID, cityName, stateID)
Values (5739, 'Elrama', 38);
INSERT INTO City (cityID, cityName, stateID)
Values (5740, 'Elton', 38);
INSERT INTO City (cityID, cityName, stateID)
Values (5741, 'Elverson', 38);
INSERT INTO City (cityID, cityName, stateID)
Values (5742, 'Elysburg', 38);
INSERT INTO City (cityID, cityName, stateID)
Values (5743, 'Emeigh', 38);
INSERT INTO City (cityID, cityName, stateID)
Values (5744, 'Emigsville', 38);
INSERT INTO City (cityID, cityName, stateID)
Values (5745, 'Emlenton', 38);
INSERT INTO City (cityID, cityName, stateID)
Values (5746, 'Emmaus', 38);
INSERT INTO City (cityID, cityName, stateID)
Values (5747, 'Emporium', 38);
INSERT INTO City (cityID, cityName, stateID)
Values (5748, 'Endeavor', 38);
INSERT INTO City (cityID, cityName, stateID)
Values (5749, 'Enola', 38);
INSERT INTO City (cityID, cityName, stateID)
Values (5750, 'Enon Valley', 38);
INSERT INTO City (cityID, cityName, stateID)
Values (5751, 'Entriken', 38);
INSERT INTO City (cityID, cityName, stateID)
Values (5752, 'Ephrata', 38);
INSERT INTO City (cityID, cityName, stateID)
Values (5753, 'Equinunk', 38);
INSERT INTO City (cityID, cityName, stateID)
Values (5754, 'Erie', 38);
INSERT INTO City (cityID, cityName, stateID)
Values (5755, 'Ernest', 38);
INSERT INTO City (cityID, cityName, stateID)
Values (5756, 'Erwinna', 38);
INSERT INTO City (cityID, cityName, stateID)
Values (5757, 'Essington', 38);
INSERT INTO City (cityID, cityName, stateID)
Values (5758, 'Etters', 38);
INSERT INTO City (cityID, cityName, stateID)
Values (5759, 'Evans City', 38);
INSERT INTO City (cityID, cityName, stateID)
Values (5760, 'Everett', 38);
INSERT INTO City (cityID, cityName, stateID)
Values (5761, 'Everson', 38);
INSERT INTO City (cityID, cityName, stateID)
Values (5762, 'Export', 38);
INSERT INTO City (cityID, cityName, stateID)
Values (5763, 'Exton', 38);
INSERT INTO City (cityID, cityName, stateID)
Values (5764, 'Factoryville', 38);
INSERT INTO City (cityID, cityName, stateID)
Values (5765, 'Fairbank', 38);
INSERT INTO City (cityID, cityName, stateID)
Values (5766, 'Fairchance', 38);
INSERT INTO City (cityID, cityName, stateID)
Values (5767, 'Fairfield', 38);
INSERT INTO City (cityID, cityName, stateID)
Values (5768, 'Fairhope', 38);
INSERT INTO City (cityID, cityName, stateID)
Values (5769, 'Fairless Hills', 38);
INSERT INTO City (cityID, cityName, stateID)
Values (5770, 'Fairmount City', 38);
INSERT INTO City (cityID, cityName, stateID)
Values (5771, 'Fairview', 38);
INSERT INTO City (cityID, cityName, stateID)
Values (5772, 'Fairview Village', 38);
INSERT INTO City (cityID, cityName, stateID)
Values (5773, 'Fallentimber', 38);
INSERT INTO City (cityID, cityName, stateID)
Values (5774, 'Falls', 38);
INSERT INTO City (cityID, cityName, stateID)
Values (5775, 'Falls Creek', 38);
INSERT INTO City (cityID, cityName, stateID)
Values (5776, 'Fannettsburg', 38);
INSERT INTO City (cityID, cityName, stateID)
Values (5777, 'Farmington', 38);
INSERT INTO City (cityID, cityName, stateID)
Values (5778, 'Farrell', 38);
INSERT INTO City (cityID, cityName, stateID)
Values (5779, 'Fawn Grove', 38);
INSERT INTO City (cityID, cityName, stateID)
Values (5780, 'Fayette City', 38);
INSERT INTO City (cityID, cityName, stateID)
Values (5781, 'Fayetteville', 38);
INSERT INTO City (cityID, cityName, stateID)
Values (5782, 'Feasterville Trevose', 38);
INSERT INTO City (cityID, cityName, stateID)
Values (5783, 'Felton', 38);
INSERT INTO City (cityID, cityName, stateID)
Values (5784, 'Fenelton', 38);
INSERT INTO City (cityID, cityName, stateID)
Values (5785, 'Ferndale', 38);
INSERT INTO City (cityID, cityName, stateID)
Values (5786, 'Finleyville', 38);
INSERT INTO City (cityID, cityName, stateID)
Values (5787, 'Fisher', 38);
INSERT INTO City (cityID, cityName, stateID)
Values (5788, 'Fishertown', 38);
INSERT INTO City (cityID, cityName, stateID)
Values (5789, 'Fleetville', 38);
INSERT INTO City (cityID, cityName, stateID)
Values (5790, 'Fleetwood', 38);
INSERT INTO City (cityID, cityName, stateID)
Values (5791, 'Fleming', 38);
INSERT INTO City (cityID, cityName, stateID)
Values (5792, 'Flicksville', 38);
INSERT INTO City (cityID, cityName, stateID)
Values (5793, 'Flinton', 38);
INSERT INTO City (cityID, cityName, stateID)
Values (5794, 'Flourtown', 38);
INSERT INTO City (cityID, cityName, stateID)
Values (5795, 'Fogelsville', 38);
INSERT INTO City (cityID, cityName, stateID)
Values (5796, 'Folcroft', 38);
INSERT INTO City (cityID, cityName, stateID)
Values (5797, 'Folsom', 38);
INSERT INTO City (cityID, cityName, stateID)
Values (5798, 'Fombell', 38);
INSERT INTO City (cityID, cityName, stateID)
Values (5799, 'Forbes Road', 38);
INSERT INTO City (cityID, cityName, stateID)
Values (5800, 'Force', 38);
INSERT INTO City (cityID, cityName, stateID)
Values (5801, 'Ford City', 38);
INSERT INTO City (cityID, cityName, stateID)
Values (5802, 'Ford Cliff', 38);
INSERT INTO City (cityID, cityName, stateID)
Values (5803, 'Forest City', 38);
INSERT INTO City (cityID, cityName, stateID)
Values (5804, 'Forest Grove', 38);
INSERT INTO City (cityID, cityName, stateID)
Values (5805, 'Forestville', 38);
INSERT INTO City (cityID, cityName, stateID)
Values (5806, 'Forksville', 38);
INSERT INTO City (cityID, cityName, stateID)
Values (5807, 'Fort Hill', 38);
INSERT INTO City (cityID, cityName, stateID)
Values (5808, 'Fort Littleton', 38);
INSERT INTO City (cityID, cityName, stateID)
Values (5809, 'Fort Loudon', 38);
INSERT INTO City (cityID, cityName, stateID)
Values (5810, 'Fort Washington', 38);
INSERT INTO City (cityID, cityName, stateID)
Values (5811, 'Fountainville', 38);
INSERT INTO City (cityID, cityName, stateID)
Values (5812, 'Foxburg', 38);
INSERT INTO City (cityID, cityName, stateID)
Values (5813, 'Frackville', 38);
INSERT INTO City (cityID, cityName, stateID)
Values (5814, 'Franconia', 38);
INSERT INTO City (cityID, cityName, stateID)
Values (5815, 'Franklin', 38);
INSERT INTO City (cityID, cityName, stateID)
Values (5816, 'Franklintown', 38);
INSERT INTO City (cityID, cityName, stateID)
Values (5817, 'Frederick', 38);
INSERT INTO City (cityID, cityName, stateID)
Values (5818, 'Fredericksburg', 38);
INSERT INTO City (cityID, cityName, stateID)
Values (5819, 'Fredericktown', 38);
INSERT INTO City (cityID, cityName, stateID)
Values (5820, 'Fredonia', 38);
INSERT INTO City (cityID, cityName, stateID)
Values (5821, 'Freeburg', 38);
INSERT INTO City (cityID, cityName, stateID)
Values (5822, 'Freedom', 38);
INSERT INTO City (cityID, cityName, stateID)
Values (5823, 'Freeland', 38);
INSERT INTO City (cityID, cityName, stateID)
Values (5824, 'Freeport', 38);
INSERT INTO City (cityID, cityName, stateID)
Values (5825, 'Frenchville', 38);
INSERT INTO City (cityID, cityName, stateID)
Values (5826, 'Friedens', 38);
INSERT INTO City (cityID, cityName, stateID)
Values (5827, 'Friedensburg', 38);
INSERT INTO City (cityID, cityName, stateID)
Values (5828, 'Friendsville', 38);
INSERT INTO City (cityID, cityName, stateID)
Values (5829, 'Frostburg', 38);
INSERT INTO City (cityID, cityName, stateID)
Values (5830, 'Fryburg', 38);
INSERT INTO City (cityID, cityName, stateID)
Values (5831, 'Furlong', 38);
INSERT INTO City (cityID, cityName, stateID)
Values (5832, 'Gaines', 38);
INSERT INTO City (cityID, cityName, stateID)
Values (5833, 'Galeton', 38);
INSERT INTO City (cityID, cityName, stateID)
Values (5834, 'Gallitzin', 38);
INSERT INTO City (cityID, cityName, stateID)
Values (5835, 'Gans', 38);
INSERT INTO City (cityID, cityName, stateID)
Values (5836, 'Gap', 38);
INSERT INTO City (cityID, cityName, stateID)
Values (5837, 'Garards Fort', 38);
INSERT INTO City (cityID, cityName, stateID)
Values (5838, 'Gardenville', 38);
INSERT INTO City (cityID, cityName, stateID)
Values (5839, 'Gardners', 38);
INSERT INTO City (cityID, cityName, stateID)
Values (5840, 'Garland', 38);
INSERT INTO City (cityID, cityName, stateID)
Values (5841, 'Garrett', 38);
INSERT INTO City (cityID, cityName, stateID)
Values (5842, 'Gastonville', 38);
INSERT INTO City (cityID, cityName, stateID)
Values (5843, 'Geigertown', 38);
INSERT INTO City (cityID, cityName, stateID)
Values (5844, 'Genesee', 38);
INSERT INTO City (cityID, cityName, stateID)
Values (5845, 'Georgetown', 38);
INSERT INTO City (cityID, cityName, stateID)
Values (5846, 'Germansville', 38);
INSERT INTO City (cityID, cityName, stateID)
Values (5847, 'Gettysburg', 38);
INSERT INTO City (cityID, cityName, stateID)
Values (5848, 'Gibbon Glade', 38);
INSERT INTO City (cityID, cityName, stateID)
Values (5849, 'Gibson', 38);
INSERT INTO City (cityID, cityName, stateID)
Values (5850, 'Gibsonia', 38);
INSERT INTO City (cityID, cityName, stateID)
Values (5851, 'Gifford', 38);
INSERT INTO City (cityID, cityName, stateID)
Values (5852, 'Gilbert', 38);
INSERT INTO City (cityID, cityName, stateID)
Values (5853, 'Gilberton', 38);
INSERT INTO City (cityID, cityName, stateID)
Values (5854, 'Gilbertsville', 38);
INSERT INTO City (cityID, cityName, stateID)
Values (5855, 'Gillett', 38);
INSERT INTO City (cityID, cityName, stateID)
Values (5856, 'Gipsy', 38);
INSERT INTO City (cityID, cityName, stateID)
Values (5857, 'Girard', 38);
INSERT INTO City (cityID, cityName, stateID)
Values (5858, 'Girardville', 38);
INSERT INTO City (cityID, cityName, stateID)
Values (5859, 'Gladwyne', 38);
INSERT INTO City (cityID, cityName, stateID)
Values (5860, 'Glasgow', 38);
INSERT INTO City (cityID, cityName, stateID)
Values (5861, 'Glassport', 38);
INSERT INTO City (cityID, cityName, stateID)
Values (5862, 'Glen Campbell', 38);
INSERT INTO City (cityID, cityName, stateID)
Values (5863, 'Glen Hope', 38);
INSERT INTO City (cityID, cityName, stateID)
Values (5864, 'Glen Lyon', 38);
INSERT INTO City (cityID, cityName, stateID)
Values (5865, 'Glen Mills', 38);
INSERT INTO City (cityID, cityName, stateID)
Values (5866, 'Glen Richey', 38);
INSERT INTO City (cityID, cityName, stateID)
Values (5867, 'Glen Riddle Lima', 38);
INSERT INTO City (cityID, cityName, stateID)
Values (5868, 'Glen Rock', 38);
INSERT INTO City (cityID, cityName, stateID)
Values (5869, 'Glenmoore', 38);
INSERT INTO City (cityID, cityName, stateID)
Values (5870, 'Glenolden', 38);
INSERT INTO City (cityID, cityName, stateID)
Values (5871, 'Glenshaw', 38);
INSERT INTO City (cityID, cityName, stateID)
Values (5872, 'Glenside', 38);
INSERT INTO City (cityID, cityName, stateID)
Values (5873, 'Glenville', 38);
INSERT INTO City (cityID, cityName, stateID)
Values (5874, 'Goodville', 38);
INSERT INTO City (cityID, cityName, stateID)
Values (5875, 'Gordon', 38);
INSERT INTO City (cityID, cityName, stateID)
Values (5876, 'Gordonville', 38);
INSERT INTO City (cityID, cityName, stateID)
Values (5877, 'Gouldsboro', 38);
INSERT INTO City (cityID, cityName, stateID)
Values (5878, 'Gradyville', 38);
INSERT INTO City (cityID, cityName, stateID)
Values (5879, 'Grampian', 38);
INSERT INTO City (cityID, cityName, stateID)
Values (5880, 'Grand Valley', 38);
INSERT INTO City (cityID, cityName, stateID)
Values (5881, 'Grantham', 38);
INSERT INTO City (cityID, cityName, stateID)
Values (5882, 'Grantville', 38);
INSERT INTO City (cityID, cityName, stateID)
Values (5883, 'Granville', 38);
INSERT INTO City (cityID, cityName, stateID)
Values (5884, 'Granville Summit', 38);
INSERT INTO City (cityID, cityName, stateID)
Values (5885, 'Grapeville', 38);
INSERT INTO City (cityID, cityName, stateID)
Values (5886, 'Grassflat', 38);
INSERT INTO City (cityID, cityName, stateID)
Values (5887, 'Gratz', 38);
INSERT INTO City (cityID, cityName, stateID)
Values (5888, 'Gray', 38);
INSERT INTO City (cityID, cityName, stateID)
Values (5889, 'Graysville', 38);
INSERT INTO City (cityID, cityName, stateID)
Values (5890, 'Great Bend', 38);
INSERT INTO City (cityID, cityName, stateID)
Values (5891, 'Greeley', 38);
INSERT INTO City (cityID, cityName, stateID)
Values (5892, 'Green Lane', 38);
INSERT INTO City (cityID, cityName, stateID)
Values (5893, 'Greencastle', 38);
INSERT INTO City (cityID, cityName, stateID)
Values (5894, 'Greenock', 38);
INSERT INTO City (cityID, cityName, stateID)
Values (5895, 'Greensboro', 38);
INSERT INTO City (cityID, cityName, stateID)
Values (5896, 'Greensburg', 38);
INSERT INTO City (cityID, cityName, stateID)
Values (5897, 'Greentown', 38);
INSERT INTO City (cityID, cityName, stateID)
Values (5898, 'Greenville', 38);
INSERT INTO City (cityID, cityName, stateID)
Values (5899, 'Grindstone', 38);
INSERT INTO City (cityID, cityName, stateID)
Values (5900, 'Grove City', 38);
INSERT INTO City (cityID, cityName, stateID)
Values (5901, 'Grover', 38);
INSERT INTO City (cityID, cityName, stateID)
Values (5902, 'Guys Mills', 38);
INSERT INTO City (cityID, cityName, stateID)
Values (5903, 'Gwynedd', 38);
INSERT INTO City (cityID, cityName, stateID)
Values (5904, 'Gwynedd Valley', 38);
INSERT INTO City (cityID, cityName, stateID)
Values (5905, 'Hadley', 38);
INSERT INTO City (cityID, cityName, stateID)
Values (5906, 'Halifax', 38);
INSERT INTO City (cityID, cityName, stateID)
Values (5907, 'Hallstead', 38);
INSERT INTO City (cityID, cityName, stateID)
Values (5908, 'Hamburg', 38);
INSERT INTO City (cityID, cityName, stateID)
Values (5909, 'Hamilton', 38);
INSERT INTO City (cityID, cityName, stateID)
Values (5910, 'Hamlin', 38);
INSERT INTO City (cityID, cityName, stateID)
Values (5911, 'Hannastown', 38);
INSERT INTO City (cityID, cityName, stateID)
Values (5912, 'Hanover', 38);
INSERT INTO City (cityID, cityName, stateID)
Values (5913, 'Harborcreek', 38);
INSERT INTO City (cityID, cityName, stateID)
Values (5914, 'Harford', 38);
INSERT INTO City (cityID, cityName, stateID)
Values (5915, 'Harleigh', 38);
INSERT INTO City (cityID, cityName, stateID)
Values (5916, 'Harleysville', 38);
INSERT INTO City (cityID, cityName, stateID)
Values (5917, 'Harmonsburg', 38);
INSERT INTO City (cityID, cityName, stateID)
Values (5918, 'Harmony', 38);
INSERT INTO City (cityID, cityName, stateID)
Values (5919, 'Harrisburg', 38);
INSERT INTO City (cityID, cityName, stateID)
Values (5920, 'Harrison City', 38);
INSERT INTO City (cityID, cityName, stateID)
Values (5921, 'Harrison Valley', 38);
INSERT INTO City (cityID, cityName, stateID)
Values (5922, 'Harrisonville', 38);
INSERT INTO City (cityID, cityName, stateID)
Values (5923, 'Harrisville', 38);
INSERT INTO City (cityID, cityName, stateID)
Values (5924, 'Hartleton', 38);
INSERT INTO City (cityID, cityName, stateID)
Values (5925, 'Hartstown', 38);
INSERT INTO City (cityID, cityName, stateID)
Values (5926, 'Harveys Lake', 38);
INSERT INTO City (cityID, cityName, stateID)
Values (5927, 'Harwick', 38);
INSERT INTO City (cityID, cityName, stateID)
Values (5928, 'Hastings', 38);
INSERT INTO City (cityID, cityName, stateID)
Values (5929, 'Hatboro', 38);
INSERT INTO City (cityID, cityName, stateID)
Values (5930, 'Hatfield', 38);
INSERT INTO City (cityID, cityName, stateID)
Values (5931, 'Haverford', 38);
INSERT INTO City (cityID, cityName, stateID)
Values (5932, 'Havertown', 38);
INSERT INTO City (cityID, cityName, stateID)
Values (5933, 'Hawk Run', 38);
INSERT INTO City (cityID, cityName, stateID)
Values (5934, 'Hawley', 38);
INSERT INTO City (cityID, cityName, stateID)
Values (5935, 'Hawthorn', 38);
INSERT INTO City (cityID, cityName, stateID)
Values (5936, 'Hazel Hurst', 38);
INSERT INTO City (cityID, cityName, stateID)
Values (5937, 'Hazleton', 38);
INSERT INTO City (cityID, cityName, stateID)
Values (5938, 'Hegins', 38);
INSERT INTO City (cityID, cityName, stateID)
Values (5939, 'Heilwood', 38);
INSERT INTO City (cityID, cityName, stateID)
Values (5940, 'Hellertown', 38);
INSERT INTO City (cityID, cityName, stateID)
Values (5941, 'Hendersonville', 38);
INSERT INTO City (cityID, cityName, stateID)
Values (5942, 'Henryville', 38);
INSERT INTO City (cityID, cityName, stateID)
Values (5943, 'Hereford', 38);
INSERT INTO City (cityID, cityName, stateID)
Values (5944, 'Herman', 38);
INSERT INTO City (cityID, cityName, stateID)
Values (5945, 'Herminie', 38);
INSERT INTO City (cityID, cityName, stateID)
Values (5946, 'Hermitage', 38);
INSERT INTO City (cityID, cityName, stateID)
Values (5947, 'Herndon', 38);
INSERT INTO City (cityID, cityName, stateID)
Values (5948, 'Herrick Center', 38);
INSERT INTO City (cityID, cityName, stateID)
Values (5949, 'Hershey', 38);
INSERT INTO City (cityID, cityName, stateID)
Values (5950, 'Hesston', 38);
INSERT INTO City (cityID, cityName, stateID)
Values (5951, 'Hibbs', 38);
INSERT INTO City (cityID, cityName, stateID)
Values (5952, 'Hickory', 38);
INSERT INTO City (cityID, cityName, stateID)
Values (5953, 'Hidden Valley', 38);
INSERT INTO City (cityID, cityName, stateID)
Values (5954, 'Highspire', 38);
INSERT INTO City (cityID, cityName, stateID)
Values (5955, 'Hiller', 38);
INSERT INTO City (cityID, cityName, stateID)
Values (5956, 'Hilliards', 38);
INSERT INTO City (cityID, cityName, stateID)
Values (5957, 'Hillsdale', 38);
INSERT INTO City (cityID, cityName, stateID)
Values (5958, 'Hillsgrove', 38);
INSERT INTO City (cityID, cityName, stateID)
Values (5959, 'Hillsville', 38);
INSERT INTO City (cityID, cityName, stateID)
Values (5960, 'Hilltown', 38);
INSERT INTO City (cityID, cityName, stateID)
Values (5961, 'Holbrook', 38);
INSERT INTO City (cityID, cityName, stateID)
Values (5962, 'Holicong', 38);
INSERT INTO City (cityID, cityName, stateID)
Values (5963, 'Hollidaysburg', 38);
INSERT INTO City (cityID, cityName, stateID)
Values (5964, 'Hollsopple', 38);
INSERT INTO City (cityID, cityName, stateID)
Values (5965, 'Holmes', 38);
INSERT INTO City (cityID, cityName, stateID)
Values (5966, 'Holtwood', 38);
INSERT INTO City (cityID, cityName, stateID)
Values (5967, 'Home', 38);
INSERT INTO City (cityID, cityName, stateID)
Values (5968, 'Homer City', 38);
INSERT INTO City (cityID, cityName, stateID)
Values (5969, 'Homestead', 38);
INSERT INTO City (cityID, cityName, stateID)
Values (5970, 'Honesdale', 38);
INSERT INTO City (cityID, cityName, stateID)
Values (5971, 'Honey Brook', 38);
INSERT INTO City (cityID, cityName, stateID)
Values (5972, 'Honey Grove', 38);
INSERT INTO City (cityID, cityName, stateID)
Values (5973, 'Hookstown', 38);
INSERT INTO City (cityID, cityName, stateID)
Values (5974, 'Hooversville', 38);
INSERT INTO City (cityID, cityName, stateID)
Values (5975, 'Hop Bottom', 38);
INSERT INTO City (cityID, cityName, stateID)
Values (5976, 'Hopeland', 38);
INSERT INTO City (cityID, cityName, stateID)
Values (5977, 'Hopewell', 38);
INSERT INTO City (cityID, cityName, stateID)
Values (5978, 'Hopwood', 38);
INSERT INTO City (cityID, cityName, stateID)
Values (5979, 'Horsham', 38);
INSERT INTO City (cityID, cityName, stateID)
Values (5980, 'Hostetter', 38);
INSERT INTO City (cityID, cityName, stateID)
Values (5981, 'Houston', 38);
INSERT INTO City (cityID, cityName, stateID)
Values (5982, 'Houtzdale', 38);
INSERT INTO City (cityID, cityName, stateID)
Values (5983, 'Howard', 38);
INSERT INTO City (cityID, cityName, stateID)
Values (5984, 'Hughesville', 38);
INSERT INTO City (cityID, cityName, stateID)
Values (5985, 'Hummels Wharf', 38);
INSERT INTO City (cityID, cityName, stateID)
Values (5986, 'Hummelstown', 38);
INSERT INTO City (cityID, cityName, stateID)
Values (5987, 'Hunker', 38);
INSERT INTO City (cityID, cityName, stateID)
Values (5988, 'Hunlock Creek', 38);
INSERT INTO City (cityID, cityName, stateID)
Values (5989, 'Huntingdon', 38);
INSERT INTO City (cityID, cityName, stateID)
Values (5990, 'Huntingdon Valley', 38);
INSERT INTO City (cityID, cityName, stateID)
Values (5991, 'Huntington Mills', 38);
INSERT INTO City (cityID, cityName, stateID)
Values (5992, 'Hustontown', 38);
INSERT INTO City (cityID, cityName, stateID)
Values (5993, 'Hutchinson', 38);
INSERT INTO City (cityID, cityName, stateID)
Values (5994, 'Hyde', 38);
INSERT INTO City (cityID, cityName, stateID)
Values (5995, 'Hyde Park', 38);
INSERT INTO City (cityID, cityName, stateID)
Values (5996, 'Hydetown', 38);
INSERT INTO City (cityID, cityName, stateID)
Values (5997, 'Hyndman', 38);
INSERT INTO City (cityID, cityName, stateID)
Values (5998, 'Hyner', 38);
INSERT INTO City (cityID, cityName, stateID)
Values (5999, 'Ickesburg', 38);
INSERT INTO City (cityID, cityName, stateID)
Values (6000, 'Idaville', 38);
INSERT INTO City (cityID, cityName, stateID)
Values (6001, 'Imler', 38);
INSERT INTO City (cityID, cityName, stateID)
Values (6002, 'Immaculata', 38);
INSERT INTO City (cityID, cityName, stateID)
Values (6003, 'Imperial', 38);
INSERT INTO City (cityID, cityName, stateID)
Values (6004, 'Indian Head', 38);
INSERT INTO City (cityID, cityName, stateID)
Values (6005, 'Indiana', 38);
INSERT INTO City (cityID, cityName, stateID)
Values (6006, 'Indianola', 38);
INSERT INTO City (cityID, cityName, stateID)
Values (6007, 'Industry', 38);
INSERT INTO City (cityID, cityName, stateID)
Values (6008, 'Ingomar', 38);
INSERT INTO City (cityID, cityName, stateID)
Values (6009, 'Intercourse', 38);
INSERT INTO City (cityID, cityName, stateID)
Values (6010, 'Irvine', 38);
INSERT INTO City (cityID, cityName, stateID)
Values (6011, 'Irvona', 38);
INSERT INTO City (cityID, cityName, stateID)
Values (6012, 'Irwin', 38);
INSERT INTO City (cityID, cityName, stateID)
Values (6013, 'Isabella', 38);
INSERT INTO City (cityID, cityName, stateID)
Values (6014, 'Jackson', 38);
INSERT INTO City (cityID, cityName, stateID)
Values (6015, 'Jackson Center', 38);
INSERT INTO City (cityID, cityName, stateID)
Values (6016, 'Jacobs Creek', 38);
INSERT INTO City (cityID, cityName, stateID)
Values (6017, 'James City', 38);
INSERT INTO City (cityID, cityName, stateID)
Values (6018, 'James Creek', 38);
INSERT INTO City (cityID, cityName, stateID)
Values (6019, 'Jamestown', 38);
INSERT INTO City (cityID, cityName, stateID)
Values (6020, 'Jamison', 38);
INSERT INTO City (cityID, cityName, stateID)
Values (6021, 'Jeannette', 38);
INSERT INTO City (cityID, cityName, stateID)
Values (6022, 'Jefferson', 38);
INSERT INTO City (cityID, cityName, stateID)
Values (6023, 'Jenkintown', 38);
INSERT INTO City (cityID, cityName, stateID)
Values (6024, 'Jenners', 38);
INSERT INTO City (cityID, cityName, stateID)
Values (6025, 'Jennerstown', 38);
INSERT INTO City (cityID, cityName, stateID)
Values (6026, 'Jermyn', 38);
INSERT INTO City (cityID, cityName, stateID)
Values (6027, 'Jerome', 38);
INSERT INTO City (cityID, cityName, stateID)
Values (6028, 'Jersey Mills', 38);
INSERT INTO City (cityID, cityName, stateID)
Values (6029, 'Jersey Shore', 38);
INSERT INTO City (cityID, cityName, stateID)
Values (6030, 'Jessup', 38);
INSERT INTO City (cityID, cityName, stateID)
Values (6031, 'Jim Thorpe', 38);
INSERT INTO City (cityID, cityName, stateID)
Values (6032, 'Joffre', 38);
INSERT INTO City (cityID, cityName, stateID)
Values (6033, 'Johnsonburg', 38);
INSERT INTO City (cityID, cityName, stateID)
Values (6034, 'Johnstown', 38);
INSERT INTO City (cityID, cityName, stateID)
Values (6035, 'Jones Mills', 38);
INSERT INTO City (cityID, cityName, stateID)
Values (6036, 'Jonestown', 38);
INSERT INTO City (cityID, cityName, stateID)
Values (6037, 'Josephine', 38);
INSERT INTO City (cityID, cityName, stateID)
Values (6038, 'Julian', 38);
INSERT INTO City (cityID, cityName, stateID)
Values (6039, 'Junedale', 38);
INSERT INTO City (cityID, cityName, stateID)
Values (6040, 'Kane', 38);
INSERT INTO City (cityID, cityName, stateID)
Values (6041, 'Kantner', 38);
INSERT INTO City (cityID, cityName, stateID)
Values (6042, 'Karns City', 38);
INSERT INTO City (cityID, cityName, stateID)
Values (6043, 'Karthaus', 38);
INSERT INTO City (cityID, cityName, stateID)
Values (6044, 'Keisterville', 38);
INSERT INTO City (cityID, cityName, stateID)
Values (6045, 'Kelayres', 38);
INSERT INTO City (cityID, cityName, stateID)
Values (6046, 'Kelton', 38);
INSERT INTO City (cityID, cityName, stateID)
Values (6047, 'Kemblesville', 38);
INSERT INTO City (cityID, cityName, stateID)
Values (6048, 'Kempton', 38);
INSERT INTO City (cityID, cityName, stateID)
Values (6049, 'Kennerdell', 38);
INSERT INTO City (cityID, cityName, stateID)
Values (6050, 'Kennett Square', 38);
INSERT INTO City (cityID, cityName, stateID)
Values (6051, 'Kent', 38);
INSERT INTO City (cityID, cityName, stateID)
Values (6052, 'Kersey', 38);
INSERT INTO City (cityID, cityName, stateID)
Values (6053, 'Kimberton', 38);
INSERT INTO City (cityID, cityName, stateID)
Values (6054, 'King Of Prussia', 38);
INSERT INTO City (cityID, cityName, stateID)
Values (6055, 'Kingsley', 38);
INSERT INTO City (cityID, cityName, stateID)
Values (6056, 'Kingston', 38);
INSERT INTO City (cityID, cityName, stateID)
Values (6057, 'Kintnersville', 38);
INSERT INTO City (cityID, cityName, stateID)
Values (6058, 'Kinzers', 38);
INSERT INTO City (cityID, cityName, stateID)
Values (6059, 'Kirkwood', 38);
INSERT INTO City (cityID, cityName, stateID)
Values (6060, 'Kittanning', 38);
INSERT INTO City (cityID, cityName, stateID)
Values (6061, 'Kleinfeltersville', 38);
INSERT INTO City (cityID, cityName, stateID)
Values (6062, 'Klingerstown', 38);
INSERT INTO City (cityID, cityName, stateID)
Values (6063, 'Knox', 38);
INSERT INTO City (cityID, cityName, stateID)
Values (6064, 'Knox Dale', 38);
INSERT INTO City (cityID, cityName, stateID)
Values (6065, 'Knoxville', 38);
INSERT INTO City (cityID, cityName, stateID)
Values (6066, 'Koppel', 38);
INSERT INTO City (cityID, cityName, stateID)
Values (6067, 'Kossuth', 38);
INSERT INTO City (cityID, cityName, stateID)
Values (6068, 'Kreamer', 38);
INSERT INTO City (cityID, cityName, stateID)
Values (6069, 'Kresgeville', 38);
INSERT INTO City (cityID, cityName, stateID)
Values (6070, 'Kulpmont', 38);
INSERT INTO City (cityID, cityName, stateID)
Values (6071, 'Kulpsville', 38);
INSERT INTO City (cityID, cityName, stateID)
Values (6072, 'Kunkletown', 38);
INSERT INTO City (cityID, cityName, stateID)
Values (6073, 'Kutztown', 38);
INSERT INTO City (cityID, cityName, stateID)
Values (6074, 'Kylertown', 38);
INSERT INTO City (cityID, cityName, stateID)
Values (6075, 'La Belle', 38);
INSERT INTO City (cityID, cityName, stateID)
Values (6076, 'La Jose', 38);
INSERT INTO City (cityID, cityName, stateID)
Values (6077, 'La Plume', 38);
INSERT INTO City (cityID, cityName, stateID)
Values (6078, 'Laceyville', 38);
INSERT INTO City (cityID, cityName, stateID)
Values (6079, 'Lackawaxen', 38);
INSERT INTO City (cityID, cityName, stateID)
Values (6080, 'Lafayette Hill', 38);
INSERT INTO City (cityID, cityName, stateID)
Values (6081, 'Lahaska', 38);
INSERT INTO City (cityID, cityName, stateID)
Values (6082, 'Lairdsville', 38);
INSERT INTO City (cityID, cityName, stateID)
Values (6083, 'Lake Ariel', 38);
INSERT INTO City (cityID, cityName, stateID)
Values (6084, 'Lake City', 38);
INSERT INTO City (cityID, cityName, stateID)
Values (6085, 'Lake Como', 38);
INSERT INTO City (cityID, cityName, stateID)
Values (6086, 'Lake Harmony', 38);
INSERT INTO City (cityID, cityName, stateID)
Values (6087, 'Lake Lynn', 38);
INSERT INTO City (cityID, cityName, stateID)
Values (6088, 'Lake Winola', 38);
INSERT INTO City (cityID, cityName, stateID)
Values (6089, 'Lakeville', 38);
INSERT INTO City (cityID, cityName, stateID)
Values (6090, 'Lakewood', 38);
INSERT INTO City (cityID, cityName, stateID)
Values (6091, 'Lamar', 38);
INSERT INTO City (cityID, cityName, stateID)
Values (6092, 'Lamartine', 38);
INSERT INTO City (cityID, cityName, stateID)
Values (6093, 'Lampeter', 38);
INSERT INTO City (cityID, cityName, stateID)
Values (6094, 'Lancaster', 38);
INSERT INTO City (cityID, cityName, stateID)
Values (6095, 'Landenberg', 38);
INSERT INTO City (cityID, cityName, stateID)
Values (6096, 'Landingville', 38);
INSERT INTO City (cityID, cityName, stateID)
Values (6097, 'Landisburg', 38);
INSERT INTO City (cityID, cityName, stateID)
Values (6098, 'Landisville', 38);
INSERT INTO City (cityID, cityName, stateID)
Values (6099, 'Lanesboro', 38);
INSERT INTO City (cityID, cityName, stateID)
Values (6100, 'Langeloth', 38);
INSERT INTO City (cityID, cityName, stateID)
Values (6101, 'Langhorne', 38);
INSERT INTO City (cityID, cityName, stateID)
Values (6102, 'Lansdale', 38);
INSERT INTO City (cityID, cityName, stateID)
Values (6103, 'Lansdowne', 38);
INSERT INTO City (cityID, cityName, stateID)
Values (6104, 'Lanse', 38);
INSERT INTO City (cityID, cityName, stateID)
Values (6105, 'Lansford', 38);
INSERT INTO City (cityID, cityName, stateID)
Values (6106, 'Laporte', 38);
INSERT INTO City (cityID, cityName, stateID)
Values (6107, 'Larimer', 38);
INSERT INTO City (cityID, cityName, stateID)
Values (6108, 'Latrobe', 38);
INSERT INTO City (cityID, cityName, stateID)
Values (6109, 'Lattimer Mines', 38);
INSERT INTO City (cityID, cityName, stateID)
Values (6110, 'Laughlintown', 38);
INSERT INTO City (cityID, cityName, stateID)
Values (6111, 'Laurelton', 38);
INSERT INTO City (cityID, cityName, stateID)
Values (6112, 'Laurys Station', 38);
INSERT INTO City (cityID, cityName, stateID)
Values (6113, 'Lavelle', 38);
INSERT INTO City (cityID, cityName, stateID)
Values (6114, 'Lawn', 38);
INSERT INTO City (cityID, cityName, stateID)
Values (6115, 'Lawrence', 38);
INSERT INTO City (cityID, cityName, stateID)
Values (6116, 'Lawrenceville', 38);
INSERT INTO City (cityID, cityName, stateID)
Values (6117, 'Lawton', 38);
INSERT INTO City (cityID, cityName, stateID)
Values (6118, 'Le Raysville', 38);
INSERT INTO City (cityID, cityName, stateID)
Values (6119, 'Lebanon', 38);
INSERT INTO City (cityID, cityName, stateID)
Values (6120, 'Leck Kill', 38);
INSERT INTO City (cityID, cityName, stateID)
Values (6121, 'Leckrone', 38);
INSERT INTO City (cityID, cityName, stateID)
Values (6122, 'Lecontes Mills', 38);
INSERT INTO City (cityID, cityName, stateID)
Values (6123, 'Lederach', 38);
INSERT INTO City (cityID, cityName, stateID)
Values (6124, 'Leechburg', 38);
INSERT INTO City (cityID, cityName, stateID)
Values (6125, 'Leeper', 38);
INSERT INTO City (cityID, cityName, stateID)
Values (6126, 'Leesport', 38);
INSERT INTO City (cityID, cityName, stateID)
Values (6127, 'Leetsdale', 38);
INSERT INTO City (cityID, cityName, stateID)
Values (6128, 'Lehigh Valley', 38);
INSERT INTO City (cityID, cityName, stateID)
Values (6129, 'Lehighton', 38);
INSERT INTO City (cityID, cityName, stateID)
Values (6130, 'Lehman', 38);
INSERT INTO City (cityID, cityName, stateID)
Values (6131, 'Leisenring', 38);
INSERT INTO City (cityID, cityName, stateID)
Values (6132, 'Lemasters', 38);
INSERT INTO City (cityID, cityName, stateID)
Values (6133, 'Lemont', 38);
INSERT INTO City (cityID, cityName, stateID)
Values (6134, 'Lemont Furnace', 38);
INSERT INTO City (cityID, cityName, stateID)
Values (6135, 'Lemoyne', 38);
INSERT INTO City (cityID, cityName, stateID)
Values (6136, 'Lenhartsville', 38);
INSERT INTO City (cityID, cityName, stateID)
Values (6137, 'Lenni', 38);
INSERT INTO City (cityID, cityName, stateID)
Values (6138, 'Lenoxville', 38);
INSERT INTO City (cityID, cityName, stateID)
Values (6139, 'Leola', 38);
INSERT INTO City (cityID, cityName, stateID)
Values (6140, 'Levittown', 38);
INSERT INTO City (cityID, cityName, stateID)
Values (6141, 'Lewis Run', 38);
INSERT INTO City (cityID, cityName, stateID)
Values (6142, 'Lewisberry', 38);
INSERT INTO City (cityID, cityName, stateID)
Values (6143, 'Lewisburg', 38);
INSERT INTO City (cityID, cityName, stateID)
Values (6144, 'Lewistown', 38);
INSERT INTO City (cityID, cityName, stateID)
Values (6145, 'Lewisville', 38);
INSERT INTO City (cityID, cityName, stateID)
Values (6146, 'Liberty', 38);
INSERT INTO City (cityID, cityName, stateID)
Values (6147, 'Lickingville', 38);
INSERT INTO City (cityID, cityName, stateID)
Values (6148, 'Lightstreet', 38);
INSERT INTO City (cityID, cityName, stateID)
Values (6149, 'Ligonier', 38);
INSERT INTO City (cityID, cityName, stateID)
Values (6150, 'Lilly', 38);
INSERT INTO City (cityID, cityName, stateID)
Values (6151, 'Limekiln', 38);
INSERT INTO City (cityID, cityName, stateID)
Values (6152, 'Limeport', 38);
INSERT INTO City (cityID, cityName, stateID)
Values (6153, 'Limestone', 38);
INSERT INTO City (cityID, cityName, stateID)
Values (6154, 'Lincoln University', 38);
INSERT INTO City (cityID, cityName, stateID)
Values (6155, 'Linden', 38);
INSERT INTO City (cityID, cityName, stateID)
Values (6156, 'Line Lexington', 38);
INSERT INTO City (cityID, cityName, stateID)
Values (6157, 'Linesville', 38);
INSERT INTO City (cityID, cityName, stateID)
Values (6158, 'Lionville', 38);
INSERT INTO City (cityID, cityName, stateID)
Values (6159, 'Listie', 38);
INSERT INTO City (cityID, cityName, stateID)
Values (6160, 'Lititz', 38);
INSERT INTO City (cityID, cityName, stateID)
Values (6161, 'Little Meadows', 38);
INSERT INTO City (cityID, cityName, stateID)
Values (6162, 'Littlestown', 38);
INSERT INTO City (cityID, cityName, stateID)
Values (6163, 'Liverpool', 38);
INSERT INTO City (cityID, cityName, stateID)
Values (6164, 'Llewellyn', 38);
INSERT INTO City (cityID, cityName, stateID)
Values (6165, 'Lock Haven', 38);
INSERT INTO City (cityID, cityName, stateID)
Values (6166, 'Locust Gap', 38);
INSERT INTO City (cityID, cityName, stateID)
Values (6167, 'Locustdale', 38);
INSERT INTO City (cityID, cityName, stateID)
Values (6168, 'Loganton', 38);
INSERT INTO City (cityID, cityName, stateID)
Values (6169, 'Loganville', 38);
INSERT INTO City (cityID, cityName, stateID)
Values (6170, 'Long Pond', 38);
INSERT INTO City (cityID, cityName, stateID)
Values (6171, 'Lopez', 38);
INSERT INTO City (cityID, cityName, stateID)
Values (6172, 'Loretto', 38);
INSERT INTO City (cityID, cityName, stateID)
Values (6173, 'Lost Creek', 38);
INSERT INTO City (cityID, cityName, stateID)
Values (6174, 'Lowber', 38);
INSERT INTO City (cityID, cityName, stateID)
Values (6175, 'Loyalhanna', 38);
INSERT INTO City (cityID, cityName, stateID)
Values (6176, 'Loysburg', 38);
INSERT INTO City (cityID, cityName, stateID)
Values (6177, 'Loysville', 38);
INSERT INTO City (cityID, cityName, stateID)
Values (6178, 'Lucernemines', 38);
INSERT INTO City (cityID, cityName, stateID)
Values (6179, 'Lucinda', 38);
INSERT INTO City (cityID, cityName, stateID)
Values (6180, 'Ludlow', 38);
INSERT INTO City (cityID, cityName, stateID)
Values (6181, 'Lumberville', 38);
INSERT INTO City (cityID, cityName, stateID)
Values (6182, 'Lurgan', 38);
INSERT INTO City (cityID, cityName, stateID)
Values (6183, 'Luthersburg', 38);
INSERT INTO City (cityID, cityName, stateID)
Values (6184, 'Luxor', 38);
INSERT INTO City (cityID, cityName, stateID)
Values (6185, 'Luzerne', 38);
INSERT INTO City (cityID, cityName, stateID)
Values (6186, 'Lykens', 38);
INSERT INTO City (cityID, cityName, stateID)
Values (6187, 'Lyndell', 38);
INSERT INTO City (cityID, cityName, stateID)
Values (6188, 'Lyndora', 38);
INSERT INTO City (cityID, cityName, stateID)
Values (6189, 'Lyon Station', 38);
INSERT INTO City (cityID, cityName, stateID)
Values (6190, 'Mackeyville', 38);
INSERT INTO City (cityID, cityName, stateID)
Values (6191, 'Macungie', 38);
INSERT INTO City (cityID, cityName, stateID)
Values (6192, 'Madera', 38);
INSERT INTO City (cityID, cityName, stateID)
Values (6193, 'Madison', 38);
INSERT INTO City (cityID, cityName, stateID)
Values (6194, 'Madisonburg', 38);
INSERT INTO City (cityID, cityName, stateID)
Values (6195, 'Mahanoy City', 38);
INSERT INTO City (cityID, cityName, stateID)
Values (6196, 'Mahanoy Plane', 38);
INSERT INTO City (cityID, cityName, stateID)
Values (6197, 'Mainesburg', 38);
INSERT INTO City (cityID, cityName, stateID)
Values (6198, 'Mainland', 38);
INSERT INTO City (cityID, cityName, stateID)
Values (6199, 'Malvern', 38);
INSERT INTO City (cityID, cityName, stateID)
Values (6200, 'Mammoth', 38);
INSERT INTO City (cityID, cityName, stateID)
Values (6201, 'Manchester', 38);
INSERT INTO City (cityID, cityName, stateID)
Values (6202, 'Manheim', 38);
INSERT INTO City (cityID, cityName, stateID)
Values (6203, 'Manns Choice', 38);
INSERT INTO City (cityID, cityName, stateID)
Values (6204, 'Manor', 38);
INSERT INTO City (cityID, cityName, stateID)
Values (6205, 'Manorville', 38);
INSERT INTO City (cityID, cityName, stateID)
Values (6206, 'Mansfield', 38);
INSERT INTO City (cityID, cityName, stateID)
Values (6207, 'Mapleton Depot', 38);
INSERT INTO City (cityID, cityName, stateID)
Values (6208, 'Mar Lin', 38);
INSERT INTO City (cityID, cityName, stateID)
Values (6209, 'Marble', 38);
INSERT INTO City (cityID, cityName, stateID)
Values (6210, 'Marchand', 38);
INSERT INTO City (cityID, cityName, stateID)
Values (6211, 'Marcus Hook', 38);
INSERT INTO City (cityID, cityName, stateID)
Values (6212, 'Marianna', 38);
INSERT INTO City (cityID, cityName, stateID)
Values (6213, 'Marienville', 38);
INSERT INTO City (cityID, cityName, stateID)
Values (6214, 'Marietta', 38);
INSERT INTO City (cityID, cityName, stateID)
Values (6215, 'Marion', 38);
INSERT INTO City (cityID, cityName, stateID)
Values (6216, 'Marion Center', 38);
INSERT INTO City (cityID, cityName, stateID)
Values (6217, 'Marion Heights', 38);
INSERT INTO City (cityID, cityName, stateID)
Values (6218, 'Markleton', 38);
INSERT INTO City (cityID, cityName, stateID)
Values (6219, 'Markleysburg', 38);
INSERT INTO City (cityID, cityName, stateID)
Values (6220, 'Mars', 38);
INSERT INTO City (cityID, cityName, stateID)
Values (6221, 'Marshalls Creek', 38);
INSERT INTO City (cityID, cityName, stateID)
Values (6222, 'Marsteller', 38);
INSERT INTO City (cityID, cityName, stateID)
Values (6223, 'Martin', 38);
INSERT INTO City (cityID, cityName, stateID)
Values (6224, 'Martindale', 38);
INSERT INTO City (cityID, cityName, stateID)
Values (6225, 'Martins Creek', 38);
INSERT INTO City (cityID, cityName, stateID)
Values (6226, 'Martinsburg', 38);
INSERT INTO City (cityID, cityName, stateID)
Values (6227, 'Mary D', 38);
INSERT INTO City (cityID, cityName, stateID)
Values (6228, 'Marysville', 38);
INSERT INTO City (cityID, cityName, stateID)
Values (6229, 'Masontown', 38);
INSERT INTO City (cityID, cityName, stateID)
Values (6230, 'Matamoras', 38);
INSERT INTO City (cityID, cityName, stateID)
Values (6231, 'Mather', 38);
INSERT INTO City (cityID, cityName, stateID)
Values (6232, 'Mattawana', 38);
INSERT INTO City (cityID, cityName, stateID)
Values (6233, 'Maxatawny', 38);
INSERT INTO City (cityID, cityName, stateID)
Values (6234, 'Mayport', 38);
INSERT INTO City (cityID, cityName, stateID)
Values (6235, 'Maytown', 38);
INSERT INTO City (cityID, cityName, stateID)
Values (6236, 'Mc Alisterville', 38);
INSERT INTO City (cityID, cityName, stateID)
Values (6237, 'Mc Clellandtown', 38);
INSERT INTO City (cityID, cityName, stateID)
Values (6238, 'Mc Clure', 38);
INSERT INTO City (cityID, cityName, stateID)
Values (6239, 'Mc Connellsburg', 38);
INSERT INTO City (cityID, cityName, stateID)
Values (6240, 'Mc Connellstown', 38);
INSERT INTO City (cityID, cityName, stateID)
Values (6241, 'Mc Donald', 38);
INSERT INTO City (cityID, cityName, stateID)
Values (6242, 'Mc Elhattan', 38);
INSERT INTO City (cityID, cityName, stateID)
Values (6243, 'Mc Ewensville', 38);
INSERT INTO City (cityID, cityName, stateID)
Values (6244, 'Mc Grann', 38);
INSERT INTO City (cityID, cityName, stateID)
Values (6245, 'Mc Intyre', 38);
INSERT INTO City (cityID, cityName, stateID)
Values (6246, 'Mc Kean', 38);
INSERT INTO City (cityID, cityName, stateID)
Values (6247, 'Mc Kees Rocks', 38);
INSERT INTO City (cityID, cityName, stateID)
Values (6248, 'Mc Knightstown', 38);
INSERT INTO City (cityID, cityName, stateID)
Values (6249, 'Mc Sherrystown', 38);
INSERT INTO City (cityID, cityName, stateID)
Values (6250, 'Mc Veytown', 38);
INSERT INTO City (cityID, cityName, stateID)
Values (6251, 'Mcadoo', 38);
INSERT INTO City (cityID, cityName, stateID)
Values (6252, 'Mcgees Mills', 38);
INSERT INTO City (cityID, cityName, stateID)
Values (6253, 'Mckeesport', 38);
INSERT INTO City (cityID, cityName, stateID)
Values (6254, 'Meadow Lands', 38);
INSERT INTO City (cityID, cityName, stateID)
Values (6255, 'Meadville', 38);
INSERT INTO City (cityID, cityName, stateID)
Values (6256, 'Mechanicsburg', 38);
INSERT INTO City (cityID, cityName, stateID)
Values (6257, 'Mechanicsville', 38);
INSERT INTO City (cityID, cityName, stateID)
Values (6258, 'Media', 38);
INSERT INTO City (cityID, cityName, stateID)
Values (6259, 'Mehoopany', 38);
INSERT INTO City (cityID, cityName, stateID)
Values (6260, 'Melcroft', 38);
INSERT INTO City (cityID, cityName, stateID)
Values (6261, 'Mendenhall', 38);
INSERT INTO City (cityID, cityName, stateID)
Values (6262, 'Mentcle', 38);
INSERT INTO City (cityID, cityName, stateID)
Values (6263, 'Mercer', 38);
INSERT INTO City (cityID, cityName, stateID)
Values (6264, 'Mercersburg', 38);
INSERT INTO City (cityID, cityName, stateID)
Values (6265, 'Merion Station', 38);
INSERT INTO City (cityID, cityName, stateID)
Values (6266, 'Merrittstown', 38);
INSERT INTO City (cityID, cityName, stateID)
Values (6267, 'Mertztown', 38);
INSERT INTO City (cityID, cityName, stateID)
Values (6268, 'Meshoppen', 38);
INSERT INTO City (cityID, cityName, stateID)
Values (6269, 'Mexico', 38);
INSERT INTO City (cityID, cityName, stateID)
Values (6270, 'Meyersdale', 38);
INSERT INTO City (cityID, cityName, stateID)
Values (6271, 'Middleburg', 38);
INSERT INTO City (cityID, cityName, stateID)
Values (6272, 'Middlebury Center', 38);
INSERT INTO City (cityID, cityName, stateID)
Values (6273, 'Middleport', 38);
INSERT INTO City (cityID, cityName, stateID)
Values (6274, 'Middletown', 38);
INSERT INTO City (cityID, cityName, stateID)
Values (6275, 'Midland', 38);
INSERT INTO City (cityID, cityName, stateID)
Values (6276, 'Midway', 38);
INSERT INTO City (cityID, cityName, stateID)
Values (6277, 'Mifflin', 38);
INSERT INTO City (cityID, cityName, stateID)
Values (6278, 'Mifflinburg', 38);
INSERT INTO City (cityID, cityName, stateID)
Values (6279, 'Mifflintown', 38);
INSERT INTO City (cityID, cityName, stateID)
Values (6280, 'Mifflinville', 38);
INSERT INTO City (cityID, cityName, stateID)
Values (6281, 'Milan', 38);
INSERT INTO City (cityID, cityName, stateID)
Values (6282, 'Milanville', 38);
INSERT INTO City (cityID, cityName, stateID)
Values (6283, 'Mildred', 38);
INSERT INTO City (cityID, cityName, stateID)
Values (6284, 'Milesburg', 38);
INSERT INTO City (cityID, cityName, stateID)
Values (6285, 'Milford', 38);
INSERT INTO City (cityID, cityName, stateID)
Values (6286, 'Milford Square', 38);
INSERT INTO City (cityID, cityName, stateID)
Values (6287, 'Mill Creek', 38);
INSERT INTO City (cityID, cityName, stateID)
Values (6288, 'Mill Hall', 38);
INSERT INTO City (cityID, cityName, stateID)
Values (6289, 'Mill Run', 38);
INSERT INTO City (cityID, cityName, stateID)
Values (6290, 'Mill Village', 38);
INSERT INTO City (cityID, cityName, stateID)
Values (6291, 'Millersburg', 38);
INSERT INTO City (cityID, cityName, stateID)
Values (6292, 'Millerstown', 38);
INSERT INTO City (cityID, cityName, stateID)
Values (6293, 'Millersville', 38);
INSERT INTO City (cityID, cityName, stateID)
Values (6294, 'Millerton', 38);
INSERT INTO City (cityID, cityName, stateID)
Values (6295, 'Millheim', 38);
INSERT INTO City (cityID, cityName, stateID)
Values (6296, 'Millmont', 38);
INSERT INTO City (cityID, cityName, stateID)
Values (6297, 'Millrift', 38);
INSERT INTO City (cityID, cityName, stateID)
Values (6298, 'Mills', 38);
INSERT INTO City (cityID, cityName, stateID)
Values (6299, 'Millsboro', 38);
INSERT INTO City (cityID, cityName, stateID)
Values (6300, 'Millville', 38);
INSERT INTO City (cityID, cityName, stateID)
Values (6301, 'Milnesville', 38);
INSERT INTO City (cityID, cityName, stateID)
Values (6302, 'Milroy', 38);
INSERT INTO City (cityID, cityName, stateID)
Values (6303, 'Milton', 38);
INSERT INTO City (cityID, cityName, stateID)
Values (6304, 'Mineral Point', 38);
INSERT INTO City (cityID, cityName, stateID)
Values (6305, 'Mineral Springs', 38);
INSERT INTO City (cityID, cityName, stateID)
Values (6306, 'Minersville', 38);
INSERT INTO City (cityID, cityName, stateID)
Values (6307, 'Mingoville', 38);
INSERT INTO City (cityID, cityName, stateID)
Values (6308, 'Minisink Hills', 38);
INSERT INTO City (cityID, cityName, stateID)
Values (6309, 'Modena', 38);
INSERT INTO City (cityID, cityName, stateID)
Values (6310, 'Mohnton', 38);
INSERT INTO City (cityID, cityName, stateID)
Values (6311, 'Mohrsville', 38);
INSERT INTO City (cityID, cityName, stateID)
Values (6312, 'Monaca', 38);
INSERT INTO City (cityID, cityName, stateID)
Values (6313, 'Monessen', 38);
INSERT INTO City (cityID, cityName, stateID)
Values (6314, 'Monocacy Station', 38);
INSERT INTO City (cityID, cityName, stateID)
Values (6315, 'Monongahela', 38);
INSERT INTO City (cityID, cityName, stateID)
Values (6316, 'Monroeton', 38);
INSERT INTO City (cityID, cityName, stateID)
Values (6317, 'Monroeville', 38);
INSERT INTO City (cityID, cityName, stateID)
Values (6318, 'Mont Alto', 38);
INSERT INTO City (cityID, cityName, stateID)
Values (6319, 'Mont Clare', 38);
INSERT INTO City (cityID, cityName, stateID)
Values (6320, 'Montandon', 38);
INSERT INTO City (cityID, cityName, stateID)
Values (6321, 'Montgomery', 38);
INSERT INTO City (cityID, cityName, stateID)
Values (6322, 'Montgomeryville', 38);
INSERT INTO City (cityID, cityName, stateID)
Values (6323, 'Montoursville', 38);
INSERT INTO City (cityID, cityName, stateID)
Values (6324, 'Montrose', 38);
INSERT INTO City (cityID, cityName, stateID)
Values (6325, 'Moosic', 38);
INSERT INTO City (cityID, cityName, stateID)
Values (6326, 'Morann', 38);
INSERT INTO City (cityID, cityName, stateID)
Values (6327, 'Morgan', 38);
INSERT INTO City (cityID, cityName, stateID)
Values (6328, 'Morgantown', 38);
INSERT INTO City (cityID, cityName, stateID)
Values (6329, 'Morris', 38);
INSERT INTO City (cityID, cityName, stateID)
Values (6330, 'Morris Run', 38);
INSERT INTO City (cityID, cityName, stateID)
Values (6331, 'Morrisdale', 38);
INSERT INTO City (cityID, cityName, stateID)
Values (6332, 'Morrisville', 38);
INSERT INTO City (cityID, cityName, stateID)
Values (6333, 'Morton', 38);
INSERT INTO City (cityID, cityName, stateID)
Values (6334, 'Moscow', 38);
INSERT INTO City (cityID, cityName, stateID)
Values (6335, 'Moshannon', 38);
INSERT INTO City (cityID, cityName, stateID)
Values (6336, 'Mount Aetna', 38);
INSERT INTO City (cityID, cityName, stateID)
Values (6337, 'Mount Bethel', 38);
INSERT INTO City (cityID, cityName, stateID)
Values (6338, 'Mount Braddock', 38);
INSERT INTO City (cityID, cityName, stateID)
Values (6339, 'Mount Carmel', 38);
INSERT INTO City (cityID, cityName, stateID)
Values (6340, 'Mount Gretna', 38);
INSERT INTO City (cityID, cityName, stateID)
Values (6341, 'Mount Holly Springs', 38);
INSERT INTO City (cityID, cityName, stateID)
Values (6342, 'Mount Jewett', 38);
INSERT INTO City (cityID, cityName, stateID)
Values (6343, 'Mount Joy', 38);
INSERT INTO City (cityID, cityName, stateID)
Values (6344, 'Mount Morris', 38);
INSERT INTO City (cityID, cityName, stateID)
Values (6345, 'Mount Pleasant', 38);
INSERT INTO City (cityID, cityName, stateID)
Values (6346, 'Mount Pleasant Mills', 38);
INSERT INTO City (cityID, cityName, stateID)
Values (6347, 'Mount Pocono', 38);
INSERT INTO City (cityID, cityName, stateID)
Values (6348, 'Mount Union', 38);
INSERT INTO City (cityID, cityName, stateID)
Values (6349, 'Mount Wolf', 38);
INSERT INTO City (cityID, cityName, stateID)
Values (6350, 'Mountain Top', 38);
INSERT INTO City (cityID, cityName, stateID)
Values (6351, 'Mountainhome', 38);
INSERT INTO City (cityID, cityName, stateID)
Values (6352, 'Mountville', 38);
INSERT INTO City (cityID, cityName, stateID)
Values (6353, 'Muir', 38);
INSERT INTO City (cityID, cityName, stateID)
Values (6354, 'Muncy', 38);
INSERT INTO City (cityID, cityName, stateID)
Values (6355, 'Muncy Valley', 38);
INSERT INTO City (cityID, cityName, stateID)
Values (6356, 'Munson', 38);
INSERT INTO City (cityID, cityName, stateID)
Values (6357, 'Murrysville', 38);
INSERT INTO City (cityID, cityName, stateID)
Values (6358, 'Muse', 38);
INSERT INTO City (cityID, cityName, stateID)
Values (6359, 'Myerstown', 38);
INSERT INTO City (cityID, cityName, stateID)
Values (6360, 'Nanticoke', 38);
INSERT INTO City (cityID, cityName, stateID)
Values (6361, 'Nanty Glo', 38);
INSERT INTO City (cityID, cityName, stateID)
Values (6362, 'Narberth', 38);
INSERT INTO City (cityID, cityName, stateID)
Values (6363, 'Narvon', 38);
INSERT INTO City (cityID, cityName, stateID)
Values (6364, 'Natrona Heights', 38);
INSERT INTO City (cityID, cityName, stateID)
Values (6365, 'Nazareth', 38);
INSERT INTO City (cityID, cityName, stateID)
Values (6366, 'Needmore', 38);
INSERT INTO City (cityID, cityName, stateID)
Values (6367, 'Neelyton', 38);
INSERT INTO City (cityID, cityName, stateID)
Values (6368, 'Neffs', 38);
INSERT INTO City (cityID, cityName, stateID)
Values (6369, 'Nelson', 38);
INSERT INTO City (cityID, cityName, stateID)
Values (6370, 'Nemacolin', 38);
INSERT INTO City (cityID, cityName, stateID)
Values (6371, 'Nescopeck', 38);
INSERT INTO City (cityID, cityName, stateID)
Values (6372, 'Nesquehoning', 38);
INSERT INTO City (cityID, cityName, stateID)
Values (6373, 'New Albany', 38);
INSERT INTO City (cityID, cityName, stateID)
Values (6374, 'New Alexandria', 38);
INSERT INTO City (cityID, cityName, stateID)
Values (6375, 'New Baltimore', 38);
INSERT INTO City (cityID, cityName, stateID)
Values (6376, 'New Bedford', 38);
INSERT INTO City (cityID, cityName, stateID)
Values (6377, 'New Berlin', 38);
INSERT INTO City (cityID, cityName, stateID)
Values (6378, 'New Berlinville', 38);
INSERT INTO City (cityID, cityName, stateID)
Values (6379, 'New Bethlehem', 38);
INSERT INTO City (cityID, cityName, stateID)
Values (6380, 'New Bloomfield', 38);
INSERT INTO City (cityID, cityName, stateID)
Values (6381, 'New Brighton', 38);
INSERT INTO City (cityID, cityName, stateID)
Values (6382, 'New Buffalo', 38);
INSERT INTO City (cityID, cityName, stateID)
Values (6383, 'New Castle', 38);
INSERT INTO City (cityID, cityName, stateID)
Values (6384, 'New Columbia', 38);
INSERT INTO City (cityID, cityName, stateID)
Values (6385, 'New Cumberland', 38);
INSERT INTO City (cityID, cityName, stateID)
Values (6386, 'New Derry', 38);
INSERT INTO City (cityID, cityName, stateID)
Values (6387, 'New Eagle', 38);
INSERT INTO City (cityID, cityName, stateID)
Values (6388, 'New Enterprise', 38);
INSERT INTO City (cityID, cityName, stateID)
Values (6389, 'New Florence', 38);
INSERT INTO City (cityID, cityName, stateID)
Values (6390, 'New Freedom', 38);
INSERT INTO City (cityID, cityName, stateID)
Values (6391, 'New Freeport', 38);
INSERT INTO City (cityID, cityName, stateID)
Values (6392, 'New Galilee', 38);
INSERT INTO City (cityID, cityName, stateID)
Values (6393, 'New Geneva', 38);
INSERT INTO City (cityID, cityName, stateID)
Values (6394, 'New Germantown', 38);
INSERT INTO City (cityID, cityName, stateID)
Values (6395, 'New Holland', 38);
INSERT INTO City (cityID, cityName, stateID)
Values (6396, 'New Hope', 38);
INSERT INTO City (cityID, cityName, stateID)
Values (6397, 'New Kensington', 38);
INSERT INTO City (cityID, cityName, stateID)
Values (6398, 'New Kingstown', 38);
INSERT INTO City (cityID, cityName, stateID)
Values (6399, 'New London', 38);
INSERT INTO City (cityID, cityName, stateID)
Values (6400, 'New Milford', 38);
INSERT INTO City (cityID, cityName, stateID)
Values (6401, 'New Millport', 38);
INSERT INTO City (cityID, cityName, stateID)
Values (6402, 'New Oxford', 38);
INSERT INTO City (cityID, cityName, stateID)
Values (6403, 'New Paris', 38);
INSERT INTO City (cityID, cityName, stateID)
Values (6404, 'New Park', 38);
INSERT INTO City (cityID, cityName, stateID)
Values (6405, 'New Philadelphia', 38);
INSERT INTO City (cityID, cityName, stateID)
Values (6406, 'New Providence', 38);
INSERT INTO City (cityID, cityName, stateID)
Values (6407, 'New Ringgold', 38);
INSERT INTO City (cityID, cityName, stateID)
Values (6408, 'New Salem', 38);
INSERT INTO City (cityID, cityName, stateID)
Values (6409, 'New Stanton', 38);
INSERT INTO City (cityID, cityName, stateID)
Values (6410, 'New Tripoli', 38);
INSERT INTO City (cityID, cityName, stateID)
Values (6411, 'New Wilmington', 38);
INSERT INTO City (cityID, cityName, stateID)
Values (6412, 'Newburg', 38);
INSERT INTO City (cityID, cityName, stateID)
Values (6413, 'Newell', 38);
INSERT INTO City (cityID, cityName, stateID)
Values (6414, 'Newfoundland', 38);
INSERT INTO City (cityID, cityName, stateID)
Values (6415, 'Newmanstown', 38);
INSERT INTO City (cityID, cityName, stateID)
Values (6416, 'Newport', 38);
INSERT INTO City (cityID, cityName, stateID)
Values (6417, 'Newry', 38);
INSERT INTO City (cityID, cityName, stateID)
Values (6418, 'Newton Hamilton', 38);
INSERT INTO City (cityID, cityName, stateID)
Values (6419, 'Newtown', 38);
INSERT INTO City (cityID, cityName, stateID)
Values (6420, 'Newtown Square', 38);
INSERT INTO City (cityID, cityName, stateID)
Values (6421, 'Newville', 38);
INSERT INTO City (cityID, cityName, stateID)
Values (6422, 'Nicholson', 38);
INSERT INTO City (cityID, cityName, stateID)
Values (6423, 'Nicktown', 38);
INSERT INTO City (cityID, cityName, stateID)
Values (6424, 'Nineveh', 38);
INSERT INTO City (cityID, cityName, stateID)
Values (6425, 'Normalville', 38);
INSERT INTO City (cityID, cityName, stateID)
Values (6426, 'Norristown', 38);
INSERT INTO City (cityID, cityName, stateID)
Values (6427, 'North Apollo', 38);
INSERT INTO City (cityID, cityName, stateID)
Values (6428, 'North Bend', 38);
INSERT INTO City (cityID, cityName, stateID)
Values (6429, 'North East', 38);
INSERT INTO City (cityID, cityName, stateID)
Values (6430, 'North Springfield', 38);
INSERT INTO City (cityID, cityName, stateID)
Values (6431, 'North Versailles', 38);
INSERT INTO City (cityID, cityName, stateID)
Values (6432, 'North Wales', 38);
INSERT INTO City (cityID, cityName, stateID)
Values (6433, 'North Washington', 38);
INSERT INTO City (cityID, cityName, stateID)
Values (6434, 'Northampton', 38);
INSERT INTO City (cityID, cityName, stateID)
Values (6435, 'Northern Cambria', 38);
INSERT INTO City (cityID, cityName, stateID)
Values (6436, 'Northpoint', 38);
INSERT INTO City (cityID, cityName, stateID)
Values (6437, 'Northumberland', 38);
INSERT INTO City (cityID, cityName, stateID)
Values (6438, 'Norvelt', 38);
INSERT INTO City (cityID, cityName, stateID)
Values (6439, 'Norwood', 38);
INSERT INTO City (cityID, cityName, stateID)
Values (6440, 'Nottingham', 38);
INSERT INTO City (cityID, cityName, stateID)
Values (6441, 'Noxen', 38);
INSERT INTO City (cityID, cityName, stateID)
Values (6442, 'Nu Mine', 38);
INSERT INTO City (cityID, cityName, stateID)
Values (6443, 'Numidia', 38);
INSERT INTO City (cityID, cityName, stateID)
Values (6444, 'Nuremberg', 38);
INSERT INTO City (cityID, cityName, stateID)
Values (6445, 'Oak Ridge', 38);
INSERT INTO City (cityID, cityName, stateID)
Values (6446, 'Oakdale', 38);
INSERT INTO City (cityID, cityName, stateID)
Values (6447, 'Oakland Mills', 38);
INSERT INTO City (cityID, cityName, stateID)
Values (6448, 'Oakmont', 38);
INSERT INTO City (cityID, cityName, stateID)
Values (6449, 'Oaks', 38);
INSERT INTO City (cityID, cityName, stateID)
Values (6450, 'Ohiopyle', 38);
INSERT INTO City (cityID, cityName, stateID)
Values (6451, 'Oil City', 38);
INSERT INTO City (cityID, cityName, stateID)
Values (6452, 'Olanta', 38);
INSERT INTO City (cityID, cityName, stateID)
Values (6453, 'Old Forge', 38);
INSERT INTO City (cityID, cityName, stateID)
Values (6454, 'Old Zionsville', 38);
INSERT INTO City (cityID, cityName, stateID)
Values (6455, 'Oley', 38);
INSERT INTO City (cityID, cityName, stateID)
Values (6456, 'Oliveburg', 38);
INSERT INTO City (cityID, cityName, stateID)
Values (6457, 'Oliver', 38);
INSERT INTO City (cityID, cityName, stateID)
Values (6458, 'Olyphant', 38);
INSERT INTO City (cityID, cityName, stateID)
Values (6459, 'Oneida', 38);
INSERT INTO City (cityID, cityName, stateID)
Values (6460, 'Ono', 38);
INSERT INTO City (cityID, cityName, stateID)
Values (6461, 'Orangeville', 38);
INSERT INTO City (cityID, cityName, stateID)
Values (6462, 'Orbisonia', 38);
INSERT INTO City (cityID, cityName, stateID)
Values (6463, 'Orefield', 38);
INSERT INTO City (cityID, cityName, stateID)
Values (6464, 'Oreland', 38);
INSERT INTO City (cityID, cityName, stateID)
Values (6465, 'Orrstown', 38);
INSERT INTO City (cityID, cityName, stateID)
Values (6466, 'Orrtanna', 38);
INSERT INTO City (cityID, cityName, stateID)
Values (6467, 'Orson', 38);
INSERT INTO City (cityID, cityName, stateID)
Values (6468, 'Orviston', 38);
INSERT INTO City (cityID, cityName, stateID)
Values (6469, 'Orwigsburg', 38);
INSERT INTO City (cityID, cityName, stateID)
Values (6470, 'Osceola', 38);
INSERT INTO City (cityID, cityName, stateID)
Values (6471, 'Osceola Mills', 38);
INSERT INTO City (cityID, cityName, stateID)
Values (6472, 'Ottsville', 38);
INSERT INTO City (cityID, cityName, stateID)
Values (6473, 'Oxford', 38);
INSERT INTO City (cityID, cityName, stateID)
Values (6474, 'Palm', 38);
INSERT INTO City (cityID, cityName, stateID)
Values (6475, 'Palmerton', 38);
INSERT INTO City (cityID, cityName, stateID)
Values (6476, 'Palmyra', 38);
INSERT INTO City (cityID, cityName, stateID)
Values (6477, 'Paoli', 38);
INSERT INTO City (cityID, cityName, stateID)
Values (6478, 'Paradise', 38);
INSERT INTO City (cityID, cityName, stateID)
Values (6479, 'Parker', 38);
INSERT INTO City (cityID, cityName, stateID)
Values (6480, 'Parker Ford', 38);
INSERT INTO City (cityID, cityName, stateID)
Values (6481, 'Parkesburg', 38);
INSERT INTO City (cityID, cityName, stateID)
Values (6482, 'Parkhill', 38);
INSERT INTO City (cityID, cityName, stateID)
Values (6483, 'Parryville', 38);
INSERT INTO City (cityID, cityName, stateID)
Values (6484, 'Patton', 38);
INSERT INTO City (cityID, cityName, stateID)
Values (6485, 'Paupack', 38);
INSERT INTO City (cityID, cityName, stateID)
Values (6486, 'Paxinos', 38);
INSERT INTO City (cityID, cityName, stateID)
Values (6487, 'Paxtonville', 38);
INSERT INTO City (cityID, cityName, stateID)
Values (6488, 'Peach Bottom', 38);
INSERT INTO City (cityID, cityName, stateID)
Values (6489, 'Peach Glen', 38);
INSERT INTO City (cityID, cityName, stateID)
Values (6490, 'Peckville', 38);
INSERT INTO City (cityID, cityName, stateID)
Values (6491, 'Pen Argyl', 38);
INSERT INTO City (cityID, cityName, stateID)
Values (6492, 'Penfield', 38);
INSERT INTO City (cityID, cityName, stateID)
Values (6493, 'Penn', 38);
INSERT INTO City (cityID, cityName, stateID)
Values (6494, 'Penn Run', 38);
INSERT INTO City (cityID, cityName, stateID)
Values (6495, 'Penns Creek', 38);
INSERT INTO City (cityID, cityName, stateID)
Values (6496, 'Penns Park', 38);
INSERT INTO City (cityID, cityName, stateID)
Values (6497, 'Pennsburg', 38);
INSERT INTO City (cityID, cityName, stateID)
Values (6498, 'Pennsylvania Furnace', 38);
INSERT INTO City (cityID, cityName, stateID)
Values (6499, 'Penryn', 38);
INSERT INTO City (cityID, cityName, stateID)
Values (6500, 'Pequea', 38);
INSERT INTO City (cityID, cityName, stateID)
Values (6501, 'Perkasie', 38);
INSERT INTO City (cityID, cityName, stateID)
Values (6502, 'Perkiomenville', 38);
INSERT INTO City (cityID, cityName, stateID)
Values (6503, 'Perryopolis', 38);
INSERT INTO City (cityID, cityName, stateID)
Values (6504, 'Petersburg', 38);
INSERT INTO City (cityID, cityName, stateID)
Values (6505, 'Petrolia', 38);
INSERT INTO City (cityID, cityName, stateID)
Values (6506, 'Philadelphia', 38);
INSERT INTO City (cityID, cityName, stateID)
Values (6507, 'Philipsburg', 38);
INSERT INTO City (cityID, cityName, stateID)
Values (6508, 'Phoenixville', 38);
INSERT INTO City (cityID, cityName, stateID)
Values (6509, 'Picture Rocks', 38);
INSERT INTO City (cityID, cityName, stateID)
Values (6510, 'Pillow', 38);
INSERT INTO City (cityID, cityName, stateID)
Values (6511, 'Pine Forge', 38);
INSERT INTO City (cityID, cityName, stateID)
Values (6512, 'Pine Grove', 38);
INSERT INTO City (cityID, cityName, stateID)
Values (6513, 'Pine Grove Mills', 38);
INSERT INTO City (cityID, cityName, stateID)
Values (6514, 'Pineville', 38);
INSERT INTO City (cityID, cityName, stateID)
Values (6515, 'Pipersville', 38);
INSERT INTO City (cityID, cityName, stateID)
Values (6516, 'Pitcairn', 38);
INSERT INTO City (cityID, cityName, stateID)
Values (6517, 'Pitman', 38);
INSERT INTO City (cityID, cityName, stateID)
Values (6518, 'Pittsburgh', 38);
INSERT INTO City (cityID, cityName, stateID)
Values (6519, 'Pittsfield', 38);
INSERT INTO City (cityID, cityName, stateID)
Values (6520, 'Pittston', 38);
INSERT INTO City (cityID, cityName, stateID)
Values (6521, 'Plainfield', 38);
INSERT INTO City (cityID, cityName, stateID)
Values (6522, 'Pleasant Hall', 38);
INSERT INTO City (cityID, cityName, stateID)
Values (6523, 'Pleasant Mount', 38);
INSERT INTO City (cityID, cityName, stateID)
Values (6524, 'Pleasant Unity', 38);
INSERT INTO City (cityID, cityName, stateID)
Values (6525, 'Pleasantville', 38);
INSERT INTO City (cityID, cityName, stateID)
Values (6526, 'Plumsteadville', 38);
INSERT INTO City (cityID, cityName, stateID)
Values (6527, 'Plumville', 38);
INSERT INTO City (cityID, cityName, stateID)
Values (6528, 'Plymouth', 38);
INSERT INTO City (cityID, cityName, stateID)
Values (6529, 'Plymouth Meeting', 38);
INSERT INTO City (cityID, cityName, stateID)
Values (6530, 'Pocono Lake', 38);
INSERT INTO City (cityID, cityName, stateID)
Values (6531, 'Pocono Lake Preserve', 38);
INSERT INTO City (cityID, cityName, stateID)
Values (6532, 'Pocono Manor', 38);
INSERT INTO City (cityID, cityName, stateID)
Values (6533, 'Pocono Pines', 38);
INSERT INTO City (cityID, cityName, stateID)
Values (6534, 'Pocono Summit', 38);
INSERT INTO City (cityID, cityName, stateID)
Values (6535, 'Pocopson', 38);
INSERT INTO City (cityID, cityName, stateID)
Values (6536, 'Point Marion', 38);
INSERT INTO City (cityID, cityName, stateID)
Values (6537, 'Point Pleasant', 38);
INSERT INTO City (cityID, cityName, stateID)
Values (6538, 'Polk', 38);
INSERT INTO City (cityID, cityName, stateID)
Values (6539, 'Pomeroy', 38);
INSERT INTO City (cityID, cityName, stateID)
Values (6540, 'Port Allegany', 38);
INSERT INTO City (cityID, cityName, stateID)
Values (6541, 'Port Carbon', 38);
INSERT INTO City (cityID, cityName, stateID)
Values (6542, 'Port Clinton', 38);
INSERT INTO City (cityID, cityName, stateID)
Values (6543, 'Port Matilda', 38);
INSERT INTO City (cityID, cityName, stateID)
Values (6544, 'Port Royal', 38);
INSERT INTO City (cityID, cityName, stateID)
Values (6545, 'Port Trevorton', 38);
INSERT INTO City (cityID, cityName, stateID)
Values (6546, 'Portage', 38);
INSERT INTO City (cityID, cityName, stateID)
Values (6547, 'Porters Sideling', 38);
INSERT INTO City (cityID, cityName, stateID)
Values (6548, 'Portersville', 38);
INSERT INTO City (cityID, cityName, stateID)
Values (6549, 'Portland', 38);
INSERT INTO City (cityID, cityName, stateID)
Values (6550, 'Pottersdale', 38);
INSERT INTO City (cityID, cityName, stateID)
Values (6551, 'Potts Grove', 38);
INSERT INTO City (cityID, cityName, stateID)
Values (6552, 'Pottstown', 38);
INSERT INTO City (cityID, cityName, stateID)
Values (6553, 'Pottsville', 38);
INSERT INTO City (cityID, cityName, stateID)
Values (6554, 'Poyntelle', 38);
INSERT INTO City (cityID, cityName, stateID)
Values (6555, 'Presto', 38);
INSERT INTO City (cityID, cityName, stateID)
Values (6556, 'Preston Park', 38);
INSERT INTO City (cityID, cityName, stateID)
Values (6557, 'Pricedale', 38);
INSERT INTO City (cityID, cityName, stateID)
Values (6558, 'Prompton', 38);
INSERT INTO City (cityID, cityName, stateID)
Values (6559, 'Prospect', 38);
INSERT INTO City (cityID, cityName, stateID)
Values (6560, 'Prospect Park', 38);
INSERT INTO City (cityID, cityName, stateID)
Values (6561, 'Prosperity', 38);
INSERT INTO City (cityID, cityName, stateID)
Values (6562, 'Pulaski', 38);
INSERT INTO City (cityID, cityName, stateID)
Values (6563, 'Punxsutawney', 38);
INSERT INTO City (cityID, cityName, stateID)
Values (6564, 'Quakake', 38);
INSERT INTO City (cityID, cityName, stateID)
Values (6565, 'Quakertown', 38);
INSERT INTO City (cityID, cityName, stateID)
Values (6566, 'Quarryville', 38);
INSERT INTO City (cityID, cityName, stateID)
Values (6567, 'Quecreek', 38);
INSERT INTO City (cityID, cityName, stateID)
Values (6568, 'Queen', 38);
INSERT INTO City (cityID, cityName, stateID)
Values (6569, 'Quentin', 38);
INSERT INTO City (cityID, cityName, stateID)
Values (6570, 'Quincy', 38);
INSERT INTO City (cityID, cityName, stateID)
Values (6571, 'Railroad', 38);
INSERT INTO City (cityID, cityName, stateID)
Values (6572, 'Ralston', 38);
INSERT INTO City (cityID, cityName, stateID)
Values (6573, 'Ramey', 38);
INSERT INTO City (cityID, cityName, stateID)
Values (6574, 'Ransom', 38);
INSERT INTO City (cityID, cityName, stateID)
Values (6575, 'Ravine', 38);
INSERT INTO City (cityID, cityName, stateID)
Values (6576, 'Reading', 38);
INSERT INTO City (cityID, cityName, stateID)
Values (6577, 'Reamstown', 38);
INSERT INTO City (cityID, cityName, stateID)
Values (6578, 'Rebersburg', 38);
INSERT INTO City (cityID, cityName, stateID)
Values (6579, 'Rebuck', 38);
INSERT INTO City (cityID, cityName, stateID)
Values (6580, 'Rector', 38);
INSERT INTO City (cityID, cityName, stateID)
Values (6581, 'Red Hill', 38);
INSERT INTO City (cityID, cityName, stateID)
Values (6582, 'Red Lion', 38);
INSERT INTO City (cityID, cityName, stateID)
Values (6583, 'Reeders', 38);
INSERT INTO City (cityID, cityName, stateID)
Values (6584, 'Reedsville', 38);
INSERT INTO City (cityID, cityName, stateID)
Values (6585, 'Refton', 38);
INSERT INTO City (cityID, cityName, stateID)
Values (6586, 'Rehrersburg', 38);
INSERT INTO City (cityID, cityName, stateID)
Values (6587, 'Reinholds', 38);
INSERT INTO City (cityID, cityName, stateID)
Values (6588, 'Renfrew', 38);
INSERT INTO City (cityID, cityName, stateID)
Values (6589, 'Reno', 38);
INSERT INTO City (cityID, cityName, stateID)
Values (6590, 'Renovo', 38);
INSERT INTO City (cityID, cityName, stateID)
Values (6591, 'Republic', 38);
INSERT INTO City (cityID, cityName, stateID)
Values (6592, 'Revere', 38);
INSERT INTO City (cityID, cityName, stateID)
Values (6593, 'Revloc', 38);
INSERT INTO City (cityID, cityName, stateID)
Values (6594, 'Rew', 38);
INSERT INTO City (cityID, cityName, stateID)
Values (6595, 'Rexmont', 38);
INSERT INTO City (cityID, cityName, stateID)
Values (6596, 'Reynoldsville', 38);
INSERT INTO City (cityID, cityName, stateID)
Values (6597, 'Rheems', 38);
INSERT INTO City (cityID, cityName, stateID)
Values (6598, 'Rices Landing', 38);
INSERT INTO City (cityID, cityName, stateID)
Values (6599, 'Riceville', 38);
INSERT INTO City (cityID, cityName, stateID)
Values (6600, 'Richboro', 38);
INSERT INTO City (cityID, cityName, stateID)
Values (6601, 'Richeyville', 38);
INSERT INTO City (cityID, cityName, stateID)
Values (6602, 'Richfield', 38);
INSERT INTO City (cityID, cityName, stateID)
Values (6603, 'Richland', 38);
INSERT INTO City (cityID, cityName, stateID)
Values (6604, 'Richlandtown', 38);
INSERT INTO City (cityID, cityName, stateID)
Values (6605, 'Riddlesburg', 38);
INSERT INTO City (cityID, cityName, stateID)
Values (6606, 'Ridgway', 38);
INSERT INTO City (cityID, cityName, stateID)
Values (6607, 'Ridley Park', 38);
INSERT INTO City (cityID, cityName, stateID)
Values (6608, 'Riegelsville', 38);
INSERT INTO City (cityID, cityName, stateID)
Values (6609, 'Rillton', 38);
INSERT INTO City (cityID, cityName, stateID)
Values (6610, 'Rimersburg', 38);
INSERT INTO City (cityID, cityName, stateID)
Values (6611, 'Ringgold', 38);
INSERT INTO City (cityID, cityName, stateID)
Values (6612, 'Ringtown', 38);
INSERT INTO City (cityID, cityName, stateID)
Values (6613, 'Riverside', 38);
INSERT INTO City (cityID, cityName, stateID)
Values (6614, 'Rixford', 38);
INSERT INTO City (cityID, cityName, stateID)
Values (6615, 'Roaring Branch', 38);
INSERT INTO City (cityID, cityName, stateID)
Values (6616, 'Roaring Spring', 38);
INSERT INTO City (cityID, cityName, stateID)
Values (6617, 'Robertsdale', 38);
INSERT INTO City (cityID, cityName, stateID)
Values (6618, 'Robesonia', 38);
INSERT INTO City (cityID, cityName, stateID)
Values (6619, 'Robinson', 38);
INSERT INTO City (cityID, cityName, stateID)
Values (6620, 'Rochester', 38);
INSERT INTO City (cityID, cityName, stateID)
Values (6621, 'Rochester Mills', 38);
INSERT INTO City (cityID, cityName, stateID)
Values (6622, 'Rock Glen', 38);
INSERT INTO City (cityID, cityName, stateID)
Values (6623, 'Rockhill Furnace', 38);
INSERT INTO City (cityID, cityName, stateID)
Values (6624, 'Rockton', 38);
INSERT INTO City (cityID, cityName, stateID)
Values (6625, 'Rockwood', 38);
INSERT INTO City (cityID, cityName, stateID)
Values (6626, 'Rogersville', 38);
INSERT INTO City (cityID, cityName, stateID)
Values (6627, 'Rome', 38);
INSERT INTO City (cityID, cityName, stateID)
Values (6628, 'Ronco', 38);
INSERT INTO City (cityID, cityName, stateID)
Values (6629, 'Ronks', 38);
INSERT INTO City (cityID, cityName, stateID)
Values (6630, 'Roscoe', 38);
INSERT INTO City (cityID, cityName, stateID)
Values (6631, 'Rossiter', 38);
INSERT INTO City (cityID, cityName, stateID)
Values (6632, 'Rossville', 38);
INSERT INTO City (cityID, cityName, stateID)
Values (6633, 'Roulette', 38);
INSERT INTO City (cityID, cityName, stateID)
Values (6634, 'Rouseville', 38);
INSERT INTO City (cityID, cityName, stateID)
Values (6635, 'Rouzerville', 38);
INSERT INTO City (cityID, cityName, stateID)
Values (6636, 'Rowland', 38);
INSERT INTO City (cityID, cityName, stateID)
Values (6637, 'Roxbury', 38);
INSERT INTO City (cityID, cityName, stateID)
Values (6638, 'Royersford', 38);
INSERT INTO City (cityID, cityName, stateID)
Values (6639, 'Ruffs Dale', 38);
INSERT INTO City (cityID, cityName, stateID)
Values (6640, 'Rural Ridge', 38);
INSERT INTO City (cityID, cityName, stateID)
Values (6641, 'Rural Valley', 38);
INSERT INTO City (cityID, cityName, stateID)
Values (6642, 'Rushland', 38);
INSERT INTO City (cityID, cityName, stateID)
Values (6643, 'Russell', 38);
INSERT INTO City (cityID, cityName, stateID)
Values (6644, 'Russellton', 38);
INSERT INTO City (cityID, cityName, stateID)
Values (6645, 'Sabinsville', 38);
INSERT INTO City (cityID, cityName, stateID)
Values (6646, 'Sacramento', 38);
INSERT INTO City (cityID, cityName, stateID)
Values (6647, 'Sadsburyville', 38);
INSERT INTO City (cityID, cityName, stateID)
Values (6648, 'Saegertown', 38);
INSERT INTO City (cityID, cityName, stateID)
Values (6649, 'Sagamore', 38);
INSERT INTO City (cityID, cityName, stateID)
Values (6650, 'Saint Benedict', 38);
INSERT INTO City (cityID, cityName, stateID)
Values (6651, 'Saint Boniface', 38);
INSERT INTO City (cityID, cityName, stateID)
Values (6652, 'Saint Clair', 38);
INSERT INTO City (cityID, cityName, stateID)
Values (6653, 'Saint Johns', 38);
INSERT INTO City (cityID, cityName, stateID)
Values (6654, 'Saint Marys', 38);
INSERT INTO City (cityID, cityName, stateID)
Values (6655, 'Saint Michael', 38);
INSERT INTO City (cityID, cityName, stateID)
Values (6656, 'Saint Peters', 38);
INSERT INTO City (cityID, cityName, stateID)
Values (6657, 'Saint Petersburg', 38);
INSERT INTO City (cityID, cityName, stateID)
Values (6658, 'Saint Thomas', 38);
INSERT INTO City (cityID, cityName, stateID)
Values (6659, 'Salford', 38);
INSERT INTO City (cityID, cityName, stateID)
Values (6660, 'Salfordville', 38);
INSERT INTO City (cityID, cityName, stateID)
Values (6661, 'Salina', 38);
INSERT INTO City (cityID, cityName, stateID)
Values (6662, 'Salisbury', 38);
INSERT INTO City (cityID, cityName, stateID)
Values (6663, 'Salix', 38);
INSERT INTO City (cityID, cityName, stateID)
Values (6664, 'Salona', 38);
INSERT INTO City (cityID, cityName, stateID)
Values (6665, 'Saltillo', 38);
INSERT INTO City (cityID, cityName, stateID)
Values (6666, 'Saltsburg', 38);
INSERT INTO City (cityID, cityName, stateID)
Values (6667, 'Sandy Lake', 38);
INSERT INTO City (cityID, cityName, stateID)
Values (6668, 'Sandy Ridge', 38);
INSERT INTO City (cityID, cityName, stateID)
Values (6669, 'Sarver', 38);
INSERT INTO City (cityID, cityName, stateID)
Values (6670, 'Sassamansville', 38);
INSERT INTO City (cityID, cityName, stateID)
Values (6671, 'Saxonburg', 38);
INSERT INTO City (cityID, cityName, stateID)
Values (6672, 'Saxton', 38);
INSERT INTO City (cityID, cityName, stateID)
Values (6673, 'Saylorsburg', 38);
INSERT INTO City (cityID, cityName, stateID)
Values (6674, 'Sayre', 38);
INSERT INTO City (cityID, cityName, stateID)
Values (6675, 'Scenery Hill', 38);
INSERT INTO City (cityID, cityName, stateID)
Values (6676, 'Schaefferstown', 38);
INSERT INTO City (cityID, cityName, stateID)
Values (6677, 'Schellsburg', 38);
INSERT INTO City (cityID, cityName, stateID)
Values (6678, 'Schenley', 38);
INSERT INTO City (cityID, cityName, stateID)
Values (6679, 'Schnecksville', 38);
INSERT INTO City (cityID, cityName, stateID)
Values (6680, 'Schuylkill Haven', 38);
INSERT INTO City (cityID, cityName, stateID)
Values (6681, 'Schwenksville', 38);
INSERT INTO City (cityID, cityName, stateID)
Values (6682, 'Sciota', 38);
INSERT INTO City (cityID, cityName, stateID)
Values (6683, 'Scotland', 38);
INSERT INTO City (cityID, cityName, stateID)
Values (6684, 'Scotrun', 38);
INSERT INTO City (cityID, cityName, stateID)
Values (6685, 'Scottdale', 38);
INSERT INTO City (cityID, cityName, stateID)
Values (6686, 'Scranton', 38);
INSERT INTO City (cityID, cityName, stateID)
Values (6687, 'Seanor', 38);
INSERT INTO City (cityID, cityName, stateID)
Values (6688, 'Selinsgrove', 38);
INSERT INTO City (cityID, cityName, stateID)
Values (6689, 'Sellersville', 38);
INSERT INTO City (cityID, cityName, stateID)
Values (6690, 'Seltzer', 38);
INSERT INTO City (cityID, cityName, stateID)
Values (6691, 'Seminole', 38);
INSERT INTO City (cityID, cityName, stateID)
Values (6692, 'Seneca', 38);
INSERT INTO City (cityID, cityName, stateID)
Values (6693, 'Seven Valleys', 38);
INSERT INTO City (cityID, cityName, stateID)
Values (6694, 'Seward', 38);
INSERT INTO City (cityID, cityName, stateID)
Values (6695, 'Sewickley', 38);
INSERT INTO City (cityID, cityName, stateID)
Values (6696, 'Shade Gap', 38);
INSERT INTO City (cityID, cityName, stateID)
Values (6697, 'Shady Grove', 38);
INSERT INTO City (cityID, cityName, stateID)
Values (6698, 'Shamokin', 38);
INSERT INTO City (cityID, cityName, stateID)
Values (6699, 'Shamokin Dam', 38);
INSERT INTO City (cityID, cityName, stateID)
Values (6700, 'Shanksville', 38);
INSERT INTO City (cityID, cityName, stateID)
Values (6701, 'Sharon', 38);
INSERT INTO City (cityID, cityName, stateID)
Values (6702, 'Sharon Hill', 38);
INSERT INTO City (cityID, cityName, stateID)
Values (6703, 'Sharpsville', 38);
INSERT INTO City (cityID, cityName, stateID)
Values (6704, 'Shartlesville', 38);
INSERT INTO City (cityID, cityName, stateID)
Values (6705, 'Shavertown', 38);
INSERT INTO City (cityID, cityName, stateID)
Values (6706, 'Shawanese', 38);
INSERT INTO City (cityID, cityName, stateID)
Values (6707, 'Shawnee On Delaware', 38);
INSERT INTO City (cityID, cityName, stateID)
Values (6708, 'Shawville', 38);
INSERT INTO City (cityID, cityName, stateID)
Values (6709, 'Sheakleyville', 38);
INSERT INTO City (cityID, cityName, stateID)
Values (6710, 'Sheffield', 38);
INSERT INTO City (cityID, cityName, stateID)
Values (6711, 'Shelocta', 38);
INSERT INTO City (cityID, cityName, stateID)
Values (6712, 'Shenandoah', 38);
INSERT INTO City (cityID, cityName, stateID)
Values (6713, 'Sheppton', 38);
INSERT INTO City (cityID, cityName, stateID)
Values (6714, 'Shermans Dale', 38);
INSERT INTO City (cityID, cityName, stateID)
Values (6715, 'Shickshinny', 38);
INSERT INTO City (cityID, cityName, stateID)
Values (6716, 'Shinglehouse', 38);
INSERT INTO City (cityID, cityName, stateID)
Values (6717, 'Shippensburg', 38);
INSERT INTO City (cityID, cityName, stateID)
Values (6718, 'Shippenville', 38);
INSERT INTO City (cityID, cityName, stateID)
Values (6719, 'Shippingport', 38);
INSERT INTO City (cityID, cityName, stateID)
Values (6720, 'Shirleysburg', 38);
INSERT INTO City (cityID, cityName, stateID)
Values (6721, 'Shoemakersville', 38);
INSERT INTO City (cityID, cityName, stateID)
Values (6722, 'Shohola', 38);
INSERT INTO City (cityID, cityName, stateID)
Values (6723, 'Shrewsbury', 38);
INSERT INTO City (cityID, cityName, stateID)
Values (6724, 'Shunk', 38);
INSERT INTO City (cityID, cityName, stateID)
Values (6725, 'Sidman', 38);
INSERT INTO City (cityID, cityName, stateID)
Values (6726, 'Sigel', 38);
INSERT INTO City (cityID, cityName, stateID)
Values (6727, 'Silver Spring', 38);
INSERT INTO City (cityID, cityName, stateID)
Values (6728, 'Silverdale', 38);
INSERT INTO City (cityID, cityName, stateID)
Values (6729, 'Sinnamahoning', 38);
INSERT INTO City (cityID, cityName, stateID)
Values (6730, 'Sipesville', 38);
INSERT INTO City (cityID, cityName, stateID)
Values (6731, 'Six Mile Run', 38);
INSERT INTO City (cityID, cityName, stateID)
Values (6732, 'Skippack', 38);
INSERT INTO City (cityID, cityName, stateID)
Values (6733, 'Skytop', 38);
INSERT INTO City (cityID, cityName, stateID)
Values (6734, 'Slate Run', 38);
INSERT INTO City (cityID, cityName, stateID)
Values (6735, 'Slatedale', 38);
INSERT INTO City (cityID, cityName, stateID)
Values (6736, 'Slatington', 38);
INSERT INTO City (cityID, cityName, stateID)
Values (6737, 'Slickville', 38);
INSERT INTO City (cityID, cityName, stateID)
Values (6738, 'Sligo', 38);
INSERT INTO City (cityID, cityName, stateID)
Values (6739, 'Slippery Rock', 38);
INSERT INTO City (cityID, cityName, stateID)
Values (6740, 'Slovan', 38);
INSERT INTO City (cityID, cityName, stateID)
Values (6741, 'Smethport', 38);
INSERT INTO City (cityID, cityName, stateID)
Values (6742, 'Smicksburg', 38);
INSERT INTO City (cityID, cityName, stateID)
Values (6743, 'Smithfield', 38);
INSERT INTO City (cityID, cityName, stateID)
Values (6744, 'Smithmill', 38);
INSERT INTO City (cityID, cityName, stateID)
Values (6745, 'Smithton', 38);
INSERT INTO City (cityID, cityName, stateID)
Values (6746, 'Smock', 38);
INSERT INTO City (cityID, cityName, stateID)
Values (6747, 'Smokerun', 38);
INSERT INTO City (cityID, cityName, stateID)
Values (6748, 'Smoketown', 38);
INSERT INTO City (cityID, cityName, stateID)
Values (6749, 'Snow Shoe', 38);
INSERT INTO City (cityID, cityName, stateID)
Values (6750, 'Snydersburg', 38);
INSERT INTO City (cityID, cityName, stateID)
Values (6751, 'Snydertown', 38);
INSERT INTO City (cityID, cityName, stateID)
Values (6752, 'Solebury', 38);
INSERT INTO City (cityID, cityName, stateID)
Values (6753, 'Somerset', 38);
INSERT INTO City (cityID, cityName, stateID)
Values (6754, 'Souderton', 38);
INSERT INTO City (cityID, cityName, stateID)
Values (6755, 'South Canaan', 38);
INSERT INTO City (cityID, cityName, stateID)
Values (6756, 'South Fork', 38);
INSERT INTO City (cityID, cityName, stateID)
Values (6757, 'South Gibson', 38);
INSERT INTO City (cityID, cityName, stateID)
Values (6758, 'South Heights', 38);
INSERT INTO City (cityID, cityName, stateID)
Values (6759, 'South Montrose', 38);
INSERT INTO City (cityID, cityName, stateID)
Values (6760, 'South Mountain', 38);
INSERT INTO City (cityID, cityName, stateID)
Values (6761, 'South Park', 38);
INSERT INTO City (cityID, cityName, stateID)
Values (6762, 'South Sterling', 38);
INSERT INTO City (cityID, cityName, stateID)
Values (6763, 'Southampton', 38);
INSERT INTO City (cityID, cityName, stateID)
Values (6764, 'Southeastern', 38);
INSERT INTO City (cityID, cityName, stateID)
Values (6765, 'Southview', 38);
INSERT INTO City (cityID, cityName, stateID)
Values (6766, 'Southwest', 38);
INSERT INTO City (cityID, cityName, stateID)
Values (6767, 'Spangler', 38);
INSERT INTO City (cityID, cityName, stateID)
Values (6768, 'Spartansburg', 38);
INSERT INTO City (cityID, cityName, stateID)
Values (6769, 'Spinnerstown', 38);
INSERT INTO City (cityID, cityName, stateID)
Values (6770, 'Spraggs', 38);
INSERT INTO City (cityID, cityName, stateID)
Values (6771, 'Sprankle Mills', 38);
INSERT INTO City (cityID, cityName, stateID)
Values (6772, 'Spring Church', 38);
INSERT INTO City (cityID, cityName, stateID)
Values (6773, 'Spring City', 38);
INSERT INTO City (cityID, cityName, stateID)
Values (6774, 'Spring Creek', 38);
INSERT INTO City (cityID, cityName, stateID)
Values (6775, 'Spring Glen', 38);
INSERT INTO City (cityID, cityName, stateID)
Values (6776, 'Spring Grove', 38);
INSERT INTO City (cityID, cityName, stateID)
Values (6777, 'Spring House', 38);
INSERT INTO City (cityID, cityName, stateID)
Values (6778, 'Spring Mills', 38);
INSERT INTO City (cityID, cityName, stateID)
Values (6779, 'Spring Mount', 38);
INSERT INTO City (cityID, cityName, stateID)
Values (6780, 'Spring Run', 38);
INSERT INTO City (cityID, cityName, stateID)
Values (6781, 'Springboro', 38);
INSERT INTO City (cityID, cityName, stateID)
Values (6782, 'Springdale', 38);
INSERT INTO City (cityID, cityName, stateID)
Values (6783, 'Springfield', 38);
INSERT INTO City (cityID, cityName, stateID)
Values (6784, 'Springs', 38);
INSERT INTO City (cityID, cityName, stateID)
Values (6785, 'Springtown', 38);
INSERT INTO City (cityID, cityName, stateID)
Values (6786, 'Springville', 38);
INSERT INTO City (cityID, cityName, stateID)
Values (6787, 'Sproul', 38);
INSERT INTO City (cityID, cityName, stateID)
Values (6788, 'Spruce Creek', 38);
INSERT INTO City (cityID, cityName, stateID)
Values (6789, 'St Clairsville', 38);
INSERT INTO City (cityID, cityName, stateID)
Values (6790, 'Stahlstown', 38);
INSERT INTO City (cityID, cityName, stateID)
Values (6791, 'Star Junction', 38);
INSERT INTO City (cityID, cityName, stateID)
Values (6792, 'Starford', 38);
INSERT INTO City (cityID, cityName, stateID)
Values (6793, 'Starlight', 38);
INSERT INTO City (cityID, cityName, stateID)
Values (6794, 'Starrucca', 38);
INSERT INTO City (cityID, cityName, stateID)
Values (6795, 'State College', 38);
INSERT INTO City (cityID, cityName, stateID)
Values (6796, 'State Line', 38);
INSERT INTO City (cityID, cityName, stateID)
Values (6797, 'Sterling', 38);
INSERT INTO City (cityID, cityName, stateID)
Values (6798, 'Stevens', 38);
INSERT INTO City (cityID, cityName, stateID)
Values (6799, 'Stevensville', 38);
INSERT INTO City (cityID, cityName, stateID)
Values (6800, 'Stewartstown', 38);
INSERT INTO City (cityID, cityName, stateID)
Values (6801, 'Stillwater', 38);
INSERT INTO City (cityID, cityName, stateID)
Values (6802, 'Stockdale', 38);
INSERT INTO City (cityID, cityName, stateID)
Values (6803, 'Stockertown', 38);
INSERT INTO City (cityID, cityName, stateID)
Values (6804, 'Stoneboro', 38);
INSERT INTO City (cityID, cityName, stateID)
Values (6805, 'Stoystown', 38);
INSERT INTO City (cityID, cityName, stateID)
Values (6806, 'Strabane', 38);
INSERT INTO City (cityID, cityName, stateID)
Values (6807, 'Strasburg', 38);
INSERT INTO City (cityID, cityName, stateID)
Values (6808, 'Strattanville', 38);
INSERT INTO City (cityID, cityName, stateID)
Values (6809, 'Strausstown', 38);
INSERT INTO City (cityID, cityName, stateID)
Values (6810, 'Strongstown', 38);
INSERT INTO City (cityID, cityName, stateID)
Values (6811, 'Stroudsburg', 38);
INSERT INTO City (cityID, cityName, stateID)
Values (6812, 'Stump Creek', 38);
INSERT INTO City (cityID, cityName, stateID)
Values (6813, 'Sturgeon', 38);
INSERT INTO City (cityID, cityName, stateID)
Values (6814, 'Sugar Grove', 38);
INSERT INTO City (cityID, cityName, stateID)
Values (6815, 'Sugar Run', 38);
INSERT INTO City (cityID, cityName, stateID)
Values (6816, 'Sugarloaf', 38);
INSERT INTO City (cityID, cityName, stateID)
Values (6817, 'Summerdale', 38);
INSERT INTO City (cityID, cityName, stateID)
Values (6818, 'Summerhill', 38);
INSERT INTO City (cityID, cityName, stateID)
Values (6819, 'Summerville', 38);
INSERT INTO City (cityID, cityName, stateID)
Values (6820, 'Summit Hill', 38);
INSERT INTO City (cityID, cityName, stateID)
Values (6821, 'Summit Station', 38);
INSERT INTO City (cityID, cityName, stateID)
Values (6822, 'Sumneytown', 38);
INSERT INTO City (cityID, cityName, stateID)
Values (6823, 'Sunbury', 38);
INSERT INTO City (cityID, cityName, stateID)
Values (6824, 'Suplee', 38);
INSERT INTO City (cityID, cityName, stateID)
Values (6825, 'Susquehanna', 38);
INSERT INTO City (cityID, cityName, stateID)
Values (6826, 'Sutersville', 38);
INSERT INTO City (cityID, cityName, stateID)
Values (6827, 'Swarthmore', 38);
INSERT INTO City (cityID, cityName, stateID)
Values (6828, 'Sweet Valley', 38);
INSERT INTO City (cityID, cityName, stateID)
Values (6829, 'Swengel', 38);
INSERT INTO City (cityID, cityName, stateID)
Values (6830, 'Swiftwater', 38);
INSERT INTO City (cityID, cityName, stateID)
Values (6831, 'Sybertsville', 38);
INSERT INTO City (cityID, cityName, stateID)
Values (6832, 'Sycamore', 38);
INSERT INTO City (cityID, cityName, stateID)
Values (6833, 'Sykesville', 38);
INSERT INTO City (cityID, cityName, stateID)
Values (6834, 'Sylvania', 38);
INSERT INTO City (cityID, cityName, stateID)
Values (6835, 'Tafton', 38);
INSERT INTO City (cityID, cityName, stateID)
Values (6836, 'Talmage', 38);
INSERT INTO City (cityID, cityName, stateID)
Values (6837, 'Tamaqua', 38);
INSERT INTO City (cityID, cityName, stateID)
Values (6838, 'Tamiment', 38);
INSERT INTO City (cityID, cityName, stateID)
Values (6839, 'Tannersville', 38);
INSERT INTO City (cityID, cityName, stateID)
Values (6840, 'Tarentum', 38);
INSERT INTO City (cityID, cityName, stateID)
Values (6841, 'Tarrs', 38);
INSERT INTO City (cityID, cityName, stateID)
Values (6842, 'Tatamy', 38);
INSERT INTO City (cityID, cityName, stateID)
Values (6843, 'Taylor', 38);
INSERT INTO City (cityID, cityName, stateID)
Values (6844, 'Taylorstown', 38);
INSERT INTO City (cityID, cityName, stateID)
Values (6845, 'Telford', 38);
INSERT INTO City (cityID, cityName, stateID)
Values (6846, 'Temple', 38);
INSERT INTO City (cityID, cityName, stateID)
Values (6847, 'Templeton', 38);
INSERT INTO City (cityID, cityName, stateID)
Values (6848, 'Terre Hill', 38);
INSERT INTO City (cityID, cityName, stateID)
Values (6849, 'Thomasville', 38);
INSERT INTO City (cityID, cityName, stateID)
Values (6850, 'Thompson', 38);
INSERT INTO City (cityID, cityName, stateID)
Values (6851, 'Thompsontown', 38);
INSERT INTO City (cityID, cityName, stateID)
Values (6852, 'Thorndale', 38);
INSERT INTO City (cityID, cityName, stateID)
Values (6853, 'Thornton', 38);
INSERT INTO City (cityID, cityName, stateID)
Values (6854, 'Three Springs', 38);
INSERT INTO City (cityID, cityName, stateID)
Values (6855, 'Tidioute', 38);
INSERT INTO City (cityID, cityName, stateID)
Values (6856, 'Timblin', 38);
INSERT INTO City (cityID, cityName, stateID)
Values (6857, 'Tioga', 38);
INSERT INTO City (cityID, cityName, stateID)
Values (6858, 'Tiona', 38);
INSERT INTO City (cityID, cityName, stateID)
Values (6859, 'Tionesta', 38);
INSERT INTO City (cityID, cityName, stateID)
Values (6860, 'Tipton', 38);
INSERT INTO City (cityID, cityName, stateID)
Values (6861, 'Tire Hill', 38);
INSERT INTO City (cityID, cityName, stateID)
Values (6862, 'Titusville', 38);
INSERT INTO City (cityID, cityName, stateID)
Values (6863, 'Tobyhanna', 38);
INSERT INTO City (cityID, cityName, stateID)
Values (6864, 'Todd', 38);
INSERT INTO City (cityID, cityName, stateID)
Values (6865, 'Topton', 38);
INSERT INTO City (cityID, cityName, stateID)
Values (6866, 'Torrance', 38);
INSERT INTO City (cityID, cityName, stateID)
Values (6867, 'Toughkenamon', 38);
INSERT INTO City (cityID, cityName, stateID)
Values (6868, 'Towanda', 38);
INSERT INTO City (cityID, cityName, stateID)
Values (6869, 'Tower City', 38);
INSERT INTO City (cityID, cityName, stateID)
Values (6870, 'Townville', 38);
INSERT INTO City (cityID, cityName, stateID)
Values (6871, 'Trafford', 38);
INSERT INTO City (cityID, cityName, stateID)
Values (6872, 'Transfer', 38);
INSERT INTO City (cityID, cityName, stateID)
Values (6873, 'Treichlers', 38);
INSERT INTO City (cityID, cityName, stateID)
Values (6874, 'Tremont', 38);
INSERT INTO City (cityID, cityName, stateID)
Values (6875, 'Tresckow', 38);
INSERT INTO City (cityID, cityName, stateID)
Values (6876, 'Trevorton', 38);
INSERT INTO City (cityID, cityName, stateID)
Values (6877, 'Trexlertown', 38);
INSERT INTO City (cityID, cityName, stateID)
Values (6878, 'Trout Run', 38);
INSERT INTO City (cityID, cityName, stateID)
Values (6879, 'Troutville', 38);
INSERT INTO City (cityID, cityName, stateID)
Values (6880, 'Troxelville', 38);
INSERT INTO City (cityID, cityName, stateID)
Values (6881, 'Troy', 38);
INSERT INTO City (cityID, cityName, stateID)
Values (6882, 'Trumbauersville', 38);
INSERT INTO City (cityID, cityName, stateID)
Values (6883, 'Tunkhannock', 38);
INSERT INTO City (cityID, cityName, stateID)
Values (6884, 'Turbotville', 38);
INSERT INTO City (cityID, cityName, stateID)
Values (6885, 'Turkey City', 38);
INSERT INTO City (cityID, cityName, stateID)
Values (6886, 'Turtle Creek', 38);
INSERT INTO City (cityID, cityName, stateID)
Values (6887, 'Turtlepoint', 38);
INSERT INTO City (cityID, cityName, stateID)
Values (6888, 'Tuscarora', 38);
INSERT INTO City (cityID, cityName, stateID)
Values (6889, 'Twin Rocks', 38);
INSERT INTO City (cityID, cityName, stateID)
Values (6890, 'Tyler Hill', 38);
INSERT INTO City (cityID, cityName, stateID)
Values (6891, 'Tylersburg', 38);
INSERT INTO City (cityID, cityName, stateID)
Values (6892, 'Tylersport', 38);
INSERT INTO City (cityID, cityName, stateID)
Values (6893, 'Tylersville', 38);
INSERT INTO City (cityID, cityName, stateID)
Values (6894, 'Tyrone', 38);
INSERT INTO City (cityID, cityName, stateID)
Values (6895, 'Uledi', 38);
INSERT INTO City (cityID, cityName, stateID)
Values (6896, 'Ulster', 38);
INSERT INTO City (cityID, cityName, stateID)
Values (6897, 'Ulysses', 38);
INSERT INTO City (cityID, cityName, stateID)
Values (6898, 'Union City', 38);
INSERT INTO City (cityID, cityName, stateID)
Values (6899, 'Union Dale', 38);
INSERT INTO City (cityID, cityName, stateID)
Values (6900, 'Uniontown', 38);
INSERT INTO City (cityID, cityName, stateID)
Values (6901, 'Unionville', 38);
INSERT INTO City (cityID, cityName, stateID)
Values (6902, 'United', 38);
INSERT INTO City (cityID, cityName, stateID)
Values (6903, 'Unity House', 38);
INSERT INTO City (cityID, cityName, stateID)
Values (6904, 'Unityville', 38);
INSERT INTO City (cityID, cityName, stateID)
Values (6905, 'University Park', 38);
INSERT INTO City (cityID, cityName, stateID)
Values (6906, 'Upper Black Eddy', 38);
INSERT INTO City (cityID, cityName, stateID)
Values (6907, 'Upper Darby', 38);
INSERT INTO City (cityID, cityName, stateID)
Values (6908, 'Upperstrasburg', 38);
INSERT INTO City (cityID, cityName, stateID)
Values (6909, 'Ursina', 38);
INSERT INTO City (cityID, cityName, stateID)
Values (6910, 'Utica', 38);
INSERT INTO City (cityID, cityName, stateID)
Values (6911, 'Uwchland', 38);
INSERT INTO City (cityID, cityName, stateID)
Values (6912, 'Valencia', 38);
INSERT INTO City (cityID, cityName, stateID)
Values (6913, 'Valier', 38);
INSERT INTO City (cityID, cityName, stateID)
Values (6914, 'Valley Forge', 38);
INSERT INTO City (cityID, cityName, stateID)
Values (6915, 'Valley View', 38);
INSERT INTO City (cityID, cityName, stateID)
Values (6916, 'Van Voorhis', 38);
INSERT INTO City (cityID, cityName, stateID)
Values (6917, 'Vanderbilt', 38);
INSERT INTO City (cityID, cityName, stateID)
Values (6918, 'Vandergrift', 38);
INSERT INTO City (cityID, cityName, stateID)
Values (6919, 'Venango', 38);
INSERT INTO City (cityID, cityName, stateID)
Values (6920, 'Venetia', 38);
INSERT INTO City (cityID, cityName, stateID)
Values (6921, 'Venus', 38);
INSERT INTO City (cityID, cityName, stateID)
Values (6922, 'Verona', 38);
INSERT INTO City (cityID, cityName, stateID)
Values (6923, 'Vestaburg', 38);
INSERT INTO City (cityID, cityName, stateID)
Values (6924, 'Vicksburg', 38);
INSERT INTO City (cityID, cityName, stateID)
Values (6925, 'Villa Maria', 38);
INSERT INTO City (cityID, cityName, stateID)
Values (6926, 'Villanova', 38);
INSERT INTO City (cityID, cityName, stateID)
Values (6927, 'Vintondale', 38);
INSERT INTO City (cityID, cityName, stateID)
Values (6928, 'Virginville', 38);
INSERT INTO City (cityID, cityName, stateID)
Values (6929, 'Volant', 38);
INSERT INTO City (cityID, cityName, stateID)
Values (6930, 'Vowinckel', 38);
INSERT INTO City (cityID, cityName, stateID)
Values (6931, 'Wagontown', 38);
INSERT INTO City (cityID, cityName, stateID)
Values (6932, 'Wallaceton', 38);
INSERT INTO City (cityID, cityName, stateID)
Values (6933, 'Wallingford', 38);
INSERT INTO City (cityID, cityName, stateID)
Values (6934, 'Walnut Bottom', 38);
INSERT INTO City (cityID, cityName, stateID)
Values (6935, 'Walnutport', 38);
INSERT INTO City (cityID, cityName, stateID)
Values (6936, 'Walston', 38);
INSERT INTO City (cityID, cityName, stateID)
Values (6937, 'Waltersburg', 38);
INSERT INTO City (cityID, cityName, stateID)
Values (6938, 'Wampum', 38);
INSERT INTO City (cityID, cityName, stateID)
Values (6939, 'Wapwallopen', 38);
INSERT INTO City (cityID, cityName, stateID)
Values (6940, 'Warfordsburg', 38);
INSERT INTO City (cityID, cityName, stateID)
Values (6941, 'Warminster', 38);
INSERT INTO City (cityID, cityName, stateID)
Values (6942, 'Warren', 38);
INSERT INTO City (cityID, cityName, stateID)
Values (6943, 'Warren Center', 38);
INSERT INTO City (cityID, cityName, stateID)
Values (6944, 'Warrendale', 38);
INSERT INTO City (cityID, cityName, stateID)
Values (6945, 'Warrington', 38);
INSERT INTO City (cityID, cityName, stateID)
Values (6946, 'Warriors Mark', 38);
INSERT INTO City (cityID, cityName, stateID)
Values (6947, 'Washington', 38);
INSERT INTO City (cityID, cityName, stateID)
Values (6948, 'Washington Boro', 38);
INSERT INTO City (cityID, cityName, stateID)
Values (6949, 'Washington Crossing', 38);
INSERT INTO City (cityID, cityName, stateID)
Values (6950, 'Washingtonville', 38);
INSERT INTO City (cityID, cityName, stateID)
Values (6951, 'Waterfall', 38);
INSERT INTO City (cityID, cityName, stateID)
Values (6952, 'Waterford', 38);
INSERT INTO City (cityID, cityName, stateID)
Values (6953, 'Waterville', 38);
INSERT INTO City (cityID, cityName, stateID)
Values (6954, 'Watsontown', 38);
INSERT INTO City (cityID, cityName, stateID)
Values (6955, 'Wattsburg', 38);
INSERT INTO City (cityID, cityName, stateID)
Values (6956, 'Waverly', 38);
INSERT INTO City (cityID, cityName, stateID)
Values (6957, 'Waymart', 38);
INSERT INTO City (cityID, cityName, stateID)
Values (6958, 'Wayne', 38);
INSERT INTO City (cityID, cityName, stateID)
Values (6959, 'Waynesboro', 38);
INSERT INTO City (cityID, cityName, stateID)
Values (6960, 'Waynesburg', 38);
INSERT INTO City (cityID, cityName, stateID)
Values (6961, 'Weatherly', 38);
INSERT INTO City (cityID, cityName, stateID)
Values (6962, 'Webster', 38);
INSERT INTO City (cityID, cityName, stateID)
Values (6963, 'Weedville', 38);
INSERT INTO City (cityID, cityName, stateID)
Values (6964, 'Weikert', 38);
INSERT INTO City (cityID, cityName, stateID)
Values (6965, 'Wellersburg', 38);
INSERT INTO City (cityID, cityName, stateID)
Values (6966, 'Wells Tannery', 38);
INSERT INTO City (cityID, cityName, stateID)
Values (6967, 'Wellsboro', 38);
INSERT INTO City (cityID, cityName, stateID)
Values (6968, 'Wellsville', 38);
INSERT INTO City (cityID, cityName, stateID)
Values (6969, 'Wendel', 38);
INSERT INTO City (cityID, cityName, stateID)
Values (6970, 'Wernersville', 38);
INSERT INTO City (cityID, cityName, stateID)
Values (6971, 'West Alexander', 38);
INSERT INTO City (cityID, cityName, stateID)
Values (6972, 'West Chester', 38);
INSERT INTO City (cityID, cityName, stateID)
Values (6973, 'West Decatur', 38);
INSERT INTO City (cityID, cityName, stateID)
Values (6974, 'West Elizabeth', 38);
INSERT INTO City (cityID, cityName, stateID)
Values (6975, 'West Finley', 38);
INSERT INTO City (cityID, cityName, stateID)
Values (6976, 'West Grove', 38);
INSERT INTO City (cityID, cityName, stateID)
Values (6977, 'West Hickory', 38);
INSERT INTO City (cityID, cityName, stateID)
Values (6978, 'West Lebanon', 38);
INSERT INTO City (cityID, cityName, stateID)
Values (6979, 'West Leisenring', 38);
INSERT INTO City (cityID, cityName, stateID)
Values (6980, 'West Middlesex', 38);
INSERT INTO City (cityID, cityName, stateID)
Values (6981, 'West Middletown', 38);
INSERT INTO City (cityID, cityName, stateID)
Values (6982, 'West Mifflin', 38);
INSERT INTO City (cityID, cityName, stateID)
Values (6983, 'West Milton', 38);
INSERT INTO City (cityID, cityName, stateID)
Values (6984, 'West Newton', 38);
INSERT INTO City (cityID, cityName, stateID)
Values (6985, 'West Pittsburg', 38);
INSERT INTO City (cityID, cityName, stateID)
Values (6986, 'West Point', 38);
INSERT INTO City (cityID, cityName, stateID)
Values (6987, 'West Salisbury', 38);
INSERT INTO City (cityID, cityName, stateID)
Values (6988, 'West Springfield', 38);
INSERT INTO City (cityID, cityName, stateID)
Values (6989, 'West Sunbury', 38);
INSERT INTO City (cityID, cityName, stateID)
Values (6990, 'West Willow', 38);
INSERT INTO City (cityID, cityName, stateID)
Values (6991, 'Westfield', 38);
INSERT INTO City (cityID, cityName, stateID)
Values (6992, 'Westland', 38);
INSERT INTO City (cityID, cityName, stateID)
Values (6993, 'Westmoreland City', 38);
INSERT INTO City (cityID, cityName, stateID)
Values (6994, 'Weston', 38);
INSERT INTO City (cityID, cityName, stateID)
Values (6995, 'Westover', 38);
INSERT INTO City (cityID, cityName, stateID)
Values (6996, 'Westport', 38);
INSERT INTO City (cityID, cityName, stateID)
Values (6997, 'Westtown', 38);
INSERT INTO City (cityID, cityName, stateID)
Values (6998, 'Wexford', 38);
INSERT INTO City (cityID, cityName, stateID)
Values (6999, 'Wheatland', 38);
INSERT INTO City (cityID, cityName, stateID)
Values (7000, 'White', 38);
INSERT INTO City (cityID, cityName, stateID)
Values (7001, 'White Deer', 38);
INSERT INTO City (cityID, cityName, stateID)
Values (7002, 'White Haven', 38);
INSERT INTO City (cityID, cityName, stateID)
Values (7003, 'White Mills', 38);
INSERT INTO City (cityID, cityName, stateID)
Values (7004, 'Whitehall', 38);
INSERT INTO City (cityID, cityName, stateID)
Values (7005, 'Whitney', 38);
INSERT INTO City (cityID, cityName, stateID)
Values (7006, 'Wickhaven', 38);
INSERT INTO City (cityID, cityName, stateID)
Values (7007, 'Wiconisco', 38);
INSERT INTO City (cityID, cityName, stateID)
Values (7008, 'Widnoon', 38);
INSERT INTO City (cityID, cityName, stateID)
Values (7009, 'Wilburton', 38);
INSERT INTO City (cityID, cityName, stateID)
Values (7010, 'Wilcox', 38);
INSERT INTO City (cityID, cityName, stateID)
Values (7011, 'Wildwood', 38);
INSERT INTO City (cityID, cityName, stateID)
Values (7012, 'Wilkes Barre', 38);
INSERT INTO City (cityID, cityName, stateID)
Values (7013, 'Williamsburg', 38);
INSERT INTO City (cityID, cityName, stateID)
Values (7014, 'Williamson', 38);
INSERT INTO City (cityID, cityName, stateID)
Values (7015, 'Williamsport', 38);
INSERT INTO City (cityID, cityName, stateID)
Values (7016, 'Williamstown', 38);
INSERT INTO City (cityID, cityName, stateID)
Values (7017, 'Willow Grove', 38);
INSERT INTO City (cityID, cityName, stateID)
Values (7018, 'Willow Hill', 38);
INSERT INTO City (cityID, cityName, stateID)
Values (7019, 'Willow Street', 38);
INSERT INTO City (cityID, cityName, stateID)
Values (7020, 'Wilmerding', 38);
INSERT INTO City (cityID, cityName, stateID)
Values (7021, 'Wilmore', 38);
INSERT INTO City (cityID, cityName, stateID)
Values (7022, 'Winburne', 38);
INSERT INTO City (cityID, cityName, stateID)
Values (7023, 'Wind Gap', 38);
INSERT INTO City (cityID, cityName, stateID)
Values (7024, 'Wind Ridge', 38);
INSERT INTO City (cityID, cityName, stateID)
Values (7025, 'Windber', 38);
INSERT INTO City (cityID, cityName, stateID)
Values (7026, 'Windsor', 38);
INSERT INTO City (cityID, cityName, stateID)
Values (7027, 'Winfield', 38);
INSERT INTO City (cityID, cityName, stateID)
Values (7028, 'Witmer', 38);
INSERT INTO City (cityID, cityName, stateID)
Values (7029, 'Womelsdorf', 38);
INSERT INTO City (cityID, cityName, stateID)
Values (7030, 'Wood', 38);
INSERT INTO City (cityID, cityName, stateID)
Values (7031, 'Woodbury', 38);
INSERT INTO City (cityID, cityName, stateID)
Values (7032, 'Woodland', 38);
INSERT INTO City (cityID, cityName, stateID)
Values (7033, 'Woodlyn', 38);
INSERT INTO City (cityID, cityName, stateID)
Values (7034, 'Woodward', 38);
INSERT INTO City (cityID, cityName, stateID)
Values (7035, 'Woolrich', 38);
INSERT INTO City (cityID, cityName, stateID)
Values (7036, 'Worcester', 38);
INSERT INTO City (cityID, cityName, stateID)
Values (7037, 'Worthington', 38);
INSERT INTO City (cityID, cityName, stateID)
Values (7038, 'Worthville', 38);
INSERT INTO City (cityID, cityName, stateID)
Values (7039, 'Woxall', 38);
INSERT INTO City (cityID, cityName, stateID)
Values (7040, 'Wrightsville', 38);
INSERT INTO City (cityID, cityName, stateID)
Values (7041, 'Wyalusing', 38);
INSERT INTO City (cityID, cityName, stateID)
Values (7042, 'Wyano', 38);
INSERT INTO City (cityID, cityName, stateID)
Values (7043, 'Wycombe', 38);
INSERT INTO City (cityID, cityName, stateID)
Values (7044, 'Wyncote', 38);
INSERT INTO City (cityID, cityName, stateID)
Values (7045, 'Wynnewood', 38);
INSERT INTO City (cityID, cityName, stateID)
Values (7046, 'Wyoming', 38);
INSERT INTO City (cityID, cityName, stateID)
Values (7047, 'Wysox', 38);
INSERT INTO City (cityID, cityName, stateID)
Values (7048, 'Yatesboro', 38);
INSERT INTO City (cityID, cityName, stateID)
Values (7049, 'Yeagertown', 38);
INSERT INTO City (cityID, cityName, stateID)
Values (7050, 'York', 38);
INSERT INTO City (cityID, cityName, stateID)
Values (7051, 'York Haven', 38);
INSERT INTO City (cityID, cityName, stateID)
Values (7052, 'York New Salem', 38);
INSERT INTO City (cityID, cityName, stateID)
Values (7053, 'York Springs', 38);
INSERT INTO City (cityID, cityName, stateID)
Values (7054, 'Youngstown', 38);
INSERT INTO City (cityID, cityName, stateID)
Values (7055, 'Youngsville', 38);
INSERT INTO City (cityID, cityName, stateID)
Values (7056, 'Youngwood', 38);
INSERT INTO City (cityID, cityName, stateID)
Values (7057, 'Yukon', 38);
INSERT INTO City (cityID, cityName, stateID)
Values (7058, 'Zelienople', 38);
INSERT INTO City (cityID, cityName, stateID)
Values (7059, 'Zieglerville', 38);
INSERT INTO City (cityID, cityName, stateID)
Values (7060, 'Zion Grove', 38);
INSERT INTO City (cityID, cityName, stateID)
Values (7061, 'Zionhill', 38);
INSERT INTO City (cityID, cityName, stateID)
Values (7062, 'Zionsville', 38);
INSERT INTO City (cityID, cityName, stateID)
Values (7063, 'Zullinger', 38);

/* INSERT Statements For: Location */
INSERT INTO Location (locationID, locationName, locationAddress, locationZip, LocationContact, locationReferPrice, cityID)
Values (1, 'Flo on wheels cycles', '1222 Washington St', 07030, '201-798-5589', 25.00, 2224);
INSERT INTO Location (locationID, locationName, locationAddress, locationZip, LocationContact, locationReferPrice, cityID)
Values (2, 'James Vincent Bicycles', '351 Palisade Ave', 07307, '201-420-5151', 25.00, 2236);
INSERT INTO Location (locationID, locationName, locationAddress, locationZip, LocationContact, locationReferPrice, cityID)
Values (3, 'Grove Street Bicycles', '365 Grove St', 07302, '201-451-2453', 35.00, 2236);
INSERT INTO Location (locationID, locationName, locationAddress, locationZip, LocationContact, locationReferPrice, cityID)
Values (4, 'RGs Bicycle Shop', '890 Broadway', 07002, '201-823-0872', 15.00, 2028);
INSERT INTO Location (locationID, locationName, locationAddress, locationZip, LocationContact, locationReferPrice, cityID)
Values (5, 'Eddys Cycle City Inc', '635 Broadway', 07002, '201-339-3722', 25.00, 2028);
INSERT INTO Location (locationID, locationName, locationAddress, locationZip, LocationContact, locationReferPrice, cityID)
Values (6, 'Gotham Bikes', '101 Reade St', 10013, '212-732-2453', 25.00, 3566);
INSERT INTO Location (locationID, locationName, locationAddress, locationZip, LocationContact, locationReferPrice, cityID)
Values (7, 'Bicycle Habitat', '244 Lafayette St', 10012, '212-431-3315', 25.00, 3566);
INSERT INTO Location (locationID, locationName, locationAddress, locationZip, LocationContact, locationReferPrice, cityID)
Values (8, 'Recycle-A-Bicycle', '75 Avenue C', 10009, '212 475-1655', 10.00, 3566);
INSERT INTO Location (locationID, locationName, locationAddress, locationZip, LocationContact, locationReferPrice, cityID)
Values (9, 'Hudson Urban Bicycles', '139 Charles St', 10014, '212 965-9334', 25.00, 3566);
INSERT INTO Location (locationID, locationName, locationAddress, locationZip, LocationContact, locationReferPrice, cityID)
Values (10, 'Mello Velo Bicycle Shop & Cafe', '556 Westcott St', 13210, '315-307-3104', 25.00, 3992);
INSERT INTO Location (locationID, locationName, locationAddress, locationZip, LocationContact, locationReferPrice, cityID)
Values (11, 'Advance Cyclery', '118 Seeley Rd', 13224, '315-449-2453', 25.00, 3992);
INSERT INTO Location (locationID, locationName, locationAddress, locationZip, LocationContact, locationReferPrice, cityID)
Values (12, 'Syracuse Bicycle', '2540 Erie Blvd E', 13244, '315-446-6816', 25.00, 3992);


/* INSERT Statements For: Employee */
INSERT INTO Employee (empID, empLastName, empFirstName, empPhone, empAddress, empHireDate, empEmail, cityID, empRoleID, locationID)
Values (1, 'Juarez', 'Zephr', '1-225-480-1834', '674-4515 Massa Avenue', '2015-09-25 14:50:49', 'Duis@torquent.co.uk', 2224, 101, 1);
INSERT INTO Employee (empID, empLastName, empFirstName, empPhone, empAddress, empHireDate, empEmail, cityID, empRoleID, locationID)
Values (2, 'Rodriquez', 'Xena', '1-986-800-0509', '3980 Quam. Rd.', '2015-09-04 05:39:41', 'nisi.sem@ametmassaQuisque.com', 2236, 101, 2);
INSERT INTO Employee (empID, empLastName, empFirstName, empPhone, empAddress, empHireDate, empEmail, cityID, empRoleID, locationID)
Values (3, 'Williamson', 'Amethyst', '1-701-735-6128', 'Ap #703-1995 Euismod St.', '2014-12-10 01:25:17', 'nulla@ipsum.net', 2236, 101, 3);
INSERT INTO Employee (empID, empLastName, empFirstName, empPhone, empAddress, empHireDate, empEmail, cityID, empRoleID, locationID)
Values (4, 'Beck', 'Sade', '1-971-902-7184', 'Ap #688-7210 Sed St.', '2015-10-13 11:22:55', 'tempor.augue@lacus.edu', 2028, 101, 4);
INSERT INTO Employee (empID, empLastName, empFirstName, empPhone, empAddress, empHireDate, empEmail, cityID, empRoleID, locationID)
Values (5, 'Whitaker', 'Brock', '1-464-944-5054', 'P.O. Box 785, 9569 Nibh Rd.', '2015-10-30 00:50:56', 'lectus@liberomaurisaliquam.edu', 2028, 101, 5);
INSERT INTO Employee (empID, empLastName, empFirstName, empPhone, empAddress, empHireDate, empEmail, cityID, empRoleID, locationID)
Values (6, 'West', 'Xavier', '1-758-181-7735', 'P.O. Box 866, 7467 Nullam Road', '2014-09-29 18:17:43', 'non@sagittisplacerat.co.uk', 3566, 101, 6);
INSERT INTO Employee (empID, empLastName, empFirstName, empPhone, empAddress, empHireDate, empEmail, cityID, empRoleID, locationID)
Values (7, 'Maynard', 'Ira', '1-900-764-6227', 'Ap #734-3708 Neque. St.', '2015-01-24 17:30:51', 'in.felis@acmattissemper.com', 3566, 101, 7);
INSERT INTO Employee (empID, empLastName, empFirstName, empPhone, empAddress, empHireDate, empEmail, cityID, empRoleID, locationID)
Values (8, 'Boyd', 'Jonah', '1-525-419-9071', '757-2317 Volutpat Av.', '2014-10-02 14:41:46', 'tempus.lorem@Craseget.net', 3566, 101, 8);
INSERT INTO Employee (empID, empLastName, empFirstName, empPhone, empAddress, empHireDate, empEmail, cityID, empRoleID, locationID)
Values (9, 'Melton', 'Cody', '1-816-728-7913', '607-1694 Volutpat Ave', '2015-06-21 18:27:17', 'vulputate@pede.com', 3566, 101, 9);
INSERT INTO Employee (empID, empLastName, empFirstName, empPhone, empAddress, empHireDate, empEmail, cityID, empRoleID, locationID)
Values (10, 'Oconnor', 'Rudyard', '1-571-535-2824', '144-8808 Et Road', '2015-04-10 22:46:45', 'iaculis.quis.pede@Aliquamerat.co.uk', 3992, 101, 10);
INSERT INTO Employee (empID, empLastName, empFirstName, empPhone, empAddress, empHireDate, empEmail, cityID, empRoleID, locationID)
Values (11, 'Howe', 'Garrett', '1-163-191-1466', '980-4207 Amet St.', '2015-11-19 04:31:32', 'commodo.ipsum@duiquis.net', 3992, 101, 11);
INSERT INTO Employee (empID, empLastName, empFirstName, empPhone, empAddress, empHireDate, empEmail, cityID, empRoleID, locationID)
Values (12, 'Stewart', 'Erich', '1-241-353-1366', 'P.O. Box 907, 7031 Tristique Street', '2015-08-26 02:01:32', 'magna.et@ornaretortorat.co.uk', 3992, 101, 12);
INSERT INTO Employee (empID, empLastName, empFirstName, empPhone, empAddress, empHireDate, empEmail, cityID, empRoleID, locationID)
Values (13, 'Moody', 'Xandra', '1-344-864-8863', '302-711 Gravida St.', '2014-04-30 15:39:36', 'est.arcu.ac@lacusCras.com', 2224, 103, 1);
INSERT INTO Employee (empID, empLastName, empFirstName, empPhone, empAddress, empHireDate, empEmail, cityID, empRoleID, locationID)
Values (14, 'Mullen', 'Cleo', '1-948-287-2924', 'Ap #405-1984 Velit. Street', '2015-11-19 05:02:57', 'et.ultrices.posuere@tellus.edu', 2236, 103, 2);
INSERT INTO Employee (empID, empLastName, empFirstName, empPhone, empAddress, empHireDate, empEmail, cityID, empRoleID, locationID)
Values (15, 'Roy', 'Laith', '1-206-816-6298', 'P.O. Box 731, 1528 Ultrices Rd.', '2014-08-18 22:20:54', 'aliquet@pede.edu', 2236, 103, 3);
INSERT INTO Employee (empID, empLastName, empFirstName, empPhone, empAddress, empHireDate, empEmail, cityID, empRoleID, locationID)
Values (16, 'Holden', 'Blaine', '1-457-402-1568', 'P.O. Box 142, 5611 At St.', '2016-02-17 06:24:02', 'ut.molestie@non.net', 2028, 103, 4);
INSERT INTO Employee (empID, empLastName, empFirstName, empPhone, empAddress, empHireDate, empEmail, cityID, empRoleID, locationID)
Values (17, 'White', 'Troy', '1-453-347-7248', 'P.O. Box 191, 8707 Nibh. Rd.', '2015-03-22 23:34:49', 'nulla.at.sem@acsem.co.uk', 2028, 103, 5);
INSERT INTO Employee (empID, empLastName, empFirstName, empPhone, empAddress, empHireDate, empEmail, cityID, empRoleID, locationID)
Values (18, 'William', 'Jorden', '1-318-229-3634', 'P.O. Box 498, 2596 Duis Rd.', '2015-01-24 01:25:02', 'sem.Nulla.interdum@Nullamnisl.net', 3566, 103, 6);
INSERT INTO Employee (empID, empLastName, empFirstName, empPhone, empAddress, empHireDate, empEmail, cityID, empRoleID, locationID)
Values (19, 'Guy', 'Francis', '1-799-818-3259', 'Ap #703-2115 Ultricies Street', '2015-06-20 17:58:20', 'diam@mattisvelit.com', 3566, 103, 7);
INSERT INTO Employee (empID, empLastName, empFirstName, empPhone, empAddress, empHireDate, empEmail, cityID, empRoleID, locationID)
Values (20, 'Whitley', 'Odessa', '1-769-978-7620', '4275 Mollis. Avenue', '2014-05-31 00:35:47', 'Donec.consectetuer.mauris@Duiscursusdiam.com', 3566, 103, 8);
INSERT INTO Employee (empID, empLastName, empFirstName, empPhone, empAddress, empHireDate, empEmail, cityID, empRoleID, locationID)
Values (21, 'Caldwell', 'Evangeline', '1-675-536-6885', '2031 Quisque Road', '2014-11-07 07:30:28', 'leo.Morbi@afeugiat.org', 3566, 103, 9);
INSERT INTO Employee (empID, empLastName, empFirstName, empPhone, empAddress, empHireDate, empEmail, cityID, empRoleID, locationID)
Values (22, 'Velasquez', 'Emily', '1-402-319-0248', 'Ap #686-1813 Cras St.', '2016-01-06 19:26:10', 'felis.adipiscing@nislNullaeu.org', 3992, 103, 10);
INSERT INTO Employee (empID, empLastName, empFirstName, empPhone, empAddress, empHireDate, empEmail, cityID, empRoleID, locationID)
Values (23, 'Holmes', 'Reuben', '1-451-425-6993', '837-2301 Ipsum Avenue', '2015-12-29 14:48:04', 'risus@diam.edu', 3992, 103, 11);
INSERT INTO Employee (empID, empLastName, empFirstName, empPhone, empAddress, empHireDate, empEmail, cityID, empRoleID, locationID)
Values (24, 'Walton', 'Herman', '1-388-983-6658', '983-2723 Vivamus Av.', '2015-10-11 13:35:13', 'libero.Proin@duiaugueeu.ca', 3992, 103, 12);
INSERT INTO Employee (empID, empLastName, empFirstName, empPhone, empAddress, empHireDate, empEmail, cityID, empRoleID, locationID)
Values (25, 'Hill', 'George', '1-822-889-8114', 'P.O. Box 116, 8417 Diam. Rd.', '2015-05-21 16:46:47', 'ornare.facilisis@tincidunttempusrisus.co.uk', 2224, 103, 1);
INSERT INTO Employee (empID, empLastName, empFirstName, empPhone, empAddress, empHireDate, empEmail, cityID, empRoleID, locationID)
Values (26, 'Butler', 'Jayme', '1-795-251-6598', 'Ap #607-6172 Enim. St.', '2015-10-10 03:57:19', 'ac.eleifend@odioNam.com', 2236, 103, 2);
INSERT INTO Employee (empID, empLastName, empFirstName, empPhone, empAddress, empHireDate, empEmail, cityID, empRoleID, locationID)
Values (27, 'Walter', 'Norman', '1-537-599-6194', 'Ap #618-9186 Eros. Av.', '2015-03-20 22:21:11', 'ullamcorper.viverra@pretiumneque.com', 2236, 102, 3);
INSERT INTO Employee (empID, empLastName, empFirstName, empPhone, empAddress, empHireDate, empEmail, cityID, empRoleID, locationID)
Values (28, 'Powell', 'Burke', '1-267-251-1500', '439-6406 Sed Rd.', '2015-04-28 14:14:17', 'malesuada.malesuada@Vivamuseuismod.ca', 2028, 102, 4);
INSERT INTO Employee (empID, empLastName, empFirstName, empPhone, empAddress, empHireDate, empEmail, cityID, empRoleID, locationID)
Values (29, 'Malone', 'Fuller', '1-788-975-5012', '3147 Egestas. Ave', '2016-02-09 11:01:49', 'tempor.diam.dictum@posuerecubiliaCurae.com', 2028, 102, 5);
INSERT INTO Employee (empID, empLastName, empFirstName, empPhone, empAddress, empHireDate, empEmail, cityID, empRoleID, locationID)
Values (30, 'Hamilton', 'Tyler', '1-200-630-1442', 'Ap #938-9817 Enim. Av.', '2015-01-23 03:02:43', 'ac@ac.net', 3566, 102, 6);
INSERT INTO Employee (empID, empLastName, empFirstName, empPhone, empAddress, empHireDate, empEmail, cityID, empRoleID, locationID)
Values (31, 'Mcconnell', 'Elijah', '1-874-225-3297', '6181 Tempor Street', '2014-05-14 03:55:15', 'Cras.eu@acturpis.org', 3566, 102, 7);
INSERT INTO Employee (empID, empLastName, empFirstName, empPhone, empAddress, empHireDate, empEmail, cityID, empRoleID, locationID)
Values (32, 'Puckett', 'Zelenia', '1-458-644-6040', 'Ap #936-3063 Tempor Avenue', '2014-07-27 05:10:51', 'risus.In.mi@nibhvulputatemauris.ca', 3566, 102, 8);
INSERT INTO Employee (empID, empLastName, empFirstName, empPhone, empAddress, empHireDate, empEmail, cityID, empRoleID, locationID)
Values (33, 'Jenkins', 'Odysseus', '1-480-127-9729', '575 Cum Rd.', '2016-01-02 02:49:36', 'ligula.Nullam.enim@malesuada.net', 3566, 102, 9);
INSERT INTO Employee (empID, empLastName, empFirstName, empPhone, empAddress, empHireDate, empEmail, cityID, empRoleID, locationID)
Values (34, 'Roy', 'Jescie', '1-909-852-2713', 'P.O. Box 749, 9016 Urna. Road', '2015-05-31 22:41:09', 'nisl.arcu.iaculis@enim.com', 3992, 102, 10);
INSERT INTO Employee (empID, empLastName, empFirstName, empPhone, empAddress, empHireDate, empEmail, cityID, empRoleID, locationID)
Values (35, 'Gill', 'Talon', '1-979-574-2643', 'Ap #983-4844 Sed, Avenue', '2014-12-16 10:54:30', 'posuere@metusurna.org', 3992, 102, 11);
INSERT INTO Employee (empID, empLastName, empFirstName, empPhone, empAddress, empHireDate, empEmail, cityID, empRoleID, locationID)
Values (36, 'Holden', 'Keefe', '1-382-268-1914', '4017 Nascetur St.', '2015-09-24 05:14:39', 'amet@sit.ca', 3992, 102, 12);
INSERT INTO Employee (empID, empLastName, empFirstName, empPhone, empAddress, empHireDate, empEmail, cityID, empRoleID, locationID)
Values (37, 'Reeves', 'Lacey', '1-808-352-2310', 'Ap #313-3048 Nullam Ave', '2015-03-31 22:39:32', 'Quisque.varius@necmetusfacilisis.net', 2224, 104, 1);
INSERT INTO Employee (empID, empLastName, empFirstName, empPhone, empAddress, empHireDate, empEmail, cityID, empRoleID, locationID)
Values (38, 'Joyner', 'Cecilia', '1-830-538-1437', '853-6371 At Rd.', '2015-03-28 22:09:55', 'In.lorem@pede.org', 2236, 104, 2);
INSERT INTO Employee (empID, empLastName, empFirstName, empPhone, empAddress, empHireDate, empEmail, cityID, empRoleID, locationID)
Values (39, 'Mitchell', 'Drew', '1-173-419-1425', '5555 Aliquam St.', '2014-10-25 04:49:18', 'elit@Proinegetodio.ca', 2236, 104, 3);
INSERT INTO Employee (empID, empLastName, empFirstName, empPhone, empAddress, empHireDate, empEmail, cityID, empRoleID, locationID)
Values (40, 'Hale', 'Noah', '1-610-673-4650', 'P.O. Box 116, 8232 Ornare Rd.', '2015-10-08 19:47:48', 'risus@Etiamgravida.co.uk', 2028, 104, 4);
INSERT INTO Employee (empID, empLastName, empFirstName, empPhone, empAddress, empHireDate, empEmail, cityID, empRoleID, locationID)
Values (41, 'Monroe', 'Eric', '1-157-226-5752', '695-7957 Ligula St.', '2014-05-02 14:05:58', 'magna@Suspendissetristique.edu', 2028, 104, 5);
INSERT INTO Employee (empID, empLastName, empFirstName, empPhone, empAddress, empHireDate, empEmail, cityID, empRoleID, locationID)
Values (42, 'Merrill', 'Alexis', '1-379-735-2235', 'P.O. Box 887, 4992 Malesuada St.', '2014-10-12 13:31:46', 'libero.at.auctor@pharetraQuisque.co.uk', 3566, 104, 6);
INSERT INTO Employee (empID, empLastName, empFirstName, empPhone, empAddress, empHireDate, empEmail, cityID, empRoleID, locationID)
Values (43, 'Castillo', 'Berk', '1-499-373-8227', '3758 Auctor, St.', '2015-06-28 00:22:38', 'faucibus@odio.ca', 3566, 104, 7);
INSERT INTO Employee (empID, empLastName, empFirstName, empPhone, empAddress, empHireDate, empEmail, cityID, empRoleID, locationID)
Values (44, 'Ayala', 'Salvador', '1-895-479-4144', 'P.O. Box 127, 8019 Risus. Rd.', '2015-03-18 10:42:35', 'mi@magnisdisparturient.co.uk', 3566, 104, 8);
INSERT INTO Employee (empID, empLastName, empFirstName, empPhone, empAddress, empHireDate, empEmail, cityID, empRoleID, locationID)
Values (45, 'Hall', 'Declan', '1-844-643-4819', 'Ap #236-7817 Leo. Road', '2015-01-11 19:51:59', 'diam.luctus@ornaretortorat.net', 3566, 104, 9);
INSERT INTO Employee (empID, empLastName, empFirstName, empPhone, empAddress, empHireDate, empEmail, cityID, empRoleID, locationID)
Values (46, 'Holloway', 'Candace', '1-563-119-0992', '593-3261 Integer Street', '2015-06-14 12:20:04', 'magna.Lorem.ipsum@auctor.com', 3992, 104, 10);
INSERT INTO Employee (empID, empLastName, empFirstName, empPhone, empAddress, empHireDate, empEmail, cityID, empRoleID, locationID)
Values (47, 'Orr', 'Amity', '1-467-202-3225', 'Ap #350-2725 Maecenas Rd.', '2015-03-08 20:59:35', 'mi.pede.nonummy@ipsumnuncid.edu', 3992, 104, 11);
INSERT INTO Employee (empID, empLastName, empFirstName, empPhone, empAddress, empHireDate, empEmail, cityID, empRoleID, locationID)
Values (48, 'Kent', 'Dara', '1-833-722-1812', 'Ap #224-8932 Velit Ave', '2014-04-04 15:29:24', 'ligula.Nullam.enim@consectetueradipiscing.ca', 3992, 104, 12);
INSERT INTO Employee (empID, empLastName, empFirstName, empPhone, empAddress, empHireDate, empEmail, cityID, empRoleID, locationID)
Values (49, 'Small', 'Kirestin', '1-516-453-3199', '803-7623 Scelerisque Rd.', '2016-02-02 08:24:19', 'fermentum.metus.Aenean@tincidunt.co.uk', 2224, 104, 1);
INSERT INTO Employee (empID, empLastName, empFirstName, empPhone, empAddress, empHireDate, empEmail, cityID, empRoleID, locationID)
Values (50, 'Cain', 'Gil', '1-565-765-0091', 'Ap #821-5647 Orci Av.', '2015-09-09 15:54:26', 'ac@Pellentesque.com', 2236, 104, 2);
INSERT INTO Employee (empID, empLastName, empFirstName, empPhone, empAddress, empHireDate, empEmail, cityID, empRoleID, locationID)
Values (51, 'Montoya', 'Ignatius', '1-120-617-5925', 'P.O. Box 369, 1055 Facilisis St.', '2015-06-11 07:45:30', 'arcu.Sed@tempus.ca', 2236, 104, 3);
INSERT INTO Employee (empID, empLastName, empFirstName, empPhone, empAddress, empHireDate, empEmail, cityID, empRoleID, locationID)
Values (52, 'Daniel', 'Alexa', '1-485-832-9340', 'Ap #641-7970 Aliquet Rd.', '2014-04-19 20:18:48', 'elementum.dui.quis@faucibus.co.uk', 2028, 104, 4);
INSERT INTO Employee (empID, empLastName, empFirstName, empPhone, empAddress, empHireDate, empEmail, cityID, empRoleID, locationID)
Values (53, 'Galloway', 'Cora', '1-403-713-8778', '2415 Vel, Road', '2015-05-03 02:05:30', 'montes@Vivamus.org', 2028, 104, 5);
INSERT INTO Employee (empID, empLastName, empFirstName, empPhone, empAddress, empHireDate, empEmail, cityID, empRoleID, locationID)
Values (54, 'Stevenson', 'Robin', '1-541-296-7639', 'P.O. Box 795, 9805 Nec, Rd.', '2016-03-06 07:56:42', 'non.hendrerit.id@velvulputateeu.com', 3566, 104, 6);
INSERT INTO Employee (empID, empLastName, empFirstName, empPhone, empAddress, empHireDate, empEmail, cityID, empRoleID, locationID)
Values (55, 'Stone', 'Amy', '1-376-249-0621', '4950 Ultricies St.', '2015-12-21 01:18:00', 'sapien.Cras@nuncest.com', 3566, 106, 7);

/* INSERT Statements For: LocationService */
INSERT INTO LocationService (locationID, serviceID, servicePrice)
Values (1, 1, 50.00);
INSERT INTO LocationService (locationID, serviceID, servicePrice)
Values (2, 1, 60.00);
INSERT INTO LocationService (locationID, serviceID, servicePrice)
Values (3, 1, 50.00);
INSERT INTO LocationService (locationID, serviceID, servicePrice)
Values (4, 1, 50.00);
INSERT INTO LocationService (locationID, serviceID, servicePrice)
Values (5, 1, 50.00);
INSERT INTO LocationService (locationID, serviceID, servicePrice)
Values (6, 1, 50.00);
INSERT INTO LocationService (locationID, serviceID, servicePrice)
Values (7, 1, 70.00);
INSERT INTO LocationService (locationID, serviceID, servicePrice)
Values (8, 1, 45.00);
INSERT INTO LocationService (locationID, serviceID, servicePrice)
Values (9, 1, 45.00);
INSERT INTO LocationService (locationID, serviceID, servicePrice)
Values (10, 1, 45.00);
INSERT INTO LocationService (locationID, serviceID, servicePrice)
Values (11, 1, 45.00);
INSERT INTO LocationService (locationID, serviceID, servicePrice)
Values (12, 1, 45.00);
INSERT INTO LocationService (locationID, serviceID, servicePrice)
Values (1, 2, 55.00);
INSERT INTO LocationService (locationID, serviceID, servicePrice)
Values (2, 2, 60.00);
INSERT INTO LocationService (locationID, serviceID, servicePrice)
Values (3, 2, 60.00);
INSERT INTO LocationService (locationID, serviceID, servicePrice)
Values (4, 2, 60.00);
INSERT INTO LocationService (locationID, serviceID, servicePrice)
Values (5, 2, 60.00);
INSERT INTO LocationService (locationID, serviceID, servicePrice)
Values (6, 2, 65.00);
INSERT INTO LocationService (locationID, serviceID, servicePrice)
Values (7, 2, 60.00);
INSERT INTO LocationService (locationID, serviceID, servicePrice)
Values (8, 2, 60.00);
INSERT INTO LocationService (locationID, serviceID, servicePrice)
Values (9, 2, 50.00);
INSERT INTO LocationService (locationID, serviceID, servicePrice)
Values (10, 2, 50.00);
INSERT INTO LocationService (locationID, serviceID, servicePrice)
Values (11, 2, 50.00);
INSERT INTO LocationService (locationID, serviceID, servicePrice)
Values (12, 2, 50.00);
INSERT INTO LocationService (locationID, serviceID, servicePrice)
Values (1, 3, 90.00);
INSERT INTO LocationService (locationID, serviceID, servicePrice)
Values (2, 3, 100.00);
INSERT INTO LocationService (locationID, serviceID, servicePrice)
Values (3, 3, 110.00);
INSERT INTO LocationService (locationID, serviceID, servicePrice)
Values (4, 3, 120.00);
INSERT INTO LocationService (locationID, serviceID, servicePrice)
Values (5, 3, 110.00);
INSERT INTO LocationService (locationID, serviceID, servicePrice)
Values (6, 3, 100.00);
INSERT INTO LocationService (locationID, serviceID, servicePrice)
Values (7, 3, 90.00);
INSERT INTO LocationService (locationID, serviceID, servicePrice)
Values (8, 3, 90.00);
INSERT INTO LocationService (locationID, serviceID, servicePrice)
Values (9, 3, 90.00);
INSERT INTO LocationService (locationID, serviceID, servicePrice)
Values (10, 3, 90.00);
INSERT INTO LocationService (locationID, serviceID, servicePrice)
Values (11, 3, 90.00);
INSERT INTO LocationService (locationID, serviceID, servicePrice)
Values (12, 3, 80.00);
INSERT INTO LocationService (locationID, serviceID, servicePrice)
Values (1, 15, 15.00);
INSERT INTO LocationService (locationID, serviceID, servicePrice)
Values (2, 15, 15.00);
INSERT INTO LocationService (locationID, serviceID, servicePrice)
Values (3, 15, 15.00);
INSERT INTO LocationService (locationID, serviceID, servicePrice)
Values (4, 15, 15.00);
INSERT INTO LocationService (locationID, serviceID, servicePrice)
Values (5, 15, 15.00);
INSERT INTO LocationService (locationID, serviceID, servicePrice)
Values (6, 15, 15.00);
INSERT INTO LocationService (locationID, serviceID, servicePrice)
Values (7, 15, 15.00);
INSERT INTO LocationService (locationID, serviceID, servicePrice)
Values (8, 15, 15.00);
INSERT INTO LocationService (locationID, serviceID, servicePrice)
Values (9, 15, 10.00);
INSERT INTO LocationService (locationID, serviceID, servicePrice)
Values (10, 15, 10.00);
INSERT INTO LocationService (locationID, serviceID, servicePrice)
Values (11, 15, 10.00);
INSERT INTO LocationService (locationID, serviceID, servicePrice)
Values (12, 15, 10.00);
INSERT INTO LocationService (locationID, serviceID, servicePrice)
Values (1, 16, 20.00);
INSERT INTO LocationService (locationID, serviceID, servicePrice)
Values (2, 16, 20.00);
INSERT INTO LocationService (locationID, serviceID, servicePrice)
Values (3, 16, 20.00);
INSERT INTO LocationService (locationID, serviceID, servicePrice)
Values (4, 16, 20.00);
INSERT INTO LocationService (locationID, serviceID, servicePrice)
Values (5, 16, 20.00);
INSERT INTO LocationService (locationID, serviceID, servicePrice)
Values (6, 16, 20.00);
INSERT INTO LocationService (locationID, serviceID, servicePrice)
Values (7, 16, 20.00);
INSERT INTO LocationService (locationID, serviceID, servicePrice)
Values (8, 16, 20.00);
INSERT INTO LocationService (locationID, serviceID, servicePrice)
Values (9, 16, 20.00);
INSERT INTO LocationService (locationID, serviceID, servicePrice)
Values (10, 16, 15.00);
INSERT INTO LocationService (locationID, serviceID, servicePrice)
Values (11, 16, 15.00);
INSERT INTO LocationService (locationID, serviceID, servicePrice)
Values (12, 16, 15.00);
INSERT INTO LocationService (locationID, serviceID, servicePrice)
Values (1, 5, 20.00);
INSERT INTO LocationService (locationID, serviceID, servicePrice)
Values (2, 5, 20.00);
INSERT INTO LocationService (locationID, serviceID, servicePrice)
Values (3, 5, 20.00);
INSERT INTO LocationService (locationID, serviceID, servicePrice)
Values (4, 5, 20.00);
INSERT INTO LocationService (locationID, serviceID, servicePrice)
Values (5, 5, 20.00);
INSERT INTO LocationService (locationID, serviceID, servicePrice)
Values (6, 5, 20.00);
INSERT INTO LocationService (locationID, serviceID, servicePrice)
Values (7, 5, 20.00);
INSERT INTO LocationService (locationID, serviceID, servicePrice)
Values (8, 5, 20.00);
INSERT INTO LocationService (locationID, serviceID, servicePrice)
Values (9, 5, 20.00);
INSERT INTO LocationService (locationID, serviceID, servicePrice)
Values (10, 5, 20.00);
INSERT INTO LocationService (locationID, serviceID, servicePrice)
Values (11, 5, 20.00);
INSERT INTO LocationService (locationID, serviceID, servicePrice)
Values (12, 5, 20.00);
/* INSERT Statements For: ServiceStatus */
INSERT INTO ServiceStatus (serviceStatusID, statusName, statusDesc)
Values (1, 'NOT YET STARTED', 'Bike is awaiting a Bike  Mechanic to start working on your bike');
INSERT INTO ServiceStatus (serviceStatusID, statusName, statusDesc)
Values (2, 'IN PROGRESS', 'Work as been assigned and is still in progress');
INSERT INTO ServiceStatus (serviceStatusID, statusName, statusDesc)
Values (3, 'COMPLETED: READY FOR PICK UP', 'Bike work is done and ready for pick up');
INSERT INTO ServiceStatus (serviceStatusID, statusName, statusDesc)
Values (4, 'COMPLETED: RETURNED TO CUSTOMER', 'Bike has been returned to customer, customer confirm work has been done to satisfaction ');
/* INSERT Statements For: BikeType */
INSERT INTO BikeType (bikeTypeID, bikeType)
Values (1, 'Mountain');
INSERT INTO BikeType (bikeTypeID, bikeType)
Values (2, 'Hybrid');
INSERT INTO BikeType (bikeTypeID, bikeType)
Values (3, 'Road');
INSERT INTO BikeType (bikeTypeID, bikeType)
Values (4, 'Vintage');
/* INSERT Statements For: BikeCondition */
INSERT INTO BikeCondition (bikeConditionID, bikeCondition, bikeConditionDesc)
Values (100, 'NEW', 'New bike from Warehouse');
INSERT INTO BikeCondition (bikeConditionID, bikeCondition, bikeConditionDesc)
Values (200, 'OLD', 'Used bike that customer traded in');
INSERT INTO BikeCondition (bikeConditionID, bikeCondition, bikeConditionDesc)
Values (300, 'EXTERNAL', 'This is a bike only in store to be serviced, any bike or bikes that a customer owns is condersided external');
/* INSERT Statements For: Customer */
INSERT INTO Customer (customerID, customerLast, customerFirst, customerPhone, customerAddress, customerZipcode, customerJoinDate, customerEmail, cityID)
Values (1000, 'Holcomb', 'Serena', '1-494-564-2028', '247-2947 Curae; St.', 11716, '2015-06-09 10:54:31', 'et.ultrices.posuere@aliquet.net', 2224);
INSERT INTO Customer (customerID, customerLast, customerFirst, customerPhone, customerAddress, customerZipcode, customerJoinDate, customerEmail, cityID)
Values (1001, 'Salas', 'Leila', '1-157-187-7041', '913-2634 Laoreet, Road', 01261, '2015-06-24 20:55:57', 'Aliquam.vulputate@velmaurisInteger.org', 2236);
INSERT INTO Customer (customerID, customerLast, customerFirst, customerPhone, customerAddress, customerZipcode, customerJoinDate, customerEmail, cityID)
Values (1002, 'Delacruz', 'Kelsey', '1-467-883-3306', '4863 Ac Ave', 09774, '2015-05-28 14:17:00', 'gravida.molestie@odioauctor.co.uk', 2236);
INSERT INTO Customer (customerID, customerLast, customerFirst, customerPhone, customerAddress, customerZipcode, customerJoinDate, customerEmail, cityID)
Values (1003, 'Hays', 'Quin', '1-211-678-7048', '717-6729 Viverra. Rd.', 02124, '2016-01-31 10:32:24', 'diam@milaciniamattis.net', 2028);
INSERT INTO Customer (customerID, customerLast, customerFirst, customerPhone, customerAddress, customerZipcode, customerJoinDate, customerEmail, cityID)
Values (1004, 'Matthews', 'Xantha', '1-424-403-2848', '765-3477 Consequat Ave', 02124, '2014-09-12 06:55:31', 'leo.Morbi@Aliquam.co.uk', 2028);
INSERT INTO Customer (customerID, customerLast, customerFirst, customerPhone, customerAddress, customerZipcode, customerJoinDate, customerEmail, cityID)
Values (1005, 'Frederick', 'Nissim', '1-646-189-1507', '217-3447 Faucibus St.', 02124, '2014-06-02 21:27:36', 'iaculis@inmolestietortor.edu', 3566);
INSERT INTO Customer (customerID, customerLast, customerFirst, customerPhone, customerAddress, customerZipcode, customerJoinDate, customerEmail, cityID)
Values (1006, 'Dickerson', 'Slade', '1-877-978-0160', 'P.O. Box 799, 722 Nec, St.', 60983, '2015-12-22 10:18:06', 'Cum.sociis.natoque@rutrum.net', 3566);
INSERT INTO Customer (customerID, customerLast, customerFirst, customerPhone, customerAddress, customerZipcode, customerJoinDate, customerEmail, cityID)
Values (1007, 'Hebert', 'Abel', '1-910-315-2303', '7996 Natoque Rd.', 27801, '2014-07-11 04:16:49', 'quis@Suspendisse.edu', 3566);
INSERT INTO Customer (customerID, customerLast, customerFirst, customerPhone, customerAddress, customerZipcode, customerJoinDate, customerEmail, cityID)
Values (1008, 'Pickett', 'Harper', '1-545-124-6683', 'Ap #226-8329 Luctus Avenue', 36515, '2015-12-04 15:11:55', 'sem.elit@adipiscing.com', 3566);
INSERT INTO Customer (customerID, customerLast, customerFirst, customerPhone, customerAddress, customerZipcode, customerJoinDate, customerEmail, cityID)
Values (1009, 'Sellers', 'Sharon', '1-143-962-2952', '4486 Euismod St.', 15427, '2015-11-16 22:45:46', 'Praesent@nibh.ca', 3992);
INSERT INTO Customer (customerID, customerLast, customerFirst, customerPhone, customerAddress, customerZipcode, customerJoinDate, customerEmail, cityID)
Values (1010, 'Snyder', 'Faith', '1-267-525-6017', 'Ap #786-307 Curabitur Road', 06833, '2014-12-12 04:06:13', 'est.Nunc.laoreet@nequeMorbi.com', 3992);
INSERT INTO Customer (customerID, customerLast, customerFirst, customerPhone, customerAddress, customerZipcode, customerJoinDate, customerEmail, cityID)
Values (1011, 'Le', 'Alea', '1-796-555-7505', 'Ap #568-4774 Vel Road', 10338, '2015-03-11 10:39:51', 'eu.ligula.Aenean@vitae.co.uk', 3992);
INSERT INTO Customer (customerID, customerLast, customerFirst, customerPhone, customerAddress, customerZipcode, customerJoinDate, customerEmail, cityID)
Values (1012, 'Glover', 'Lacy', '1-454-861-6241', '638-8912 Ut Road', 09667, '2016-02-05 15:21:04', 'dolor.sit.amet@lobortis.edu', 2224);
INSERT INTO Customer (customerID, customerLast, customerFirst, customerPhone, customerAddress, customerZipcode, customerJoinDate, customerEmail, cityID)
Values (1013, 'Anthony', 'Ferris', '1-395-675-6160', '201-6370 Nullam Avenue', 04018, '2014-09-30 01:58:20', 'sed.libero.Proin@orci.net', 2236);
INSERT INTO Customer (customerID, customerLast, customerFirst, customerPhone, customerAddress, customerZipcode, customerJoinDate, customerEmail, cityID)
Values (1014, 'Jarvis', 'Drew', '1-452-587-7049', 'Ap #482-4812 Tristique St.', 04279, '2015-06-29 12:36:45', 'nulla@placerat.co.uk', 2236);
INSERT INTO Customer (customerID, customerLast, customerFirst, customerPhone, customerAddress, customerZipcode, customerJoinDate, customerEmail, cityID)
Values (1015, 'Dillard', 'Serena', '1-115-240-2234', '262-8646 Mauris St.', 06464, '2014-04-23 12:10:32', 'interdum.feugiat.Sed@nonsapienmolestie.com', 2028);
INSERT INTO Customer (customerID, customerLast, customerFirst, customerPhone, customerAddress, customerZipcode, customerJoinDate, customerEmail, cityID)
Values (1016, 'Leblanc', 'Cassady', '1-556-527-8796', '666-3191 Dictum St.', 78460, '2014-09-29 00:22:22', 'dictum.augue.malesuada@facilisisfacilisismagna.com', 2028);
INSERT INTO Customer (customerID, customerLast, customerFirst, customerPhone, customerAddress, customerZipcode, customerJoinDate, customerEmail, cityID)
Values (1017, 'Luna', 'Martina', '1-548-451-3692', '458-4392 Odio St.', 99270, '2014-12-17 05:21:34', 'egestas@elitelit.org', 3566);
INSERT INTO Customer (customerID, customerLast, customerFirst, customerPhone, customerAddress, customerZipcode, customerJoinDate, customerEmail, cityID)
Values (1018, 'Dudley', 'Denise', '1-480-357-5059', 'Ap #901-4800 Et Road', 09848, '2015-01-29 11:09:34', 'diam@orci.org', 3566);
INSERT INTO Customer (customerID, customerLast, customerFirst, customerPhone, customerAddress, customerZipcode, customerJoinDate, customerEmail, cityID)
Values (1019, 'Hood', 'Isabelle', '1-285-977-5098', 'P.O. Box 375, 1055 Etiam Rd.', 03423, '2014-03-28 10:25:45', 'auctor.nunc.nulla@turpis.ca', 3992);
INSERT INTO Customer (customerID, customerLast, customerFirst, customerPhone, customerAddress, customerZipcode, customerJoinDate, customerEmail, cityID)
Values (1020, 'Moody', 'Chava', '1-717-435-8814', '237-6547 In Av.', 03463, '2015-09-27 23:34:50', 'dapibus.ligula.Aliquam@Inornaresagittis.ca', 2224);
INSERT INTO Customer (customerID, customerLast, customerFirst, customerPhone, customerAddress, customerZipcode, customerJoinDate, customerEmail, cityID)
Values (1021, 'Bentley', 'Sybil', '1-354-804-8039', 'P.O. Box 755, 7719 Egestas Ave', 06476, '2015-10-06 23:58:21', 'sit.amet.ultricies@Sedeget.com', 2236);
INSERT INTO Customer (customerID, customerLast, customerFirst, customerPhone, customerAddress, customerZipcode, customerJoinDate, customerEmail, cityID)
Values (1022, 'Hurst', 'Lee', '1-455-264-4611', '1513 Urna, Avenue', 06486, '2015-04-15 05:06:28', 'Proin.sed@arcuiaculis.edu', 2236);
INSERT INTO Customer (customerID, customerLast, customerFirst, customerPhone, customerAddress, customerZipcode, customerJoinDate, customerEmail, cityID)
Values (1023, 'Mercado', 'Sheila', '1-314-320-6888', 'Ap #449-7521 Justo Avenue', 42214, '2015-01-10 00:38:42', 'feugiat@Sedeu.org', 2028);
INSERT INTO Customer (customerID, customerLast, customerFirst, customerPhone, customerAddress, customerZipcode, customerJoinDate, customerEmail, cityID)
Values (1024, 'Oliver', 'Caesar', '1-511-534-1330', 'Ap #197-432 Faucibus Avenue', 05613, '2014-11-03 18:20:35', 'lorem.vitae@ametmetusAliquam.net', 2028);
INSERT INTO Customer (customerID, customerLast, customerFirst, customerPhone, customerAddress, customerZipcode, customerJoinDate, customerEmail, cityID)
Values (1025, 'Clark', 'Barrett', '1-581-575-4921', '298 Primis St.', 23107, '2014-07-24 00:05:59', 'libero.at@interdumenimnon.ca', 3566);
INSERT INTO Customer (customerID, customerLast, customerFirst, customerPhone, customerAddress, customerZipcode, customerJoinDate, customerEmail, cityID)
Values (1026, 'Hyde', 'Cheyenne', '1-942-791-8198', '899-7886 Mauris Avenue', 62002, '2014-02-25 02:04:12', 'non.justo@neceuismod.ca', 3566);
INSERT INTO Customer (customerID, customerLast, customerFirst, customerPhone, customerAddress, customerZipcode, customerJoinDate, customerEmail, cityID)
Values (1027, 'Combs', 'Dara', '1-587-592-1922', 'P.O. Box 760, 5218 Vivamus St.', 30504, '2015-04-23 10:43:24', 'pellentesque.a.facilisis@molestiepharetranibh.edu', 3992);
INSERT INTO Customer (customerID, customerLast, customerFirst, customerPhone, customerAddress, customerZipcode, customerJoinDate, customerEmail, cityID)
Values (1028, 'Pate', 'Xanthus', '1-421-564-1936', '6557 Quam Rd.', 48359, '2015-02-26 21:15:47', 'Donec.elementum.lorem@enimMauris.edu', 2224);
INSERT INTO Customer (customerID, customerLast, customerFirst, customerPhone, customerAddress, customerZipcode, customerJoinDate, customerEmail, cityID)
Values (1029, 'Mack', 'Vivien', '1-316-426-2237', 'P.O. Box 288, 7011 In Rd.', 65055, '2014-06-06 19:46:00', 'dui@enimSuspendisse.org', 2236);
INSERT INTO Customer (customerID, customerLast, customerFirst, customerPhone, customerAddress, customerZipcode, customerJoinDate, customerEmail, cityID)
Values (1030, 'Bright', 'Belle', '1-576-460-3320', '397-1749 Primis St.', 64323, '2015-05-18 20:00:39', 'Nulla.dignissim.Maecenas@Maecenas.org', 2236);
/* INSERT Statements For: Event */
INSERT INTO Event (eventID, eventName, eventAddress, eventZipcode, eventDate, eventStartTime, eventEndTime, eventdesc, locationID, cityID)
Values (10, 'Cycle for Survival', '6727 Eleifend. St.', 11716, '6/9/2014', '09:00', '13:00', 'Lets Cycle for Cancer', 1, 2224);
INSERT INTO Event (eventID, eventName, eventAddress, eventZipcode, eventDate, eventStartTime, eventEndTime, eventdesc, locationID, cityID)
Values (20, 'Morning 50 Mile Tour', '238-8759 Ipsum. Road', 01261, '6/24/2014', '07:00', '13:00', 'Morning touring from bike store to Mountain Park', 2, 2236);
INSERT INTO Event (eventID, eventName, eventAddress, eventZipcode, eventDate, eventStartTime, eventEndTime, eventdesc, locationID, cityID)
Values (30, 'Liberty State Park Bike Ride', '425-8950 Mauris St.', 09774, '5/28/2014', '10:00', '13:00', '20 Mile Warm up tour', 3, 2236);
INSERT INTO Event (eventID, eventName, eventAddress, eventZipcode, eventDate, eventStartTime, eventEndTime, eventdesc, locationID, cityID)
Values (40, 'Sunday Morning Wake up Ride', '3340 Urna. Rd.', 02124, '1/31/2014', '08:00', '10:00', 'Meet in front of cafe   ', 5, 2028);
INSERT INTO Event (eventID, eventName, eventAddress, eventZipcode, eventDate, eventStartTime, eventEndTime, eventdesc, locationID, cityID)
Values (50, 'Basic Bike Maintenance Course', '3546 Quam Avenue', 02124, '9/12/2014', '11:30', '12:30', 'Class on how to maintain you bike so it lasts longer and performs better', 5, 2028);
/* INSERT Statements For: EventCustomer */
INSERT INTO EventCustomer (eventID, customerID)
Values (10, 1000);
INSERT INTO EventCustomer (eventID, customerID)
Values (10, 1001);
INSERT INTO EventCustomer (eventID, customerID)
Values (10, 1002);
INSERT INTO EventCustomer (eventID, customerID)
Values (10, 1003);
INSERT INTO EventCustomer (eventID, customerID)
Values (10, 1004);
INSERT INTO EventCustomer (eventID, customerID)
Values (10, 1005);
INSERT INTO EventCustomer (eventID, customerID)
Values (10, 1006);
INSERT INTO EventCustomer (eventID, customerID)
Values (10, 1007);
INSERT INTO EventCustomer (eventID, customerID)
Values (10, 1008);
INSERT INTO EventCustomer (eventID, customerID)
Values (20, 1008);
INSERT INTO EventCustomer (eventID, customerID)
Values (20, 1009);
INSERT INTO EventCustomer (eventID, customerID)
Values (20, 1010);
INSERT INTO EventCustomer (eventID, customerID)
Values (20, 1011);
INSERT INTO EventCustomer (eventID, customerID)
Values (20, 1012);
INSERT INTO EventCustomer (eventID, customerID)
Values (30, 1013);
INSERT INTO EventCustomer (eventID, customerID)
Values (30, 1014);
INSERT INTO EventCustomer (eventID, customerID)
Values (30, 1015);
INSERT INTO EventCustomer (eventID, customerID)
Values (30, 1016);
INSERT INTO EventCustomer (eventID, customerID)
Values (30, 1017);
INSERT INTO EventCustomer (eventID, customerID)
Values (30, 1018);
INSERT INTO EventCustomer (eventID, customerID)
Values (40, 1017);
INSERT INTO EventCustomer (eventID, customerID)
Values (40, 1018);
INSERT INTO EventCustomer (eventID, customerID)
Values (40, 1019);
INSERT INTO EventCustomer (eventID, customerID)
Values (40, 1020);
INSERT INTO EventCustomer (eventID, customerID)
Values (50, 1021);
INSERT INTO EventCustomer (eventID, customerID)
Values (50, 1022);
INSERT INTO EventCustomer (eventID, customerID)
Values (50, 1023);
INSERT INTO EventCustomer (eventID, customerID)
Values (50, 1024);
INSERT INTO EventCustomer (eventID, customerID)
Values (50, 1025);
INSERT INTO EventCustomer (eventID, customerID)
Values (50, 1026);
INSERT INTO EventCustomer (eventID, customerID)
Values (50, 1027);
INSERT INTO EventCustomer (eventID, customerID)
Values (50, 1028);
INSERT INTO EventCustomer (eventID, customerID)
Values (50, 1029);
INSERT INTO EventCustomer (eventID, customerID)
Values (50, 1000);
INSERT INTO EventCustomer (eventID, customerID)
Values (50, 1001);
INSERT INTO EventCustomer (eventID, customerID)
Values (50, 1002);
INSERT INTO EventCustomer (eventID, customerID)
Values (50, 1030);
INSERT INTO EventCustomer (eventID, customerID)
Values (50, 1010);
INSERT INTO EventCustomer (eventID, customerID)
Values (50, 1011);

/* INSERT Statements For: Brand */
INSERT INTO Brand (brandID, brandName)
Values (200, 'Trek');
INSERT INTO Brand (brandID, brandName)
Values (210, 'Specialized');
INSERT INTO Brand (brandID, brandName)
Values (220, 'Giant');
INSERT INTO Brand (brandID, brandName)
Values (230, 'Bianchi');
INSERT INTO Brand (brandID, brandName)
Values (240, 'Cannondale');
INSERT INTO Brand (brandID, brandName)
Values (250, 'Cervelo');
INSERT INTO Brand (brandID, brandName)
Values (260, 'Fuji');
INSERT INTO Brand (brandID, brandName)
Values (270, 'Windsor');
INSERT INTO Brand (brandID, brandName)
Values (280, 'GT');
INSERT INTO Brand (brandID, brandName)
Values (290, 'GMC');
INSERT INTO Brand (brandID, brandName)
Values (300, 'Scott');
INSERT INTO Brand (brandID, brandName)
Values (310, 'BMC');
INSERT INTO Brand (brandID, brandName)
Values (320, 'Focus');
INSERT INTO Brand (brandID, brandName)
Values (330, 'De Rosa');
INSERT INTO Brand (brandID, brandName)
Values (340, 'Jamis');
INSERT INTO Brand (brandID, brandName)
Values (350, 'Pegorettie');
INSERT INTO Brand (brandID, brandName)
Values (360, 'Rose');
INSERT INTO Brand (brandID, brandName)
Values (370, 'Parlee');
INSERT INTO Brand (brandID, brandName)
Values (380, 'Devinci');



/* INSERT Statements For: BikeInventory */
INSERT INTO BikeInventory (bikeInventoryID, bikeSerialNum, bikeName, bikeSize, bikePrice, bikeColorScheme, bikeSpecDesc, bikePurchasedDate, bikeConditionID, bikeTypeID, locationID, customerID, brandID)
Values (5000, 585444158, 'Emonda', 52, 12809.98, 'Red and White', 'Carbon Fiber, Dura Ace 9010 Integrated brakes', 'In Stock', 100, 3, 1, NULL, 200);
INSERT INTO BikeInventory (bikeInventoryID, bikeSerialNum, bikeName, bikeSize, bikePrice, bikeColorScheme, bikeSpecDesc, bikePurchasedDate, bikeConditionID, bikeTypeID, locationID, customerID, brandID)
Values (5001, 585474158, 'Emonda', 54, 12809.98, 'Blue and White', 'Carbon Fiber, Dura Ace 9010 Integrated brakes', 'In Stock', 100, 3, 1, NULL, 200);
INSERT INTO BikeInventory (bikeInventoryID, bikeSerialNum, bikeName, bikeSize, bikePrice, bikeColorScheme, bikeSpecDesc, bikePurchasedDate, bikeConditionID, bikeTypeID, locationID, customerID, brandID)
Values (5002, 585504158, 'Emonda', 56, 12809.98, 'Blue and White', 'Carbon Fiber, Dura Ace 9010 Integrated brakes', 'In Stock', 100, 3, 1, NULL, 200);
INSERT INTO BikeInventory (bikeInventoryID, bikeSerialNum, bikeName, bikeSize, bikePrice, bikeColorScheme, bikeSpecDesc, bikePurchasedDate, bikeConditionID, bikeTypeID, locationID, customerID, brandID)
Values (5003, 585534158, 'Emonda', 58, 12809.98, 'Red and White', 'Carbon Fiber, Dura Ace 9010 Integrated brakes', 'In Stock', 100, 3, 1, NULL, 200);
INSERT INTO BikeInventory (bikeInventoryID, bikeSerialNum, bikeName, bikeSize, bikePrice, bikeColorScheme, bikeSpecDesc, bikePurchasedDate, bikeConditionID, bikeTypeID, locationID, customerID, brandID)
Values (5004, 585564158, 'Emonda', 60, 12809.98, 'Red and White', 'Carbon Fiber, Dura Ace 9010 Integrated brakes', 'In Stock', 100, 3, 1, NULL, 200);
INSERT INTO BikeInventory (bikeInventoryID, bikeSerialNum, bikeName, bikeSize, bikePrice, bikeColorScheme, bikeSpecDesc, bikePurchasedDate, bikeConditionID, bikeTypeID, locationID, customerID, brandID)
Values (5005, 585594158, 'Emonda', 62, 12809.98, 'Red and White', 'Carbon Fiber, Dura Ace 9010 Integrated brakes, Extra wide seat post', 'In Stock', 100, 3, 1, NULL, 200);
INSERT INTO BikeInventory (bikeInventoryID, bikeSerialNum, bikeName, bikeSize, bikePrice, bikeColorScheme, bikeSpecDesc, bikePurchasedDate, bikeConditionID, bikeTypeID, locationID, customerID, brandID)
Values (5006, 585624158, 'Madone', 52, 6000.98, 'All Black', 'Aluminum,  Integrated brakes, cardbon clipless pedals included', 'In Stock', 100, 3, 1, NULL, 200);
INSERT INTO BikeInventory (bikeInventoryID, bikeSerialNum, bikeName, bikeSize, bikePrice, bikeColorScheme, bikeSpecDesc, bikePurchasedDate, bikeConditionID, bikeTypeID, locationID, customerID, brandID)
Values (5007, 585654158, 'Madone', 56, 6000.98, 'Orange and Blue', 'Aluminum,  Integrated brakes, cardbon clipless pedals included', 'In Stock', 100, 3, 2, NULL, 200);
INSERT INTO BikeInventory (bikeInventoryID, bikeSerialNum, bikeName, bikeSize, bikePrice, bikeColorScheme, bikeSpecDesc, bikePurchasedDate, bikeConditionID, bikeTypeID, locationID, customerID, brandID)
Values (5008, 585684158, 'Madone', 58, 6000.98, 'Orange and Blue', 'Aluminum,  Integrated brakes, cardbon clipless pedals included', 'In Stock', 100, 3, 1, NULL, 200);
INSERT INTO BikeInventory (bikeInventoryID, bikeSerialNum, bikeName, bikeSize, bikePrice, bikeColorScheme, bikeSpecDesc, bikePurchasedDate, bikeConditionID, bikeTypeID, locationID, customerID, brandID)
Values (5009, 585714158, 'Madone', 60, 6000.98, 'Orange and Blue', 'Aluminum,  Integrated brakes, cardbon clipless pedals included', 'In Stock', 100, 3, 1, NULL, 200);
INSERT INTO BikeInventory (bikeInventoryID, bikeSerialNum, bikeName, bikeSize, bikePrice, bikeColorScheme, bikeSpecDesc, bikePurchasedDate, bikeConditionID, bikeTypeID, locationID, customerID, brandID)
Values (5010, 585744158, 'Madone', 62, 6000.98, 'Orange and Blue', 'Aluminum,  Integrated brakes, cardbon clipless pedals included', 'In Stock', 100, 3, 1, NULL, 200);
INSERT INTO BikeInventory (bikeInventoryID, bikeSerialNum, bikeName, bikeSize, bikePrice, bikeColorScheme, bikeSpecDesc, bikePurchasedDate, bikeConditionID, bikeTypeID, locationID, customerID, brandID)
Values (5011, 585774158, 'Madone', 52, 6100.98, 'Red and White', 'Aluminum,  Integrated brakes, cardbon clipless pedals included', '1/15/2015', 100, 3, 2, NULL, 200);
INSERT INTO BikeInventory (bikeInventoryID, bikeSerialNum, bikeName, bikeSize, bikePrice, bikeColorScheme, bikeSpecDesc, bikePurchasedDate, bikeConditionID, bikeTypeID, locationID, customerID, brandID)
Values (5012, 585804158, 'Madone', 56, 6100.98, 'Red and White', 'Aluminum,  Integrated brakes, cardbon clipless pedals included', '1/16/2015', 100, 3, 2, NULL, 200);
INSERT INTO BikeInventory (bikeInventoryID, bikeSerialNum, bikeName, bikeSize, bikePrice, bikeColorScheme, bikeSpecDesc, bikePurchasedDate, bikeConditionID, bikeTypeID, locationID, customerID, brandID)
Values (5013, 585834158, 'Madone', 58, 6100.98, 'All Grey', 'Aluminum,  Integrated brakes, cardbon clipless pedals included', '1/17/2015', 100, 3, 2, NULL, 200);
INSERT INTO BikeInventory (bikeInventoryID, bikeSerialNum, bikeName, bikeSize, bikePrice, bikeColorScheme, bikeSpecDesc, bikePurchasedDate, bikeConditionID, bikeTypeID, locationID, customerID, brandID)
Values (5014, 585864158, 'Madone', 60, 6100.98, 'All Grey', 'Aluminum,  Integrated brakes, cardbon clipless pedals included', '1/18/2015', 100, 3, 2, NULL, 200);
INSERT INTO BikeInventory (bikeInventoryID, bikeSerialNum, bikeName, bikeSize, bikePrice, bikeColorScheme, bikeSpecDesc, bikePurchasedDate, bikeConditionID, bikeTypeID, locationID, customerID, brandID)
Values (5015, 585894158, 'Madone', 62, 6100.98, 'All Grey', 'Aluminum,  Integrated brakes, cardbon clipless pedals included', 'In Stock', 100, 3, 2, NULL, 200);
INSERT INTO BikeInventory (bikeInventoryID, bikeSerialNum, bikeName, bikeSize, bikePrice, bikeColorScheme, bikeSpecDesc, bikePurchasedDate, bikeConditionID, bikeTypeID, locationID, customerID, brandID)
Values (5016, 585924158, 'SuperSix EVO Black Inc.', 56, 1200, 'Green and Black', 'carbon construction, BallisTec Carbon and offset dropouts', 'In Stock', 100, 3, 1, NULL, 240);
INSERT INTO BikeInventory (bikeInventoryID, bikeSerialNum, bikeName, bikeSize, bikePrice, bikeColorScheme, bikeSpecDesc, bikePurchasedDate, bikeConditionID, bikeTypeID, locationID, customerID, brandID)
Values (5017, 585954158, 'SuperSix EVO Black Inc.', 58, 1200, 'Green and Black', 'carbon construction, BallisTec Carbon and offset dropouts', 'In Stock', 100, 3, 1, NULL, 240);
INSERT INTO BikeInventory (bikeInventoryID, bikeSerialNum, bikeName, bikeSize, bikePrice, bikeColorScheme, bikeSpecDesc, bikePurchasedDate, bikeConditionID, bikeTypeID, locationID, customerID, brandID)
Values (5018, 585984158, 'SuperSix EVO Black Inc.', 60, 1200, 'Green and Black', 'carbon construction, BallisTec Carbon and offset dropouts', 'In Stock', 100, 3, 1, NULL, 240);
INSERT INTO BikeInventory (bikeInventoryID, bikeSerialNum, bikeName, bikeSize, bikePrice, bikeColorScheme, bikeSpecDesc, bikePurchasedDate, bikeConditionID, bikeTypeID, locationID, customerID, brandID)
Values (5019, 586014158, 'SuperSix EVO Black Inc.', 62, 1200, 'Green and Black', 'carbon construction, BallisTec Carbon and offset dropouts', 'In Stock', 100, 3, 2, NULL, 240);
INSERT INTO BikeInventory (bikeInventoryID, bikeSerialNum, bikeName, bikeSize, bikePrice, bikeColorScheme, bikeSpecDesc, bikePurchasedDate, bikeConditionID, bikeTypeID, locationID, customerID, brandID)
Values (5020, 586044158, 'CAAD8 Tiagra 6', 52, 1500, 'White and Blue', 'Aluminum, Shimano parts', 'In Stock', 100, 3, 1, NULL, 240);
INSERT INTO BikeInventory (bikeInventoryID, bikeSerialNum, bikeName, bikeSize, bikePrice, bikeColorScheme, bikeSpecDesc, bikePurchasedDate, bikeConditionID, bikeTypeID, locationID, customerID, brandID)
Values (5021, 586074158, 'CAAD8 Tiagra 6', 56, 1500, 'White and Blue', 'Aluminum, Shimano parts', 'In Stock', 100, 3, 1, NULL, 240);
INSERT INTO BikeInventory (bikeInventoryID, bikeSerialNum, bikeName, bikeSize, bikePrice, bikeColorScheme, bikeSpecDesc, bikePurchasedDate, bikeConditionID, bikeTypeID, locationID, customerID, brandID)
Values (5022, 586104158, 'CAAD8 Tiagra 6', 58, 1500, 'White and Blue', 'Aluminum, Shimano parts', 'In Stock', 100, 3, 1, NULL, 240);
INSERT INTO BikeInventory (bikeInventoryID, bikeSerialNum, bikeName, bikeSize, bikePrice, bikeColorScheme, bikeSpecDesc, bikePurchasedDate, bikeConditionID, bikeTypeID, locationID, customerID, brandID)
Values (5023, 586134158, 'CAAD8 Tiagra 6', 60, 1500, 'White and Blue', 'Aluminum, Shimano parts', 'In Stock', 100, 3, 1, NULL, 240);
INSERT INTO BikeInventory (bikeInventoryID, bikeSerialNum, bikeName, bikeSize, bikePrice, bikeColorScheme, bikeSpecDesc, bikePurchasedDate, bikeConditionID, bikeTypeID, locationID, customerID, brandID)
Values (5024, 586164158, 'CAAD8 Tiagra 6', 52, 1550, 'White and Orange', 'Aluminum, Shimano parts', 'In Stock', 100, 3, 3, NULL, 240);
INSERT INTO BikeInventory (bikeInventoryID, bikeSerialNum, bikeName, bikeSize, bikePrice, bikeColorScheme, bikeSpecDesc, bikePurchasedDate, bikeConditionID, bikeTypeID, locationID, customerID, brandID)
Values (5025, 586194158, 'CAAD8 Tiagra 6', 56, 1550, 'White and Orange', 'Aluminum, Shimano parts', 'In Stock', 100, 3, 3, NULL, 240);
INSERT INTO BikeInventory (bikeInventoryID, bikeSerialNum, bikeName, bikeSize, bikePrice, bikeColorScheme, bikeSpecDesc, bikePurchasedDate, bikeConditionID, bikeTypeID, locationID, customerID, brandID)
Values (5026, 586224158, 'CAAD8 Tiagra 6', 58, 1550, 'White and Orange', 'Aluminum, Shimano parts', 'In Stock', 100, 3, 3, NULL, 240);
INSERT INTO BikeInventory (bikeInventoryID, bikeSerialNum, bikeName, bikeSize, bikePrice, bikeColorScheme, bikeSpecDesc, bikePurchasedDate, bikeConditionID, bikeTypeID, locationID, customerID, brandID)
Values (5027, 586254158, 'CAAD8 Tiagra 6', 60, 1550, 'White and Orange', 'Aluminum, Shimano parts', 'In Stock', 100, 3, 3, NULL, 240);
INSERT INTO BikeInventory (bikeInventoryID, bikeSerialNum, bikeName, bikeSize, bikePrice, bikeColorScheme, bikeSpecDesc, bikePurchasedDate, bikeConditionID, bikeTypeID, locationID, customerID, brandID)
Values (5028, 586284158, 'CAAD8 Tiagra 6', 52, 1560, 'White and Green', 'Aluminum, Shimano parts', 'In Stock', 100, 3, 3, NULL, 240);
INSERT INTO BikeInventory (bikeInventoryID, bikeSerialNum, bikeName, bikeSize, bikePrice, bikeColorScheme, bikeSpecDesc, bikePurchasedDate, bikeConditionID, bikeTypeID, locationID, customerID, brandID)
Values (5029, 586314158, 'CAAD8 Tiagra 6', 56, 1560, 'White and Green', 'Aluminum, Shimano parts', 'In Stock', 100, 3, 3, NULL, 240);
INSERT INTO BikeInventory (bikeInventoryID, bikeSerialNum, bikeName, bikeSize, bikePrice, bikeColorScheme, bikeSpecDesc, bikePurchasedDate, bikeConditionID, bikeTypeID, locationID, customerID, brandID)
Values (5030, 586344158, 'CAAD8 Tiagra 6', 58, 1550, 'White and Green', 'Aluminum, Shimano parts', 'In Stock', 100, 3, 3, NULL, 240);
INSERT INTO BikeInventory (bikeInventoryID, bikeSerialNum, bikeName, bikeSize, bikePrice, bikeColorScheme, bikeSpecDesc, bikePurchasedDate, bikeConditionID, bikeTypeID, locationID, customerID, brandID)
Values (5031, 586374158, 'CAAD8 Tiagra 6', 60, 1550, 'White and Green', 'Aluminum, Shimano parts', 'In Stock', 100, 3, 3, NULL, 240);
INSERT INTO BikeInventory (bikeInventoryID, bikeSerialNum, bikeName, bikeSize, bikePrice, bikeColorScheme, bikeSpecDesc, bikePurchasedDate, bikeConditionID, bikeTypeID, locationID, customerID, brandID)
Values (5032, 586404158, 'CAAD8 Tiagra 6', 52, 1550, 'White and Green', 'Aluminum, Shimano parts', 'In Stock', 100, 3, 3, NULL, 240);
INSERT INTO BikeInventory (bikeInventoryID, bikeSerialNum, bikeName, bikeSize, bikePrice, bikeColorScheme, bikeSpecDesc, bikePurchasedDate, bikeConditionID, bikeTypeID, locationID, customerID, brandID)
Values (5033, 586434158, 'CAAD8 Tiagra 6', 56, 1550, 'White and Green', 'Aluminum, Shimano parts', 'In Stock', 100, 3, 3, NULL, 240);
INSERT INTO BikeInventory (bikeInventoryID, bikeSerialNum, bikeName, bikeSize, bikePrice, bikeColorScheme, bikeSpecDesc, bikePurchasedDate, bikeConditionID, bikeTypeID, locationID, customerID, brandID)
Values (5034, 586464158, 'CAAD8 Tiagra 6', 58, 750, 'White and Green', 'Aluminum, Shimano parts', 'In Stock', 200, 3, 3, NULL, 240);
INSERT INTO BikeInventory (bikeInventoryID, bikeSerialNum, bikeName, bikeSize, bikePrice, bikeColorScheme, bikeSpecDesc, bikePurchasedDate, bikeConditionID, bikeTypeID, locationID, customerID, brandID)
Values (5035, 586494158, 'CAAD8 Tiagra 6', 60, 750, 'White and Green', 'Aluminum, Shimano parts', '1/18/2015', 200, 3, 3, NULL, 240);
INSERT INTO BikeInventory (bikeInventoryID, bikeSerialNum, bikeName, bikeSize, bikePrice, bikeColorScheme, bikeSpecDesc, bikePurchasedDate, bikeConditionID, bikeTypeID, locationID, customerID, brandID)
Values (5036, 586524158, 'Bristol ', 58, NULL, 'White and Blue', 'Aluminum Frame', 'In Stock', 300, 3, 1, 1000, 270);
INSERT INTO BikeInventory (bikeInventoryID, bikeSerialNum, bikeName, bikeSize, bikePrice, bikeColorScheme, bikeSpecDesc, bikePurchasedDate, bikeConditionID, bikeTypeID, locationID, customerID, brandID)
Values (5037, 586554158, 'Jekyll3 ', 52, 1400, 'White and Red', 'Reenforced Shocks', 'In Stock', 100, 1, 1, NULL, 240);
INSERT INTO BikeInventory (bikeInventoryID, bikeSerialNum, bikeName, bikeSize, bikePrice, bikeColorScheme, bikeSpecDesc, bikePurchasedDate, bikeConditionID, bikeTypeID, locationID, customerID, brandID)
Values (5038, 586584158, 'Jekyll3 ', 56, 1400, 'White and Red', 'Reenforced Shocks', 'In Stock', 100, 1, 1, NULL, 240);
INSERT INTO BikeInventory (bikeInventoryID, bikeSerialNum, bikeName, bikeSize, bikePrice, bikeColorScheme, bikeSpecDesc, bikePurchasedDate, bikeConditionID, bikeTypeID, locationID, customerID, brandID)
Values (5039, 586614158, 'Jekyll3 ', 58, 1400, 'White and Red', 'Reenforced Shocks', 'In Stock', 100, 1, 1, NULL, 240);
INSERT INTO BikeInventory (bikeInventoryID, bikeSerialNum, bikeName, bikeSize, bikePrice, bikeColorScheme, bikeSpecDesc, bikePurchasedDate, bikeConditionID, bikeTypeID, locationID, customerID, brandID)
Values (5040, 586644158, 'Jekyll3 ', 60, 1400, 'White and Blue', 'Reenforced Shocks', 'In Stock', 100, 1, 1, NULL, 240);
INSERT INTO BikeInventory (bikeInventoryID, bikeSerialNum, bikeName, bikeSize, bikePrice, bikeColorScheme, bikeSpecDesc, bikePurchasedDate, bikeConditionID, bikeTypeID, locationID, customerID, brandID)
Values (5041, 586674158, 'Trigger Carbon Black INC.', 52, 1700, 'Black and Green', 'SRAM X7 quality Shifters', 'In Stock', 100, 1, 1, NULL, 240);
INSERT INTO BikeInventory (bikeInventoryID, bikeSerialNum, bikeName, bikeSize, bikePrice, bikeColorScheme, bikeSpecDesc, bikePurchasedDate, bikeConditionID, bikeTypeID, locationID, customerID, brandID)
Values (5042, 586704158, 'Trigger Carbon Black INC.', 54, 1700, 'Black and Green', 'SRAM X7 quality Shifters', 'In Stock', 100, 1, 1, NULL, 240);
INSERT INTO BikeInventory (bikeInventoryID, bikeSerialNum, bikeName, bikeSize, bikePrice, bikeColorScheme, bikeSpecDesc, bikePurchasedDate, bikeConditionID, bikeTypeID, locationID, customerID, brandID)
Values (5043, 586734158, 'Trigger Carbon Black INC.', 56, 1700, 'Black and Green', 'SRAM X7 quality Shifters', 'In Stock', 100, 1, 1, NULL, 240);
INSERT INTO BikeInventory (bikeInventoryID, bikeSerialNum, bikeName, bikeSize, bikePrice, bikeColorScheme, bikeSpecDesc, bikePurchasedDate, bikeConditionID, bikeTypeID, locationID, customerID, brandID)
Values (5044, 586764158, 'Trigger Carbon Black INC.', 58, 1700, 'Black and Green', 'SRAM X7 quality Shifters', 'In Stock', 100, 1, 1, NULL, 240);
INSERT INTO BikeInventory (bikeInventoryID, bikeSerialNum, bikeName, bikeSize, bikePrice, bikeColorScheme, bikeSpecDesc, bikePurchasedDate, bikeConditionID, bikeTypeID, locationID, customerID, brandID)
Values (5045, 586794158, 'Trigger Carbon Black INC.', 60, 1700, 'Black and Green', 'SRAM X7 quality Shifters', 'In Stock', 100, 1, 1, NULL, 240);
INSERT INTO BikeInventory (bikeInventoryID, bikeSerialNum, bikeName, bikeSize, bikePrice, bikeColorScheme, bikeSpecDesc, bikePurchasedDate, bikeConditionID, bikeTypeID, locationID, customerID, brandID)
Values (5046, 586824158, 'Trigger Carbon Black INC.', 62, 1700, 'Black and Green', 'SRAM X7 quality Shifters', 'In Stock', 100, 1, 1, NULL, 240);
INSERT INTO BikeInventory (bikeInventoryID, bikeSerialNum, bikeName, bikeSize, bikePrice, bikeColorScheme, bikeSpecDesc, bikePurchasedDate, bikeConditionID, bikeTypeID, locationID, customerID, brandID)
Values (5047, 586854158, 'Scalpel 29 Carbon', 55, 2200, 'Black and Orange', 'SRAM X7 quality Shifters', 'In Stock', 100, 1, 1, NULL, 240);
INSERT INTO BikeInventory (bikeInventoryID, bikeSerialNum, bikeName, bikeSize, bikePrice, bikeColorScheme, bikeSpecDesc, bikePurchasedDate, bikeConditionID, bikeTypeID, locationID, customerID, brandID)
Values (5048, 586884158, 'Scalpel 29 Carbon', 57, 2200, 'Black and Orange', 'SRAM X7 quality Shifters', 'In Stock', 100, 1, 1, NULL, 240);
INSERT INTO BikeInventory (bikeInventoryID, bikeSerialNum, bikeName, bikeSize, bikePrice, bikeColorScheme, bikeSpecDesc, bikePurchasedDate, bikeConditionID, bikeTypeID, locationID, customerID, brandID)
Values (5049, 586914158, 'Trigger Carbon Black INC.', 52, 1800, 'Black and Green', 'SRAM X7 quality Shifters', '2/2/2015', 100, 1, 2, 1001, 240);
INSERT INTO BikeInventory (bikeInventoryID, bikeSerialNum, bikeName, bikeSize, bikePrice, bikeColorScheme, bikeSpecDesc, bikePurchasedDate, bikeConditionID, bikeTypeID, locationID, customerID, brandID)
Values (5050, 586944158, 'Trigger Carbon Black INC.', 54, 1800, 'Black and Green', 'SRAM X7 quality Shifters', '2/13/2015', 100, 1, 2, 1002, 240);
INSERT INTO BikeInventory (bikeInventoryID, bikeSerialNum, bikeName, bikeSize, bikePrice, bikeColorScheme, bikeSpecDesc, bikePurchasedDate, bikeConditionID, bikeTypeID, locationID, customerID, brandID)
Values (5051, 586974158, 'Trigger Carbon Black INC.', 56, 1800, 'Black and Green', 'SRAM X7 quality Shifters', '2/14/2015', 100, 1, 2, 1003, 240);
INSERT INTO BikeInventory (bikeInventoryID, bikeSerialNum, bikeName, bikeSize, bikePrice, bikeColorScheme, bikeSpecDesc, bikePurchasedDate, bikeConditionID, bikeTypeID, locationID, customerID, brandID)
Values (5052, 587004158, 'Trigger Carbon Black INC.', 58, 1800, 'Black and Green', 'SRAM X7 quality Shifters', '1/5/2015', 100, 1, 2, 1004, 240);
INSERT INTO BikeInventory (bikeInventoryID, bikeSerialNum, bikeName, bikeSize, bikePrice, bikeColorScheme, bikeSpecDesc, bikePurchasedDate, bikeConditionID, bikeTypeID, locationID, customerID, brandID)
Values (5053, 587034158, 'Trigger Carbon Black INC.', 60, 1800, 'Black and Green', 'SRAM X7 quality Shifters', '1/6/2015', 100, 1, 2, 1005, 240);
INSERT INTO BikeInventory (bikeInventoryID, bikeSerialNum, bikeName, bikeSize, bikePrice, bikeColorScheme, bikeSpecDesc, bikePurchasedDate, bikeConditionID, bikeTypeID, locationID, customerID, brandID)
Values (5054, 587064158, 'Trigger Carbon Black INC.', 62, 2100, 'Black and Green', 'SRAM X7 quality Shifters', '1/7/2015', 100, 1, 2, 1006, 240);
INSERT INTO BikeInventory (bikeInventoryID, bikeSerialNum, bikeName, bikeSize, bikePrice, bikeColorScheme, bikeSpecDesc, bikePurchasedDate, bikeConditionID, bikeTypeID, locationID, customerID, brandID)
Values (5055, 587094158, 'Scalpel 29 Carbon', 55, 2100, 'Black and Orange', 'SRAM X7 quality Shifters', '1/18/2015', 100, 1, 2, 1007, 240);
INSERT INTO BikeInventory (bikeInventoryID, bikeSerialNum, bikeName, bikeSize, bikePrice, bikeColorScheme, bikeSpecDesc, bikePurchasedDate, bikeConditionID, bikeTypeID, locationID, customerID, brandID)
Values (5056, 587124158, 'Tarmac', 56, NULL, 'Green and Blue', NULL, NULL, 300, 1, 1, 1002, 210);
INSERT INTO BikeInventory (bikeInventoryID, bikeSerialNum, bikeName, bikeSize, bikePrice, bikeColorScheme, bikeSpecDesc, bikePurchasedDate, bikeConditionID, bikeTypeID, locationID, customerID, brandID)
Values (5057, 587154158, 'Allez', 56, NULL, 'Pink and White, Red chain stays', NULL, NULL, 300, 1, 1, 1002, 210);
INSERT INTO BikeInventory (bikeInventoryID, bikeSerialNum, bikeName, bikeSize, bikePrice, bikeColorScheme, bikeSpecDesc, bikePurchasedDate, bikeConditionID, bikeTypeID, locationID, customerID, brandID)
Values (5058, 587184158, 'Venge', 56, NULL, 'Black', NULL, NULL, 300, 1, 1, 1002, 210);
INSERT INTO BikeInventory (bikeInventoryID, bikeSerialNum, bikeName, bikeSize, bikePrice, bikeColorScheme, bikeSpecDesc, bikePurchasedDate, bikeConditionID, bikeTypeID, locationID, customerID, brandID)
Values (5059, 587214158, 'Roubaix', 58, NULL, 'White and Red', NULL, NULL, 300, 1, 2, 1003, 210);
INSERT INTO BikeInventory (bikeInventoryID, bikeSerialNum, bikeName, bikeSize, bikePrice, bikeColorScheme, bikeSpecDesc, bikePurchasedDate, bikeConditionID, bikeTypeID, locationID, customerID, brandID)
Values (5060, 587244158, 'Secteur', 58, NULL, 'White and Red', NULL, NULL, 300, 1, 2, 1003, 210);
INSERT INTO BikeInventory (bikeInventoryID, bikeSerialNum, bikeName, bikeSize, bikePrice, bikeColorScheme, bikeSpecDesc, bikePurchasedDate, bikeConditionID, bikeTypeID, locationID, customerID, brandID)
Values (5061, 587274158, 'Awol', 54, NULL, 'White and Red', NULL, NULL, 300, 1, 2, 1003, 210);
INSERT INTO BikeInventory (bikeInventoryID, bikeSerialNum, bikeName, bikeSize, bikePrice, bikeColorScheme, bikeSpecDesc, bikePurchasedDate, bikeConditionID, bikeTypeID, locationID, customerID, brandID)
Values (5062, 587304158, 'Awol', 55, NULL, 'Yellow and Black', NULL, NULL, 300, 1, 2, 1003, 210);
INSERT INTO BikeInventory (bikeInventoryID, bikeSerialNum, bikeName, bikeSize, bikePrice, bikeColorScheme, bikeSpecDesc, bikePurchasedDate, bikeConditionID, bikeTypeID, locationID, customerID, brandID)
Values (5063, 587334158, 'Allez', 55, NULL, 'Black and Orange', NULL, NULL, 300, 1, 2, 1003, 210);


/* INSERT Statements For: BikeInventoryService */
INSERT INTO BikeInventoryService (bikeInventoryID, serviceID, empID, bikeEntryDate, serviceNote, serviceStatusID)
Values (5036, 1, 13, '1/18/15 10:00', NULL, 4);
INSERT INTO BikeInventoryService (bikeInventoryID, serviceID, empID, bikeEntryDate, serviceNote, serviceStatusID)
Values (5036, 7, 13, '2/19/15 10:00', 'Brakes may need replacement', 4);
INSERT INTO BikeInventoryService (bikeInventoryID, serviceID, empID, bikeEntryDate, serviceNote, serviceStatusID)
Values (5056, 3, 25, '1/20/15 13:00', NULL, 4);
INSERT INTO BikeInventoryService (bikeInventoryID, serviceID, empID, bikeEntryDate, serviceNote, serviceStatusID)
Values (5057, 4, 25, '1/21/15 15:00', NULL, 4);
INSERT INTO BikeInventoryService (bikeInventoryID, serviceID, empID, bikeEntryDate, serviceNote, serviceStatusID)
Values (5058, 6, 25, '1/22/15 17:00', NULL, 4);
INSERT INTO BikeInventoryService (bikeInventoryID, serviceID, empID, bikeEntryDate, serviceNote, serviceStatusID)
Values (5059, 6, 26, '1/23/15 17:00', NULL, 4);
INSERT INTO BikeInventoryService (bikeInventoryID, serviceID, empID, bikeEntryDate, serviceNote, serviceStatusID)
Values (5060, 1, 26, '1/24/15 17:00', NULL, 4);
INSERT INTO BikeInventoryService (bikeInventoryID, serviceID, empID, bikeEntryDate, serviceNote, serviceStatusID)
Values (5061, 7, 26, '1/25/15 17:00', 'New set of brakes needed', 4);
INSERT INTO BikeInventoryService (bikeInventoryID, serviceID, empID, bikeEntryDate, serviceNote, serviceStatusID)
Values (5062, 7, 26, '1/26/15 17:30', NULL, 4);
INSERT INTO BikeInventoryService (bikeInventoryID, serviceID, empID, bikeEntryDate, serviceNote, serviceStatusID)
Values (5062, 7, 26, '1/27/15 10:00', NULL, 4);